ID,Name,Proponent,Project Type,AFOLU Activities,Methodology,Status,Country/Area,Estimated Annual Emission Reductions,Region,Project Registration Date,Crediting Period Start Date,Crediting Period End Date
5871,"Biogas Plant at Gujjar Colony, Lahore",Punjab Power Development Company Limited (PPDCL),Energy industries (renewable/non-renewable sources); Waste handling and disposal,,AMS-I.C.; AMS-III.D.,Under validation,Pakistan,"39,186",Asia,,2026-01-01,2035-12-31
5860,Ningxia Junfeng Siguquan Coal Mine Well No.2 CMM Heating Project,"Ningxia Junfeng New Energy Technology Co., Ltd.",Energy industries (renewable/non-renewable sources); Mining/mineral production,,ACM0008,Under validation,China,"111,399",Asia,,2024-10-08,2034-10-07
5851,10.2MW Nam Yeim Hydro Power Project,SINGAPORE TREASURE CARBON TECH PTE. LTD.,Energy industries (renewable/non-renewable sources),,AMS-I.D.,Under development,Lao,"22,841",,,2026-03-01,2036-02-29
5850,NAM KAIO HYDRO POWER PROJECT,SINGAPORE TREASURE CARBON TECH PTE. LTD.,Energy industries (renewable/non-renewable sources),,AMS-I.D.,Under development,Lao,"24,080",,,,
5822,Mwenga Hydro Power Project,Rift Valley Energy Tanzania Ltd.,Energy industries (renewable/non-renewable sources),,AMS-I.F.,Under validation,Tanzania,"10,695",Africa,,2020-01-30,2027-01-29
5785,Scaw Rooftop Solar PV Grouped Project,Scaw South Africa (Pty) Limited,Energy industries (renewable/non-renewable sources),,AMS-I.F.,Under development,South Africa,"9,631",Africa,,2025-01-13,2032-01-12
5775,Hedmenn Strauss Solar PV Grouped Project,Hedmenn Strauss (Pty) Ltd.,Energy industries (renewable/non-renewable sources),,AMS-I.F.,Under development,South Africa,"12,078",Africa,,2025-01-09,2032-01-08
5757,Grouped Solar Lamp distribution project in Africa#1,Multiple Proponents,Energy industries (renewable/non-renewable sources),,AMS-III.AR,Under development,Ethiopia,"37,234",Africa,,2024-03-14,2031-03-13
5753,CARBON DISCLOSURE SA SOLAR PV GROUPED PROJECT 2,Carbon Disclosure South Africa (Pty) Ltd,Energy industries (renewable/non-renewable sources),,AMS-III.F.,Under development,South Africa,"9,200",Africa,,2025-01-01,2031-12-31
5737,Beypi Poultry Waste to Energy Project,Multiple Proponents,Energy industries (renewable/non-renewable sources),,AMS-I.C.,Under development,Turkey,"26,019",Asia,,2025-10-01,2032-09-30
5686,Shanxi Lvliang Junliu CMM Power Generation Project,"Shanxi Junliu New Energy Technology Co., Ltd.",Energy industries (renewable/non-renewable sources); Mining/mineral production,,ACM0008,Registration and verification approval requested,China,"228,930",Asia,,2024-03-27,2034-03-26
5630,iKapa Solar PV and BESS 240 MWp Project,Multiple Proponents,Energy industries (renewable/non-renewable sources),,ACM0002,Under development,South Africa,"412,753",Africa,,,
5621,FirstSolar Programme,FirstRand Bank Limited,Energy industries (renewable/non-renewable sources),,AMS-I.F.,Registration requested,South Africa,137,Africa,,2023-09-09,2030-09-08
5619,Broadreach Yield Solar PV Grouped Project,Broadreach Yield Pty Ltd,Energy industries (renewable/non-renewable sources),,AMS-I.F.,Registration requested,South Africa,"7,666",,,2023-06-13,2030-06-12
5609,Grouped rooftop project by GVG Group of Companies,GVG Paper Mills Pvt Ltd,Energy industries (renewable/non-renewable sources),,AMS-I.F.,Registration requested,India,"3,262",Asia,,2023-09-27,2030-09-26
5606,Abu Minqar Solar PV Projects,Multiple Proponents,Energy industries (renewable/non-renewable sources),,AMS-I.F.,Registration requested,Egypt,"5,162",Africa,,2023-10-01,2030-09-30
5596,Decentral Energy Group Project,Fuel Switch SA (Pty) Ltd,Energy industries (renewable/non-renewable sources),,AMS-I.F.,Under validation,South Africa,"28,500",Africa,,2024-01-01,2030-12-31
5597,Fuel Switch Open Call: Accelerating Access to Clean Energy,Fuel Switch SA (Pty) Ltd,Energy industries (renewable/non-renewable sources),,AMS-I.F.,Under validation,South Africa,"50,000",Africa,,2023-09-01,2030-08-31
5577,Bundled Rooftop Solar Power Project by SJLT group,SJLT Textiles Private Limited,Energy industries (renewable/non-renewable sources),,AMS-I.F.,Registered,India,"13,688",Asia,2026-03-23,2023-09-25,2030-09-24
5551,HeShan MSW Incineration and Power Generation,"Public Energy Technology (Heshan) Co., Ltd.",Energy industries (renewable/non-renewable sources); Waste handling and disposal,,ACM0022,Under validation,China,"60,416",Asia,,2024-05-28,2031-05-27
5542,MALAYSIA GROUPED BIOMASS WASTE RECOVERY AND UTILIZATION PROJECT,Climate Quest Sdn  Bhd,Energy industries (renewable/non-renewable sources); Waste handling and disposal,,ACM0006; AMS-III.E.,Registration and verification approval requested,Malaysia,"76,340",Asia,,2023-11-01,2033-10-31
5539,Waste 2 Energy,M/S WASTE RESOURCE MANAGEMENT PRIVATE LIMITED,Energy industries (renewable/non-renewable sources),,ACM0017,Under validation,India,"65,194",Asia,,2025-04-01,2032-03-31
5536,Decarb.earth RSA Solar,Multiple Proponents,Energy industries (renewable/non-renewable sources),,AMS-I.F.,Under validation,South Africa,"50,000",Africa,,2023-07-01,2030-06-30
5530,TAISHAN MSW INCINERATION AND POWER GENERATION,"Public Energy Investment(Taishan) Co., Ltd.",Energy industries (renewable/non-renewable sources); Waste handling and disposal,,ACM0022,Under validation,China,"178,378",Asia,,2024-04-17,2031-04-16
5488,Scatec RMI Hybrid Cluster,Multiple Proponents,Energy industries (renewable/non-renewable sources),,ACM0002,Registered,South Africa,"900,000",Africa,2025-12-23,2023-11-19,2033-11-18
5470,Guizhou Jinsha Changxing CMM Power Generation Project,"Jinsha Yonder Southwest New Energy Development Co., Ltd.",Energy industries (renewable/non-renewable sources); Mining/mineral production,,ACM0008,Registered,China,"161,826",Asia,2026-03-20,2023-12-05,2033-12-04
5467,Shanxi Xiangning Detong CMM Power Generation Project,"Xiangning County Jiayuan CBM utilization Co., Ltd",Energy industries (renewable/non-renewable sources); Mining/mineral production,,ACM0008,Under validation,China,"162,770",Asia,,2024-08-10,2034-08-09
5468,Shanxi Yangcheng Huanglian CMM Power Generation Project,"Yangcheng County Jingde CBM power generation Co., Ltd",Energy industries (renewable/non-renewable sources); Mining/mineral production,,ACM0008,Registration and verification approval requested,China,"143,835",Asia,,2023-11-14,2033-11-13
5452,600 MW Monsoon Wind Power Project,Monsoon Wind Power Company Limited,Energy industries (renewable/non-renewable sources),,ACM0002,Under validation,Lao,"1,347,847",Asia,,2025-03-31,2032-03-30
5444,Solareff Rooftop PV Project,Multiple Proponents,Energy industries (renewable/non-renewable sources),,AMS-I.F.,Registration requested,South Africa,"67,936",Africa,,2023-07-01,2030-06-30
5441,OYU - Powering South African SMEs with Clean Energy,OYU Green Private Limited,Energy industries (renewable/non-renewable sources),,AMS-I.F.,Under validation,South Africa,"84,130",,,2024-03-01,2031-02-28
5434,GHG EMISSIONS REDUCTION THROUGH THE EXPANSION OF DUFERCO MOBILITY’S EV CHARGING STATION NETWORK,Duferco Mobility Srl,Energy industries (renewable/non-renewable sources); Transport,,VM0038,Registration requested,Italy,"8,104",Europe,,2024-10-11,2034-10-10
5423,"Small scale grouped hydropower project by Phongsubthavy Group Sole Co., Ltd","Phongsubthavy Group Sole Co., Ltd",Energy industries (renewable/non-renewable sources),,AMS-I.D.,Registration requested,Lao,"20,615",Asia,,2025-10-01,2032-09-30
5408,Tongyi CMM Power Generation Project,"Pingding County Yonder Coal Mine Methane Utilization Co., Ltd",Energy industries (renewable/non-renewable sources); Mining/mineral production,,ACM0008,Registered,China,"172,393",Asia,2026-02-24,2024-09-14,2034-09-13
5410,Zhangcun CMM Power Generation Project,"Xiangyuan County Yonder Coal Mine Methane Utilization Co., Ltd",Energy industries (renewable/non-renewable sources); Mining/mineral production,,ACM0008,Registered,China,"142,670",Asia,2026-01-09,2024-04-20,2034-04-19
5411,Wulihou CMM Power Generation Project,"Zuoquan County Yonder Coal Mine Methane Utilization Co., Ltd",Energy industries (renewable/non-renewable sources); Mining/mineral production,,ACM0008,Registered,China,"101,057",Asia,2026-02-19,2024-09-25,2034-09-24
5381,Alien Energy Biomass Waste to Energy Project,Multiple Proponents,Energy industries (renewable/non-renewable sources),,AMS-I.C.,Under development,South Africa,"106,535",Africa,,2023-10-01,2030-09-30
5373,Solar Light for Rural Kenya,Multiple Proponents,Energy industries (renewable/non-renewable sources),,AMS-I.L.,Registered,Kenya,"41,968",Africa,2026-01-13,2023-04-01,2030-03-31
5367,Fuel Switch Group Project: Accelerating Access to Clean Energy,Fuel Switch SA (Pty) Ltd,Energy industries (renewable/non-renewable sources),,AMS-I.F.,Under validation,South Africa,"28,500",Africa,,2023-08-07,2033-08-06
5344,Ejin Horo Banner MSW Landfill Biogas Pollution Control and Comprehensive Utilization Project,"Henan BCCY Environmental Energy CO.,LTD.",Energy industries (renewable/non-renewable sources); Waste handling and disposal,,AMS-I.D.; AMS-III.G.,Under validation,China,"42,936",Asia,,2023-12-09,2033-12-08
5340,YANGMEI XIN DA DI 16MW CMM POWER GENERATION PROJECT,"Heshun County Yanyan Power Generation Co., Ltd.",Energy industries (renewable/non-renewable sources); Mining/mineral production,,ACM0008,Registered,China,"483,707",Asia,2026-03-25,2023-04-20,2033-04-19
5337,De Aar Hydra Storage,Multiple Proponents,Energy industries (renewable/non-renewable sources),,ACM0002,Registered,South Africa,"418,587",Africa,2026-01-26,2025-09-30,2032-09-29
5313,Lichuan City Domestic Waste Landfill Site Biogas Pollution Treatment and Comprehensive Utilization Project,"Henan BCCY Environmental Energy CO.,LTD.",Energy industries (renewable/non-renewable sources); Waste handling and disposal,,AMS-I.D.; AMS-III.G.,Registered,China,"45,669",,2025-12-18,2024-09-05,2034-09-04
5312,Oya Hybrid Project,Multiple Proponents,Energy industries (renewable/non-renewable sources),,ACM0002,Registered,South Africa,"475,000",Africa,2026-02-27,2025-10-01,2032-09-30
5277,"Taishan BCCY New Energy Co., Ltd Taishan Xiadoukeng 5MW Biogas Power Generation Project","Henan BCCY Environmental Energy CO.,LTD.",Energy industries (renewable/non-renewable sources); Waste handling and disposal,,ACM0001,Registered,China,"96,122",Asia,2025-12-15,2023-02-01,2033-01-31
5279,QK Solar PV Grouped Project,Multiple Proponents,Energy industries (renewable/non-renewable sources),,AMS-I.F.,Under validation,South Africa,"12,262",Africa,,2023-01-19,2030-01-18
5274,Sinan County domestic waste landfill biogas pollution control and comprehensive utilization project,"Henan BCCY Environmental Energy CO.,LTD.",Energy industries (renewable/non-renewable sources); Waste handling and disposal,,AMS-I.D.; AMS-III.G.,Under validation,China,"37,961",Asia,,2024-01-16,2034-01-15
5272,Umoyilanga Hybrid Project,Multiple Proponents,Energy industries (renewable/non-renewable sources),,ACM0002,Registered,South Africa,"369,232",Africa,2026-01-26,2025-10-15,2032-10-14
5270,Primary Carbon Solar PV Grouped Project,Primary Carbon,Energy industries (renewable/non-renewable sources),,AMS-I.F.,Under validation,South Africa,"3,322",Africa,,2023-09-01,2033-08-31
5264,Yunfu LFG Power Generation Project,Multiple Proponents,Energy industries (renewable/non-renewable sources); Waste handling and disposal,,ACM0001,Registered,China,"47,759",,2025-04-07,2022-12-17,2032-12-16
5214,Pingjiang County Domestic Waste Harmless Landfill Site LFG Utilization Project,"Henan BCCY Environmental Energy CO.,LTD.",Energy industries (renewable/non-renewable sources); Waste handling and disposal,,ACM0001,Registered,China,"60,882",,2025-03-16,2023-03-21,2033-03-20
5199,Marmota EV Charging Carbon Offset Program (MEVCCOP),Marmota Solutions Incorporated,Energy industries (renewable/non-renewable sources); Transport,,VM0038,Registered,Canada,"16,691",North America,2025-09-07,2022-12-09,2029-12-08
5167,Bundled Rooftop Solar Power Project by SPPL 02,Multiple Proponents,Energy industries (renewable/non-renewable sources),,AMS-I.F.,Under validation,India,"15,872",Asia,,2023-09-15,2030-09-14
5149,Huangtupo CMM Power Generation Project,"Qinyuan County Hetong Comprehensive Energy Service Co., Ltd.",Energy industries (renewable/non-renewable sources); Mining/mineral production,,ACM0008,Registered,China,"178,339",Asia,2025-03-05,2023-03-19,2033-03-18
5146,Redstone CSP project,Multiple Proponents,Energy industries (renewable/non-renewable sources),,ACM0002,Registered,South Africa,"478,316",Africa,2026-01-26,2024-11-30,2031-11-29
5143,KARAGANDA LANDFILL GAS (LFG) CAPTURE AND UTILIZATION PROJECT,Linkpower s.r.o.,Energy industries (renewable/non-renewable sources),,ACM0001,Under validation,Kazakhstan,"93,973",,,2022-12-01,2032-11-30
5135,Guizhou Bijie Yuxing CMM Power Generation Project,"Bijie Yicheng New Energy Technology Co., Ltd",Energy industries (renewable/non-renewable sources); Mining/mineral production,,ACM0008,Registered,China,"1,104,137",Asia,2025-07-04,2023-05-08,2033-05-07
5132,Omnia Solar PV Group Project,Omnia Group (Pty) Ltd,Energy industries (renewable/non-renewable sources),,ACM0002,Registration and verification approval request denied,South Africa,"33,513",Africa,,2022-11-03,2029-11-02
5113,OYU - Powering Kenyan SMEs with Clean Energy,OYU Green Private Limited,Energy industries (renewable/non-renewable sources),,AMS-I.F.,Under validation,Kenya,"20,201",Africa,,2022-08-01,2029-07-31
5104,Clean & Sustainable Household Biogas Program for farmers in India by Amul,Kaira District Co-operative Milk Producers Union Limited,"Energy industries (renewable/non-renewable sources); Livestock, enteric fermentation, and manure management",,AMS-I.E.; AMS-III.D.,Registered,India,"4,039",Asia,2025-06-05,2022-10-01,2029-09-30
5102,FX Group Biomass to Energy Project,Multiple Proponents,Energy industries (renewable/non-renewable sources),,AMS-I.D.; AMS-I.F.,Registration requested,South Africa,"14,761",Africa,,2022-10-12,2032-10-11
5097,Yunnan Zhenxiong Zhujiawan CMM Power Generation Project,"Zhenxiong Yonder New Energy Development Co., Ltd",Energy industries (renewable/non-renewable sources); Mining/mineral production,,ACM0008,Registered,China,"243,530",Asia,2025-11-20,2023-05-13,2033-05-12
5098,Grouped Solar Power Plant Project of Bestway Cement Ltd.,Project Team ATR Inc.,Energy industries (renewable/non-renewable sources),,AMS-I.F.,Under validation,Pakistan,"42,272",Asia,,2022-10-01,2032-09-30
5095,Helios Energía Limpia project: Biogas production from industrial waste,HELIOS ENERGIA LIMPIA S.A.,Energy industries (renewable/non-renewable sources),,AMS-I.D.,Registration requested,Argentina,"1,876",Latin America,,2022-06-29,2029-06-28
5056,15MW FLOATING SOLAR PV PROJECT IN HIMACHAL PRADESH,SJVN Green Energy Limited,Energy industries (renewable/non-renewable sources),,AMS-I.D.,Under validation,India,"28,601",Asia,,2024-09-14,2031-09-13
5046,Yangquan Guzhuang 8MW CMM Power Generation Project,Yangquan Zhonglian Energy Technology Co.,"Energy industries (renewable/non-renewable sources); Fugitive emissions from fuels (solid, oil and gas); Mining/mineral production",,ACM0008,Registered,China,"240,337",Asia,2025-01-06,2022-10-28,2032-10-27
5034,90MW FLOATING SOLAR PV POWER PROJECT IN OMKARESHWAR,SJVN Green Energy Limited,Energy industries (renewable/non-renewable sources),,ACM0002,Registration requested,India,"162,822",Asia,,2024-10-07,2031-10-06
5026,Guizhou Mayixi Yijing CMM Power Generation Project,"Guizhou Panjiang CBM Development&Utilization Co., Ltd.",Energy industries (renewable/non-renewable sources); Mining/mineral production,,ACM0008,Registered,China,"126,430",Asia,2024-12-04,2022-07-17,2032-07-16
5023,Small Scale Solar Grouped Project in South Africa,Catalyst Incentive Solutions (Pty) Ltd,Energy industries (renewable/non-renewable sources),,AMS-I.F.,Under validation,South Africa,"5,613",Africa,,2022-05-01,2032-04-30
5011,Shanxi Xiyang CMM Power Generation Project,"Shanxi Xiyang Fenghui coal industry Co., Ltd. Power Plant",Energy industries (renewable/non-renewable sources); Mining/mineral production,,ACM0008,Registered,China,"813,242",Asia,2025-02-17,2022-12-01,2032-11-30
5005,NGON Texas Beneficial Use of Waste Flare Gas Energy,"NGON Solutions, LLC",Energy industries (renewable/non-renewable sources); Manufacturing industries,,ACM0012; AMS-III.Q,Registration and verification approval requested,United States,"17,800",North America,,2022-03-18,2029-03-17
4986,Captive solar photovoltaic power project in India by Shree Cement Limited,Shree Cement Limited,Energy industries (renewable/non-renewable sources),,AMS-I.F.; AM0123,Registered,India,"33,929",Asia,2025-11-27,2022-08-18,2029-08-17
4983,CORE CARBON SOLAR POWER PROJECT,Core CarbonX Solutions Pvt. Ltd.,Energy industries (renewable/non-renewable sources),,AMS-I.F.,Registration and verification approval requested,India,"6,908",Asia,,2022-11-10,2029-11-09
4984,CLEAN BIO-ENERGY INITIATIVE IN  MADHYA PRADESH AND MAHARASHTRA,Ecological Restoration Organization,Energy industries (renewable/non-renewable sources),,AMS-I.E.,Registered,India,"28,895",,2025-05-01,2022-09-09,2032-09-08
4982,RBML (Reliance BP Mobility Limited) EV Charging Infrastructure Project,Reliance BP Mobility Limited,Energy industries (renewable/non-renewable sources); Transport,,VM0038,Registered,India,"1,068,196",Asia,2025-04-16,2022-03-24,2032-03-23
4964,MALAYSIA RENEWABLE BIOENERGY GROUPED PROJECT BY CARBONTRACE,Multiple Proponents,Energy industries (renewable/non-renewable sources),,AMS-I.D.,Under validation,Malaysia,"10,249",Asia,,2023-07-26,2030-07-25
4940,Taiping Township Waste Resource Utilization Project,"Heilongjiang Boneng Green Energy Technology Co., Ltd.",Energy industries (renewable/non-renewable sources); Waste handling and disposal,,ACM0022,Registered,China,"28,578",,2025-03-20,2022-08-01,2032-07-31
4932,DICLE DIYARBAKIR LFG PROJECT,Multiple Proponents,Energy industries (renewable/non-renewable sources),,ACM0001,Registered,Turkey,"151,932",Middle East,2025-11-04,2021-06-11,2028-06-10
4934,Nam Ngiep 2A Hydropower project,Kosher Climate India Pvt. Ltd.,Energy industries (renewable/non-renewable sources),,AMS-I.D.,Registration requested,Lao,"23,751",Asia,,2025-10-01,2032-09-30
4920,Shanxi Xiadian CMM Power Generation Project,"Xiangyuan Luxin Coal Mine Methane Power Generation Co., Ltd",Energy industries (renewable/non-renewable sources); Mining/mineral production,,ACM0008,Registered,China,"293,714",Asia,2024-12-10,2022-07-15,2032-07-14
4916,Guangxi Laibin Organic Wastewater Biogas Power Generation Comprehensive Utilization Project,"Henan BCCY Environmental Energy CO.,LTD.",Energy industries (renewable/non-renewable sources); Waste handling and disposal,,AMS-I.F.; AMS-III.H.,Registered,China,"62,771",Asia,2024-12-04,2023-06-29,2033-06-28
4917,Solar Power Project by Dalmia Cement in Assam,Multiple Proponents,Energy industries (renewable/non-renewable sources),,AM0123,Registered,India,"25,814",Asia,2025-12-02,2022-06-24,2029-06-23
4869,KAMPONG CHHNANG 60 MW SOLAR POWER PROJECT,"Prime Road Alternative (Cambodia) Co., Ltd.",Energy industries (renewable/non-renewable sources),,ACM0002,Registered,Cambodia,"81,868",Asia,2025-03-10,2022-11-11,2029-11-10
4863,"Green Hydrogen Project: Sindh, Pakistan",N/A,Energy industries (renewable/non-renewable sources),,Methodology Under Development,Inactive,Pakistan,"500,000",Asia,,,
4859,SMG Solar Water Pump - Program 01,OYU Green Private Limited,Energy industries (renewable/non-renewable sources),,AMS-I.B.,Under validation,India,"38,470",Asia,,2022-07-01,2029-06-30
4846,SOLAR PV BESS AND CBG HYBRID PROJECT IN THAILAND,Super Carbon X Company Limited,Energy industries (renewable/non-renewable sources),,ACM0002,Registration requested,Thailand,"18,713",Asia,,2023-01-20,2030-01-19
4848,Starch Plus Wastewater Treatment And Biogas Utilisation Project,"Starch Plus Co., Ltd.",Energy industries (renewable/non-renewable sources); Waste handling and disposal,,AMS-I.C.; AMS-I.F.; AMS-III.H.,Registered,Thailand,"37,970",Asia,2025-01-07,2022-09-27,2029-09-26
4844,"SOLAR ROOFTOP PROJECT NAKHON PATHOM, THAILAND",SPP Six Co. Ltd,Energy industries (renewable/non-renewable sources),,AMS-I.F.,Under validation,Thailand,"8,237",Asia,,2023-11-01,2030-10-31
4799,Carbon Disclosure SA Solar PV Grouped Project 1,Carbon Disclosure South Africa (Pty) Ltd,Energy industries (renewable/non-renewable sources),,AMS-I.F.,Verification approval requested,South Africa,"9,418",Africa,2024-11-13,2022-09-13,2029-09-12
4795,Evander Solar Solutions PV Grouped Project,Evander Solar Solutions (Pty) Ltd,Energy industries (renewable/non-renewable sources),,AMS-I.F.,Registered,South Africa,"25,309",Africa,2025-04-05,2022-06-01,2029-05-31
4784,Wuhan Jiangxia Changshankou LFG Power Project Phase I,"Wuhan Huantou Environmental Technology Co., Ltd.",Energy industries (renewable/non-renewable sources); Waste handling and disposal,,ACM0001,Verification approval requested,China,"315,624",Asia,2024-08-13,2022-03-10,2032-03-09
4785,Floating Solar Power Project by AMP Energy In Madhya Pradesh,Ampin Energy Markets India Private Limited,Energy industries (renewable/non-renewable sources),,ACM0002,Registered,India,"197,846",Asia,2025-09-17,2024-06-06,2031-06-05
4775,Grouped Solar Power Project by Indospace Development Management Pvt. Ltd.,Multiple Proponents,Energy industries (renewable/non-renewable sources),,AMS-I.F.,Registered,India,"8,233",Asia,2024-11-22,2022-04-27,2029-04-26
4717,Bundled Solar Power Project by AMP Energy - 02,Multiple Proponents,Energy industries (renewable/non-renewable sources),,AMS-I.F.,Registered,India,"17,148",Asia,2024-11-22,2022-01-10,2029-01-09
4719,Bundled Captive Solar Power Project by Dalmia Cement,EKI Energy Services Limited,Energy industries (renewable/non-renewable sources),,AMS-I.F.,Registered,India,"77,864",Asia,2025-06-17,2021-12-25,2028-12-24
4695,Xinxiang Yanmai Biogas Utilization Project,"Xinxiang Yanmai Food Co., Ltd",Energy industries (renewable/non-renewable sources); Waste handling and disposal,,AMS-III.H.,Registered,China,"49,972",Asia,2024-12-20,2023-05-20,2030-05-19
4696,Biaofa Juancheng Animal Manure Management Project,"Biaofa Ecological (Juancheng) Co., Ltd","Energy industries (renewable/non-renewable sources); Livestock, enteric fermentation, and manure management; Waste handling and disposal",,AM0073,Registered,China,"331,420",Asia,2025-09-12,2024-06-01,2031-05-31
4684,Selabam Hydropower Extension Project,EDL-Generation Public Company,Energy industries (renewable/non-renewable sources),,AMS-I.D.,Registration request denied,Lao,"8,159",Asia,,2022-12-14,2029-12-13
4669,"100 MW Solar PV project by ERBL, Bangladesh",Energon Renewables (BD) Ltd,Energy industries (renewable/non-renewable sources),,ACM0002,Registered,Bangladesh,"106,019",Asia,2024-06-26,2021-12-29,2028-12-28
4600,"FST SMALL-SCALE SOLAR POWER PLANT IN KAMPHAENG PHET, THAILAND",FutureTech Solar (Thailand) co. ltd,Energy industries (renewable/non-renewable sources),,AMS-I.F.,Registered,Thailand,"13,062",Asia,2024-08-28,2023-07-21,2030-07-20
4603,BATIKIPAS BIOGAS PLANT,Batıkipaş Kağıt San. Ve Tic. A.Ş.,Energy industries (renewable/non-renewable sources); Waste handling and disposal,,ACM0014,Registration requested,Turkey,"45,387",Europe,,2022-10-14,2029-10-13
4597,Varanasi Harit Koyla Pariyojna,NTPC Vidyut Vyapar Nigam Ltd.,Energy industries (renewable/non-renewable sources); Waste handling and disposal,,ACM0022,Under validation,India,"143,324",Asia,,2024-01-01,2030-12-31
4588,Nam Houng - 1 Hydro Power Project,"Nam Houng - 1 Hydro Power Co., Ltd",Energy industries (renewable/non-renewable sources),,AMS-I.D.,Registered,Lao,"40,515",Asia,2024-09-12,2023-09-01,2030-08-31
4582,Myanmar Kyeeonkyeewa Solar Power Plant Project,Multiple Proponents,Energy industries (renewable/non-renewable sources),,ACM0002,Registered,Myanmar,"23,339",Asia,2024-07-29,2022-12-28,2029-12-27
4583,Myanmar Satoketayar Solar Power Plant Project,"Timing Carbon Asset Management Co., Ltd.",Energy industries (renewable/non-renewable sources),,ACM0002,Registered,Myanmar,"23,014",Asia,2024-07-29,2023-02-07,2030-02-06
4580,Myanmar Kindar Solar Power Plant Project,Multiple Proponents,Energy industries (renewable/non-renewable sources),,ACM0002,Registered,Myanmar,"22,402",Asia,2024-07-29,2023-01-18,2030-01-17
4559,Anhui Zhujixi CMM Utilization Project,"Huainan Huamei Pushi New Energy Technology Co., Ltd",Energy industries (renewable/non-renewable sources); Mining/mineral production,,ACM0008,Registered,China,"151,088",Asia,2024-11-16,2021-12-14,2031-12-13
4519,TABREED DISTRICT COOLING GROUP PROJECT,NATIONAL CENTRAL COOLING COMPANY PJSC – TABREED,Energy industries (renewable/non-renewable sources),,ACM0002,Registered,United Arab Emirates,"19,320",Middle East,2024-07-12,2023-05-25,2030-05-24
4514,"Poultry Litter based Biogas Power Generation Project in Nashik, Maharashtra, India",M/S. S& P Feeds Pvt. Ltd.,Energy industries (renewable/non-renewable sources); Waste handling and disposal,,AMS-I.F.; AMS-III.D.,Under validation,India,"6,881",Asia,,2022-03-30,2032-03-29
4482,Lushan MSW Incineration Project,"Lushan Capital Environment Energy Co., Ltd.",Energy industries (renewable/non-renewable sources); Waste handling and disposal,,ACM0022,Rejected by Administrator,China,"60,883",,,2021-10-07,2031-10-06
4486,Nkhotakota Solar PV project,Serengeti Nkhotakota Limited,Energy industries (renewable/non-renewable sources),,ACM0002,Registered,Malawi,"22,148",Africa,2025-02-15,2023-07-29,2030-07-28
4472,Wu Cheng Geothermal Based Space Heating System,Multiple Proponents,Energy industries (renewable/non-renewable sources),,AM0072,Registered,China,"62,052",Asia,2024-09-04,2021-11-08,2031-11-07
4469,Zonguldak Landfill Gas to Electricity Project,Arel Yenilenebilir Enerji Teknolojileri ve Elektrik Üretim Ltd. Şti.,Energy industries (renewable/non-renewable sources); Waste handling and disposal,,ACM0001,Registered,Turkey,"71,518",Middle East,2024-10-03,2022-01-01,2028-12-31
4447,Aslan Biogas Plant,Aslan Biyokütle Enerji Üretim ve Ticaret A.Ş.,Energy industries (renewable/non-renewable sources); Waste handling and disposal,,ACM0010,Withdrawn,Turkey,"65,339",Europe,,2022-06-24,2029-06-23
4441,Upstream Emission Reductions Through Beneficial Use of Waste Flare Gas Energy at Seaboard Flare Removal Project,Verde Seaboard Partners LP,Energy industries (renewable/non-renewable sources); Manufacturing industries,,AMS-III.Q,Under validation,United States,"2,557",North America,,2022-09-23,2032-09-22
4437,Biogas Project by Empower Capital in Egypt,Multiple Proponents,Energy industries (renewable/non-renewable sources); Waste handling and disposal,,AMS-I.C.; AMS-III.D.; AMS-III.H.,Under validation,Egypt,"35,556",Africa,,2023-06-30,2030-06-29
4428,OFF GRID SOLAR PV PROJECT AT ALMINA,"Almina Minas do Alentejo, SA",Energy industries (renewable/non-renewable sources),,AMS-I.A.,Under validation,Portugal,"7,585",Europe,,2024-01-01,2030-12-31
4420,Kayseri Biogas Plant,MİR Global Enerji A.Ş.,Energy industries (renewable/non-renewable sources),,ACM0010,Rejected by Administrator,Turkey,"102,204",Europe,,2021-06-30,2028-06-29
4421,Eskişehir Landfill Biogas Plant,Multiple Proponents,Energy industries (renewable/non-renewable sources),,ACM0010,Rejected by Administrator,Turkey,"64,670",Europe,,2021-07-01,2028-06-30
4417,Grouped bio gas recovery project by EKI Energy Services Ltd,EKI Energy Services Limited,Energy industries (renewable/non-renewable sources); Waste handling and disposal,,AMS-I.F.; AMS-III.D.,Under validation,India,"7,317",Asia,,2022-09-19,2029-09-18
4413,Household Biogas Program for Smallholder Farmers in India by SPEF and NDDB,EKI Energy Services Limited,"Energy industries (renewable/non-renewable sources); Livestock, enteric fermentation, and manure management",,AMS-I.E.; AMS-III.R.,Registered,India,"12,319",Asia,2024-05-10,2021-08-13,2028-08-12
4414,Waste to Bio CNG project by United Bio Energy Private Limited,UNITED BIOENERGY PRIVATE LIMITED,Energy industries (renewable/non-renewable sources); Waste handling and disposal,,AMS-III.AO.; AMS-III.AQ,Under validation,India,"50,339",Asia,,2023-03-23,2030-03-22
4395,Alter Biogas ll Project,WABIO Technology Holding Ltd.,Agriculture Forestry and Other Land Use; Energy industries (renewable/non-renewable sources); Waste handling and disposal,,AMS-I.C.; AMS-III.AO.; VM0042,Under validation,Serbia,"56,369",Europe,,2024-01-01,2030-12-31
4389,Zano Solar Power,Quadran Burkina Faso,Energy industries (renewable/non-renewable sources),,ACM0002,Registered,Burkina Faso,"25,589",Africa,2024-11-06,2023-10-24,2030-10-23
4383,Lankao Geothermal Based Space Heating System,"Lankao Green Energy Clean Energy Co., Ltd",Energy industries (renewable/non-renewable sources),,AM0072,Registered,China,"75,508",Asia,2024-04-19,2021-11-15,2031-11-14
4373,Everest Fleet EV Project,Everest Fleet Private Limited,Energy industries (renewable/non-renewable sources); Transport,,AMS-I.F.; AMS-III.C.,Under validation,India,"33,041",Asia,,2023-04-01,2033-03-31
4294,Yongji MSW Incineration Project,"Yongji Huaxinda Clean Energy Co., Ltd",Energy industries (renewable/non-renewable sources); Waste handling and disposal,,ACM0022,Withdrawn,China,"63,176",Asia,,2021-06-30,2031-06-29
4260,Guizhou Zhongzhichang CMM Power Generation Project,"Guizhou Yuezhong Comprehensive Energy Co., Ltd.",Energy industries (renewable/non-renewable sources); Mining/mineral production,,ACM0008,Registered,China,"183,330",Asia,2024-12-30,2022-07-06,2032-07-05
4261,Aksaray Landfill Gas Power Plant Project,Multiple Proponents,Energy industries (renewable/non-renewable sources); Waste handling and disposal,,AMS-I.D.; AMS-III.G.,Registration requested,Turkey,"43,356",Middle East,,2021-06-26,2028-06-25
4262,Sharjah Waste to Energy Plant project,SHARJAH WASTE TO ENERGY COMPANY.LLC,Energy industries (renewable/non-renewable sources); Waste handling and disposal,,ACM0022,Registered,United Arab Emirates,"47,187",Middle East,2025-05-16,2023-04-29,2033-04-28
4249,Ordu Landfill Gas to Electricity Project,Ordu Yenilenebilir Enerji Elektrik Üretim Sanayi ve Ticaret Anonim Şirketi,Energy industries (renewable/non-renewable sources); Waste handling and disposal,,ACM0001,Registered,Turkey,"65,695",Europe,2025-09-16,2021-06-24,2028-06-23
4245,Biogas to electricity generation group project in India,EKI Energy Services Limited,Energy industries (renewable/non-renewable sources); Waste handling and disposal,,AMS-I.F.; AMS-III.D.,Registered,India,"20,862",Asia,2024-07-03,2021-06-22,2028-06-21
4234,RIDI Grouped Hydro Solar Power Project in Nepal,RIDI POWER COMPANY LIMITED,Energy industries (renewable/non-renewable sources),,AMS-I.D.,Registered,Nepal,"38,598",Asia,2025-07-23,2021-08-22,2028-08-21
4231,Shanxi Changzhi Sanyuan CMM Power Generation Project,"Changzhi Suburb Baoneng New Energy Development Co., Ltd",Energy industries (renewable/non-renewable sources); Mining/mineral production,,ACM0008,Registered,China,"244,963",Asia,2024-01-15,2021-06-25,2031-06-24
4232,Salima 60MW Solar PV Project,Salima JCM Solar Corporation Limited,Energy industries (renewable/non-renewable sources),,ACM0002,Rejected by Administrator,Malawi,"12,352",Africa,,2021-10-28,2031-10-27
4233,Golomoti 20MW Solar PV Project,Golomoti JCM Solar Corporation Limited,Energy industries (renewable/non-renewable sources),,ACM0002,Rejected by Administrator,Malawi,"4,642",Africa,,2022-03-14,2032-03-13
4220,Malatya 2 Landfill Gas Power Plant Project,Multiple Proponents,Energy industries (renewable/non-renewable sources); Waste handling and disposal,,ACM0001,Registered,Turkey,"50,778",Middle East,2025-10-06,2021-06-27,2028-06-26
4206,Kütahya Landfill Gas to Electricity Project,Kütahya Biyokütle Enerji Üretim Sanayi ve Ticaret Anonim Şirketi,Energy industries (renewable/non-renewable sources); Waste handling and disposal,,ACM0001,Registered,Turkey,"71,927",Europe,2025-07-04,2021-06-24,2028-06-23
4187,Floating Solar project of Greenam Energy,Greenam Energy Private Limited,Energy industries (renewable/non-renewable sources),,ACM0002,Registered,India,"36,376",Asia,2024-09-19,2022-01-12,2029-01-11
4188,Grouped Captive Solar Power Project in Bangladesh,EKI Energy Services Limited,Energy industries (renewable/non-renewable sources),,AMS-I.F.,Registered,Bangladesh,"6,398",Asia,2024-07-02,2022-03-10,2029-03-09
4184,Talihya Nord I Hydro power rural electrification,Energie du Nord-Kivu SARL,Energy industries (renewable/non-renewable sources),,AMS-I.L.,Registered,"Congo, The Democratic Republic of The","41,750",Africa,2024-09-04,2023-07-25,2030-07-24
4185,KARAMANLI BIOGAS ENERGY POWER PLANT,Multiple Proponents,"Energy industries (renewable/non-renewable sources); Livestock, enteric fermentation, and manure management; Waste handling and disposal",,AM0073,Registration requested,Turkey,"59,878",Middle East,,2023-01-25,2030-01-24
4173,Akalan Biogas Energy Power Plant,Multiple Proponents,"Energy industries (renewable/non-renewable sources); Livestock, enteric fermentation, and manure management; Waste handling and disposal",,AM0073,Registered,Turkey,"81,924",Middle East,2025-03-24,2021-06-30,2028-06-29
4164,Grouped Captive Solar Power Project by Kohinoor Maple Leaf Group,Multiple Proponents,Energy industries (renewable/non-renewable sources),,AMS-I.F.,Under validation,Pakistan,"18,484",Asia,,2021-07-12,2028-07-11
4139,Grouped Hydro Power Project by EKI Energy Services Limited,Multiple Proponents,Energy industries (renewable/non-renewable sources),,AMS-I.D.,Registered,Nepal,"21,741",Asia,2024-09-26,2021-09-17,2028-09-16
4106,Bekmezci Biogas Energy Power Plant,Multiple Proponents,Energy industries (renewable/non-renewable sources); Waste handling and disposal,,AM0073,Registered,Turkey,"48,533",Middle East,2025-07-23,2021-06-30,2028-06-29
4071,Bundled Rooftop Solar Power Project by SPPL 01,Multiple Proponents,Energy industries (renewable/non-renewable sources),,AMS-I.F.,Registered,India,"13,735",Asia,2025-02-05,2023-01-05,2030-01-04
4057,Guangzhou Xingfeng landfill gas to LNG Project,Multiple Proponents,Energy industries (renewable/non-renewable sources); Waste handling and disposal,,ACM0001,Registered,China,"459,846",Asia,2025-04-11,2021-08-04,2031-08-03
4036,"26MWp Solar Photovoltaic Power Plant in Bavet City, Cambodia","Green Sustainable Ventures (Cambodia) Co., Ltd.",Energy industries (renewable/non-renewable sources),,ACM0002,Registered,Cambodia,"26,473",Asia,2024-03-25,2022-01-27,2029-01-26
4030,220MWDC MINBU SOLAR POWER  PLANT PROJECT,"GEP (Myanmar) Co., Ltd.",Energy industries (renewable/non-renewable sources),,ACM0002,Registered,Myanmar,"78,328",Asia,2025-05-01,2019-09-27,2026-09-26
4026,Angola Caraculo PV Plant,Solenova Ltd,Energy industries (renewable/non-renewable sources),,ACM0002,Under validation,Angola,"39,390",Africa,,2023-03-22,2033-03-21
4010,Installation of Solar Water Pump,EKI Energy Services Limited,Energy demand; Energy industries (renewable/non-renewable sources),,AMS-I.B.,Under validation,India,37,Asia,,2023-01-17,2030-01-16
4003,Bundled Solar Power Project by AMP Energy - 01,Multiple Proponents,Energy industries (renewable/non-renewable sources),,AMS-I.F.,Registered,India,"13,207",Asia,2023-08-18,2021-03-05,2028-03-04
3997,Istanbul Avcikoru Landfill Gas to Electricity Project,KORFEZ ENERJI SAN. VE TIC. A.S.,Energy industries (renewable/non-renewable sources); Waste handling and disposal,,ACM0001,Verification approval requested,Turkey,"1,099,925",Europe,2024-12-03,2021-06-18,2028-06-17
3992,MEM OSB-1 SOLAR POWER PROJECT,MEM TEKSTIL SANAYI VE TICARET ANONIM SIRKETI,Energy industries (renewable/non-renewable sources),,AMS-I.F.,Under validation,Turkey,"5,822",Middle East,,2021-03-17,2028-03-16
3986,15 MW Nam The Hydropower Project,Kosher Climate India Pvt. Ltd.,Energy industries (renewable/non-renewable sources),,AMS-I.D.,Inactive,Lao,"40,111",Asia,,2021-01-01,2027-12-31
3966,Karaman Landfill Gas to Electricity Project,FMH Enerji Ticaret Limited Şirketi,Energy industries (renewable/non-renewable sources); Waste handling and disposal,,ACM0001,Registration and verification approval requested,Turkey,"80,864",Europe,,2022-01-01,2028-12-31
3914,Guizhou Feitian 21 & Miluo & Mayixi CMM Power Generation Project,Multiple Proponents,Energy industries (renewable/non-renewable sources); Mining/mineral production,,ACM0008,Withdrawn,China,"511,185",Asia,,2021-12-30,2031-12-29
3915,Henan Mengjin CMM Power Generation Project,"Mengjin Branch of Henan Qingtian New Energy Co., Ltd.",Energy industries (renewable/non-renewable sources); Mining/mineral production,,ACM0008,Registered,China,"134,087",Asia,2024-01-16,2022-05-01,2032-04-30
3898,Guizhou Jinsha CMM Power Generation Project,"Jinsha Yonder Southwest New Energy Development Co., Ltd.",Energy industries (renewable/non-renewable sources); Mining/mineral production,,ACM0008,Registered,China,"504,205",Asia,2023-12-01,2021-08-01,2031-07-31
3899,Barutçuoğlu Landfill Gas to Electricity Power Plant,Barutçuoğlu İnşaat Sanayi ve Ticaret Limited Şirketi,Energy industries (renewable/non-renewable sources); Waste handling and disposal,,AMS-I.D.; AMS-III.G.,Rejected by Administrator,Turkey,"16,126",Europe,,2021-06-03,2028-06-02
3889,Household Biogas Project in Madhya Pradesh & Jharkhand,Multiple Proponents,Energy industries (renewable/non-renewable sources),,AMS-I.E.,Registered,India,"30,154",Asia,2023-05-30,2021-03-01,2031-02-28
3832,"Solar Powered Irrigation Services by Claro Energy, India",Multiple Proponents,Energy industries (renewable/non-renewable sources),,AMS-I.B.,Registered,India,"91,823",Asia,2024-06-22,2022-01-12,2029-01-11
3827,Kalyoncu Landfill Gas to Electricity Project.,Körfez Enerji Sanayi ve Ticaret Anonim Şirketi,Energy industries (renewable/non-renewable sources); Waste handling and disposal,,ACM0001,Verification approval requested,Turkey,"760,566",Europe,2025-03-10,2020-12-11,2027-12-10
3800,Grouped Captive Solar Project by EKI Energy Services Limited,EKI Energy Services Limited,Energy industries (renewable/non-renewable sources),,AMS-I.F.,Under validation,India,305,Asia,,2020-12-01,2027-11-30
3788,Foumbouni-Mitsamiouli solar farm,INNOVENT COMORES S.A,Energy industries (renewable/non-renewable sources),,AMS-I.D.,Registered,Comoros,"9,510",Africa,2023-08-08,2021-02-17,2028-02-16
3767,MicroEnergy Credits – Microfinance for Solar Lamps in Kenya,MicroEnergy Credits Corp,Energy industries (renewable/non-renewable sources),,AMS-III.AR,Registered,Kenya,"57,457",Africa,2023-09-11,2021-04-13,2028-04-12
3742,Distributed Renewable Energy Program for People and Planet,GEAPP ServiceCO (India) Private Limited,Energy industries (renewable/non-renewable sources),,AMS-I.F.,Registered,India,"92,663",Asia,2024-12-27,2021-06-23,2031-06-22
3745,Enexor Impact USA,Enexor BioEnergy,Energy demand; Energy industries (renewable/non-renewable sources); Waste handling and disposal,,VM0018; ACM0022,Registered,United States,"986,050",North America,2026-03-18,2026-01-01,2035-12-31
3715,TAIHE COUNTY BIOGAS POWER GENERATION AND ORGANIC FERTILIZER PROJECT,"Anhui United Venture Capital Renewable Energy Technology Co.,Ltd.",Energy industries (renewable/non-renewable sources); Waste handling and disposal,,AM0073,Registered,China,"102,310",Asia,2024-09-27,2021-08-17,2031-08-16
3720,Giciye III Hydropower Project in Rwanda,B.B. Energy (Asia) Pte Ltd,Energy industries (renewable/non-renewable sources),,AMS-I.D.,Registered,Rwanda,"25,787",Africa,2023-05-24,2020-12-09,2027-12-08
3705,CMM power generation project in the new auxiliary shaft of No. 8 coal mine of Hebi Coal Group,"Beijing Yonder Environmental Energy Technology Co., Ltd",Energy industries (renewable/non-renewable sources); Mining/mineral production,,ACM0008,Registered,China,"69,494",Asia,2024-04-03,2021-05-04,2031-05-03
3706,DNZ Landfill Gas Power Plant,Bio Kütle Enerji Elektrik Üretim Sanayi ve Ticaret A.Ş.,Energy industries (renewable/non-renewable sources),,ACM0001,Under validation,Turkey,"126,116",Europe,,2020-10-10,2027-10-09
3707,TVS Landfill Gas Power Plant,Bio Kütle Enerji Elektrik Üretim Sanayi ve Ticaret A.Ş.,Energy industries (renewable/non-renewable sources); Waste handling and disposal,,AMS-III.G.,Under validation,Turkey,"31,385",Europe,,2020-10-26,2027-10-25
3697,Wangxingzhuang CMM Power Generation Project,"Xinzheng Yonder New Energy Co., Ltd.",Energy industries (renewable/non-renewable sources); Mining/mineral production,,ACM0008,Registered,China,"55,192",Asia,2024-04-05,2021-12-17,2031-12-16
3662,15 MW Nam Hinboun Downstream Hydropower Project,Rasita Power Co. Ltd.,Energy industries (renewable/non-renewable sources),,AMS-I.D.,Registered,Lao,"79,740",Asia,2023-04-11,2021-02-01,2028-01-31
3659,Nesa Solar PV Grouped Project,Nesa Power,Energy industries (renewable/non-renewable sources),,AMS-I.F.,Verification approval requested,South Africa,"7,662",Africa,2024-07-19,2021-11-10,2028-11-09
3653,Xinxiang MSW Incineration Project,"Xinxiang Capital Environment Energy Co., Ltd.",Energy industries (renewable/non-renewable sources); Waste handling and disposal,,ACM0022,Registered,China,"157,862",Asia,2023-08-21,2020-11-19,2030-11-18
3648,"Fengxi Geothermal Space Heating Project in Xi’an city, Shaanxi Province","Shaanxi Province Xixian new district Fengxi New Town Energy Development Co., Ltd.",Energy industries (renewable/non-renewable sources),,AM0072,Registered,China,"17,526",Asia,2023-05-12,2021-01-15,2031-01-14
3642,Shanghe Geothermal Space Heating Project,"SINOPEC GREEN ENERGY GEOTHERMAL SHANDONG DEVELOPMENT CO., LTD SHANGHE BRANCH",Energy industries (renewable/non-renewable sources),,AM0072,Registered,China,"3,205",Asia,2023-08-08,2021-01-18,2031-01-17
3637,Kayseri Landfill Gas to Power Generation Project,R Enerji Elektrik Üretim A.Ş.,Energy industries (renewable/non-renewable sources); Waste handling and disposal,,ACM0001,Registered,Turkey,"157,255",Middle East,2024-11-25,2021-06-30,2028-06-29
3626,Yangchun Landfill Gas Power Generation Project,"Yangchun Huanchuang New Energy Co., Ltd.",Energy industries (renewable/non-renewable sources); Waste handling and disposal,,ACM0001,Registered,China,"131,612",Asia,2023-06-21,2021-08-10,2028-08-09
3622,MK Group Energy Biogas Plant,PACT Capital AG,Energy industries (renewable/non-renewable sources),,AMS-I.C.,Registered,Serbia,"20,356",Europe,2025-03-17,2022-10-06,2029-10-05
3613,Solar Power Project by SOMA Energy,Soma Energy Co. Ltd,Energy industries (renewable/non-renewable sources),,AMS-I.D.,Verification approval request denied,Cambodia,"5,113",Asia,2023-07-27,2020-08-13,2027-08-12
3545,"50 MW (AC) SOLAR PARK AT SUTIAKHALI, GOURIPUR, MYMENSINGH",HDFC Sinpower Limited,Energy industries (renewable/non-renewable sources),,ACM0002,Registered,Bangladesh,"55,302",Asia,2023-02-06,2020-11-04,2027-11-03
3556,Grouped Rooftop Solar Project by Tata Power Renewable Energy Limited,Tata Power Renewable Energy Limited,Energy industries (renewable/non-renewable sources),,AMS-I.F.,Registered,India,"17,764",Asia,2024-02-20,2020-10-01,2027-09-30
3557,Bundled Solar Power Project by Sun Source Energy Private Limited 01,Sun Source Energy Private Limited.,Energy industries (renewable/non-renewable sources),,AMS-I.F.,Rejected by Administrator,India,"19,763",Asia,,2021-01-04,2028-01-03
3559,Bundled Solar Power Project by Sun Source Energy Private Limited 02,Sun Source Energy Private Limited.,Energy industries (renewable/non-renewable sources),,AMS-I.F.,Rejected by Administrator,India,"13,923",Asia,,2021-10-19,2028-10-18
3573,"Rooftop Solar Project by Earth Carbon Foundation in Gujarat, India",Earth Carbon Foundation.,Energy industries (renewable/non-renewable sources),,ACM0002,Inactive,India,"45,770",Asia,,2020-09-01,2027-08-31
3508,CLS Nizip Landfill Gas to Electricity Project,CLS Enerji Üretim Sanayi ve Ticaret Limited Şirketi.,Energy industries (renewable/non-renewable sources); Waste handling and disposal,,AMS-I.D.; AMS-III.G.,Registration requested,Turkey,"22,296",Asia,,2021-06-03,2028-06-02
3509,Mevlüt Coşkun Landfill Gas to Electricity Project,Dumanoğu Enerji Yatırım Anonim Şirketi,Energy industries (renewable/non-renewable sources); Waste handling and disposal,,AMS-I.D.; AMS-III.G.,Registration requested,Turkey,"12,944",Asia,,2020-10-26,2027-10-25
3534,7.81MW solar power project by AMPSolar Generation Private Limited,AMPSolar Generation Private Limited.,Energy industries (renewable/non-renewable sources),,AMS-I.F.,Registered,India,"11,212",Asia,2024-06-06,2020-12-26,2027-12-25
3353,XESET 2 EXTENTION HYDROPOWER PROJECT,B.B. Energy (Asia) Pte Ltd,Energy industries (renewable/non-renewable sources),,AMS-I.D.,Registered,Lao,"19,235",Asia,2025-04-14,2023-02-21,2030-02-20
3298,Blitta – Togo Solar Power Plant,Multiple Proponents,Energy industries (renewable/non-renewable sources),,ACM0002,Registered,Togo,"61,326",Africa,2023-06-01,2021-06-12,2028-06-11
3245,DISTRIBUTION OF HOUSEHOLD BIOGAS IN RURAL AREAS OF INDIA-2,Greneity Infocom Service Pvt Ltd,Energy industries (renewable/non-renewable sources),,AMS-I.E.,Withdrawn,India,"35,347",Asia,2023-06-05,2021-02-01,2031-01-31
3220,Mbakaou Carriere Small Hydro Power Plant,IED Invest Cameroun,Energy industries (renewable/non-renewable sources),,AMS-I.L.,Verification approval requested,Cameroon,"13,349",Africa,2023-06-13,2022-01-05,2029-01-04
3214,CAGLAYANLAR BIOGAS PLANT,Çağlayanlar Biyogaz Elektrik Üretim Sanayi ve Ticaret Limited Şirketi,"Energy industries (renewable/non-renewable sources); Livestock, enteric fermentation, and manure management",,AM0073,Registered,Turkey,"615,151",Middle East,2023-12-04,2020-10-16,2027-10-15
3173,Duzce Landfill Gas (LFG) Capture and Utilization Project,Multiple Proponents,Energy industries (renewable/non-renewable sources); Waste handling and disposal,,ACM0001; ACM0022,Registration and verification approval requested,Turkey,"44,746",Middle East,,2021-01-01,2027-12-31
3164,Yantai Xinhao Swine Farm Manure Management System GHG Mitigation Project,"Yantai Xinhao agriculture and animal husbandry Co., Ltd.",Energy industries (renewable/non-renewable sources),,ACM0010,Registered,China,"92,011",Asia,2023-08-30,2021-03-05,2028-03-04
3161,Displacement of firewood by household biogas stoves in India,Greneity Infocom Service Pvt Ltd,Energy industries (renewable/non-renewable sources),,AMS-I.E.,Registered,India,"51,409",Asia,2023-01-10,2020-09-01,2030-08-31
3163,Red Sea Power Wind Farm,Sovereign Carbon Agency,Energy industries (renewable/non-renewable sources),,ACM0002,Registered,Djibouti,"111,817",Africa,2025-10-15,2023-06-01,2033-05-31
3111,"Pingmei Huanglong New Energy Co., Ltd. Shoushan Coal Mine Gas Power Generation Project","Pingmei Huanglong New Energy Co., Ltd",Energy industries (renewable/non-renewable sources),,ACM0008,Under development,China,"433,793",Asia,,2020-10-01,2030-09-30
3099,Spectra Solar Park Ltd _35 MW AC Grid-Tied by Spectra Solar Park Limited,Spectra Solar Park Limited,Energy industries (renewable/non-renewable sources),,ACM0002,Registered,Bangladesh,"37,042",Asia,2023-08-18,2021-03-12,2028-03-11
3101,Jinquan Geothermal Based Space Heating System,Henan Jinquan New Energy Co. LTD,Energy industries (renewable/non-renewable sources),,AM0072,Registered,China,"32,479",Asia,2024-09-20,2021-11-01,2031-10-31
3077,Huojia County Second MSW Landfill Site LFG Pollution Treatment and Comprehensive Utilization Project,"Henan BCCY Environmental Energy CO.,LTD.",Energy industries (renewable/non-renewable sources); Waste handling and disposal,,AMS-I.D.; AMS-III.G.,Registered,China,"25,744",,2023-02-22,2021-12-27,2031-12-26
3078,Puyang County Rural MSW Landfill Site LFG Pollution Treatment and Comprehensive Utilization Project,"Henan BCCY Environmental Energy CO.,LTD.",Energy industries (renewable/non-renewable sources); Waste handling and disposal,,AMS-I.D.; AMS-III.G.,Registered,China,"32,916",Asia,2023-01-12,2021-12-09,2031-12-08
3061,Hexian MSW Landfill Site LFG recovery to power project,"Henan BCCY Environmental Energy CO.,LTD.",Energy industries (renewable/non-renewable sources); Waste handling and disposal,,AMS-I.D.; AMS-III.G.,Registered,China,"35,559",Asia,2023-06-07,2022-03-25,2032-03-24
3060,Wushan County MSW Landfill Site LFG Pollution Treatment and Comprehensive Utilization Project,"Henan BCCY Environmental Energy CO.,LTD.",Energy industries (renewable/non-renewable sources); Waste handling and disposal,,AMS-I.D.; AMS-III.G.,Registered,China,"24,770",Asia,2023-07-12,2022-01-01,2031-12-31
3046,BATMAN LANDFILL GAS (LFG) CAPTURE AND UTILIZATION PROJECT,Multiple Proponents,Energy industries (renewable/non-renewable sources); Waste handling and disposal,,AMS-I.D.; AMS-III.G.,Registered,Turkey,"59,642",Middle East,2023-02-02,2020-10-30,2027-10-29
3008,Grouped Captive Solar Power project by Enking International,EKI Energy Services Limited,Energy industries (renewable/non-renewable sources),,AMS-I.F.,Rejected by Administrator,India,"1,630",Asia,,2020-12-17,2027-12-16
2993,Grouped rooftop solar power project by SAEL Limited,SAEL Limited,Energy industries (renewable/non-renewable sources),,AMS-I.F.,Registered,India,"5,860",Asia,2023-05-15,2021-03-12,2028-03-11
2989,Solar Water Pump Project in Kenya,SunCulture Kenya Ltd,Energy industries (renewable/non-renewable sources),,AMS-I.B.,Verification approval requested,Kenya,"334,824",Africa,2022-12-06,2020-08-01,2027-07-31
2977,Biomass Cogeneration Plant By SCOUL,Multiple Proponents,Energy industries (renewable/non-renewable sources),,ACM0006,Registered,Uganda,"18,861",Africa,2023-05-30,2021-07-19,2028-07-18
2966,"Installation Of Solar Milling Plants for Household In Zambia, Project- 1",Carbon Project Australia Pty Ltd,Energy industries (renewable/non-renewable sources),,AMS-I.B.,Registered,Zambia,"23,199",Africa,2024-08-27,2020-08-01,2027-07-31
2967,"Installation Of Solar Milling Plants for Household In Zambia, Project- 2",Carbon Project Australia Pty Ltd,Energy industries (renewable/non-renewable sources),,AMS-I.B.,Registered,Zambia,"21,530",Africa,2025-04-30,2020-08-17,2027-08-16
2951,Liaoning Xinwang Swine Farm Manure Management System GHG Mitigation Project,"Kangping Xinwang agriculture and animal husbandry Co., Ltd.","Energy industries (renewable/non-renewable sources); Livestock, enteric fermentation, and manure management; Waste handling and disposal",,ACM0010,Registered,China,"201,850",Asia,2022-12-12,2020-08-01,2027-07-31
2913,Guizhou Yingxing CMM Power Generation Project,"Guizhou Jinyan Energy Technology Co., Ltd.",Energy industries (renewable/non-renewable sources); Mining/mineral production,,ACM0008,Registered,China,"104,042",Asia,2022-10-03,2020-10-01,2030-09-30
2895,Guizhou Jinyan CMM Power Generation Project,"Guizhou Jinyan Energy Technology Co., Ltd.",Energy industries (renewable/non-renewable sources); Mining/mineral production,,ACM0008,Registered,China,"160,655",Asia,2022-12-07,2020-10-01,2030-09-30
2876,Muyuan WJZ AWMS GHG Mitigation Project in Henan Province,"Muyuan Foods Co., Ltd.","Energy industries (renewable/non-renewable sources); Livestock, enteric fermentation, and manure management; Waste handling and disposal",,ACM0010,Registered,China,"321,663",Asia,2023-05-09,2020-07-15,2030-07-14
2875,30 kW Grid-connected PV park Slaveikovo,Betia Trust,Energy industries (renewable/non-renewable sources),,VM0025,Inactive,Bulgaria,8,Europe,,2022-02-01,2032-01-31
2865,Henan Shunhe CMM Power Generation Project,Yongcheng Hongqiao Environmental Protection Energy Co. Ltd.,Energy industries (renewable/non-renewable sources); Mining/mineral production,,ACM0008,Under development,China,"79,635",Asia,,2021-09-15,2031-09-14
2859,Jingbian County MSW landfill site LFG pollution treatment and  comprehensive utilization project,"Henan BCCY Environmental Energy CO.,LTD.",Energy industries (renewable/non-renewable sources); Waste handling and disposal,,AMS-I.D.; AMS-III.G.,Registered,China,"34,922",Asia,2023-03-10,2021-12-17,2031-12-16
2840,Nanzhao County MSW Landfill Site LFG Pollution Treatment and Comprehensive Utilization Project,"Henan BCCY Environmental Energy CO.,LTD.",Energy industries (renewable/non-renewable sources); Waste handling and disposal,,ACM0001,Registered,China,"81,259",Asia,2023-01-31,2021-06-19,2031-06-18
2835,MicroEnergy Credits – Microfinance for Clean Energy Product Lines – Africa – Solar Lamps & Efficient cook stoves – 10341 –CPA - 0001,MicroEnergy Credits Corp,Energy demand; Energy industries (renewable/non-renewable sources),,AMS-II.G.; VMR0006; AMS-III.AR,Registered,Kenya,"138,000",Africa,2023-02-27,2023-03-01,2030-02-28
2762,Guizhou Xintian CMM Power Generation Project,"Yonggui Energy Development Co., Ltd. Xintian Branch",Energy industries (renewable/non-renewable sources); Mining/mineral production,,ACM0008,Registered,China,"634,610",Asia,2022-10-07,2020-09-26,2030-09-25
2754,"Household Biogas Carbon Offset Project for Clean, Convenient and Efficient Cooking by INSEDA Engineers and Consultants Private Limited (INSEDA-Engg)",EKI Energy Services Limited,Energy industries (renewable/non-renewable sources),,AMS-I.E.,On Hold - see notification letter,India,"25,892",Asia,2023-02-13,2020-02-29,2027-02-27
2746,Guangzhou Eastern Solid Resource Recycling Center MSW Integrated treatment Plant Project,"Guangzhou LEO-KING Environmental Technology Co., Ltd.",Energy industries (renewable/non-renewable sources); Waste handling and disposal,,ACM0022,Registered,China,"359,014",Asia,2022-08-23,2020-04-01,2027-03-31
2681,Jiaozuo Zhouliu MSW Landfill site LFG Recovery to Power Project,"Henan BCCY Environmental Energy CO.,LTD.",Energy industries (renewable/non-renewable sources); Waste handling and disposal,,AMS-I.D.; AMS-III.G.,Rejected by Administrator,China,"31,755",Asia,,,
2682,Luoyang Landfill Site LFG Recovery to Electricity Project,"Henan BCCY Environmental Energy CO.,LTD.",Energy industries (renewable/non-renewable sources); Waste handling and disposal,,ACM0001,Rejected by Administrator,China,"114,743",Asia,,,
2683,Luohe MSW Landfill Site LFG Recovery to Power Project,"Henan BCCY Environmental Energy CO.,LTD.",Energy industries (renewable/non-renewable sources); Waste handling and disposal,,AMS-I.D.; AMS-III.G.,Rejected by Administrator,China,"44,223",Asia,,,
2659,Ruijing Geothermal Based Space Heating System,"Wanjiang New Energy Group Co., Ltd.",Energy industries (renewable/non-renewable sources),,AM0072,Registered,China,"495,289",Asia,2022-10-07,2020-11-01,2030-10-31
2639,Feitian 11 & Dabatian CMM Power Generation Project,Multiple Proponents,Energy industries (renewable/non-renewable sources); Mining/mineral production,,ACM0008,Registered,China,"307,867",Asia,2022-09-22,2021-01-02,2031-01-01
2635,Luohe Geothermal Based Space Heating System,"Wanjiang New Energy Group Co., Ltd.",Energy industries (renewable/non-renewable sources),,AM0072,Registered,China,"481,744",Asia,2022-08-15,2020-11-01,2030-10-31
2616,BQS improved cookstoves for Burundi’s schools,Burundi Quality Stoves S.A.,Energy industries (renewable/non-renewable sources),,AMS-I.E.,Registered,Burundi,"187,061",Africa,2022-11-22,,
2615,Jinjia Jiayi CMM Power Generation Project,"Guizhou Panjiang CBM Development&Utilization Co., Ltd.",Energy industries (renewable/non-renewable sources); Mining/mineral production,,ACM0008,Registered,China,"129,988",Asia,2022-01-31,2020-01-19,2030-01-18
2588,Taiba N’Diaye Wind Power,Parc Eolien Taiba N’Diaye S.A.U,Energy industries (renewable/non-renewable sources),,ACM0002,Registered,Senegal,"243,965",Africa,2022-01-25,2019-12-09,2029-12-08
2585,Solid Waste to Bio CNG Production Facility in India,EKI Energy Services Limited,Energy industries (renewable/non-renewable sources); Waste handling and disposal,,AMS-III.AO.; ACM0022,Rejected by Administrator,India,"56,700",Asia,,2019-10-15,2026-10-14
2571,Renewable Electricity Grouped Project in Africa,Multiple Proponents,Energy industries (renewable/non-renewable sources),,AMS-I.D.,Registered,Tanzania,"10,208",Africa,2022-11-09,2021-02-09,2028-02-08
2546,Enking International Grouped project – Solar Water Heating systems,Multiple Proponents,Energy industries (renewable/non-renewable sources),,AMS-I.J,Under development,India,101,Asia,,2019-12-21,2029-12-20
2540,Improved cookstoves for Burundi restaurants,OBEN EAC S.A,Energy industries (renewable/non-renewable sources),,AMS-I.E.,Registered,Burundi,"661,007",Africa,2022-07-13,2020-02-03,2027-02-02
2517,EV Charging Infrastructure Project by EnKing International,EKI Energy Services Limited,Energy industries (renewable/non-renewable sources); Transport,,VM0038,Under development,India,"20,174",Asia,,2019-08-01,2026-07-31
2501,Durban Landfill-Gas Bisasar Road. - CER Conversion,Converted from other GHG program,Energy industries (renewable/non-renewable sources),,AM0010,Units Transferred from Approved GHG Program,South Africa,"342,705",Africa,,,
2495,Upstream Emission Reductions Through Beneficial Use of Waste Flare Gas Energy at Garnes & Gliko Project,"Crusoe Energy Systems, Inc.",Energy industries (renewable/non-renewable sources); Manufacturing industries,,AMS-III.Q,Under validation,United States,"8,333",North America,,,
2486,Hydrogen based steam generation at New Johnsonville,Multiple Proponents,Energy industries (renewable/non-renewable sources),,AMS-III.B.,Under development,United States,"20,108",North America,,,
2484,WM ENERGY BIOGAS PLANT,Multiple Proponents,Energy industries (renewable/non-renewable sources); Waste handling and disposal,,AMS-I.D.; AMS-III.D.,Registered,Turkey,"38,471",Middle East,2026-03-13,2019-09-03,2026-09-02
2470,"Development of Programmatic CDM Project for SWH installation under MNRE, UNDP/GEF Global Solar Water Heating Market Transformation and Strengthening Initiatives: India Country Programme – CPA 0001",G K Energy Marketers Pvt. Ltd,Energy industries (renewable/non-renewable sources),,AMS-I.J; AMS-I.L.,Under development,India,"8,832",Asia,,,
2467,Bayburt Landfill Gas to Energy Project,BK Alternatif Enerji Anonim Sirketi,Energy industries (renewable/non-renewable sources); Waste handling and disposal,,AMS-III.G.,Inactive,Turkey,"15,153",Europe,,2020-01-10,2027-01-09
2466,"BUNDLED WIND POWER PROJECT IN TAMILNADU, INDIA CO-ORDINATED BY THE TAMILNADU SPINNING MILLS ASSOCIATION (TASMA.)",TAMILNADU SPINNING MILLS ASSOCIATION (TASMA),Energy industries (renewable/non-renewable sources),,ACM0002,Rejected by Administrator,India,"801,520",Asia,,,
2450,Starsight Energy - Rooftop Solar PV and Efficient Air Conditioners,Starsight Power Utility Limited,Energy demand; Energy industries (renewable/non-renewable sources),,AMS-I.F.; AMS-II.E.,Registered,Nigeria,"4,142",Africa,2021-09-29,2019-07-03,2026-07-02
2445,Bundled Solar Water Heater Project,G K Energy Marketers Pvt. Ltd,Energy industries (renewable/non-renewable sources),,AMS-I.C.,Under development,India,"22,746",Asia,,,
2434,Off grid Solar PV project at IAMGOLD Essakane SA Gold Mine,Essakane Solar S.A.S.,Energy industries (renewable/non-renewable sources),,AMS-I.A.,Registered,Burkina Faso,"27,179",Africa,2021-12-07,,
2433,Use of waste gas at Namakwa Sands in South Africa - CER Conversion,Converted from other GHG program,Energy industries (renewable/non-renewable sources),,ACM0012,Units Transferred from Approved GHG Program,South Africa,"84,432",Africa,,,
2383,Guizhou Wenjiaba CMM Power Generation Project,"Guizhou Shuikuang Orion Clean Energy Co., Ltd.",Energy industries (renewable/non-renewable sources); Mining/mineral production,,ACM0008,Registered,China,"103,297",Asia,2022-03-31,2020-09-24,2030-09-23
2380,Installation of high efficiency wood burning cookstoves in Rwanda,C-Quest Capital Stoves Asia Limited,Energy industries (renewable/non-renewable sources),,VMR0006,Withdrawn,Rwanda,"3,149,415",Africa,2023-05-11,2021-10-09,2031-10-08
2381,Durango – EcoMethane Landfill Gas to Energy Project - CER Conversion,Converted From a another GHG program CDM,Energy industries (renewable/non-renewable sources),,AMS-I.D.,Units Transferred from Approved GHG Program,Mexico,"83,340",North America,,,
2366,Installation of high efficiency wood burning cookstoves in Tanzania,Bridge Carbon Africa Stoves Development Private Limited,Energy demand; Energy industries (renewable/non-renewable sources),,VMR0006,Registered,Tanzania,"1,882,271",Africa,2021-12-12,2020-09-23,2030-09-22
2351,Installation of high efficiency wood burning cookstoves in Mozambique,Bridge Carbon Africa Stoves Development Private Limited,Energy industries (renewable/non-renewable sources),,VMR0006,Registered,Mozambique,"1,713,078",Africa,2022-05-13,2021-01-27,2031-01-26
2347,FOÇA BIOGAS ENERGY POWER PLANT,Multiple Proponents,Energy industries (renewable/non-renewable sources); Waste handling and disposal,,AM0073,Registered,Turkey,"331,795",Middle East,2021-11-18,2019-10-29,2026-10-28
2334,Oaxaca II Wind Energy Project. - CER Conversion,Converted From a another GHG program CDM,Energy industries (renewable/non-renewable sources),,ACM0002,Units Transferred from Approved GHG Program,Mexico,"240,159",Latin America,,,
2323,7 MW Bundled Hydro power project at Himachal Pradesh of Raajratna Energy Holdings Pvt. Ltd,M/s Raajratna Energy Holdings Pvt Ltd.,Energy industries (renewable/non-renewable sources),,AMS-I.D.,Withdrawn,India,"19,693",Asia,2021-05-21,,
2318,Luviro hydro plant,AERA Group.,Energy industries (renewable/non-renewable sources),,AMS-I.L.,Late to verify,"Congo, The Democratic Republic of The","26,529",Africa,2021-01-15,2020-10-01,2027-09-30
2309,Henrietta solar PV project,Akuo Energy (Mauritius) Ltd,Energy industries (renewable/non-renewable sources),,ACM0002,Registered,Mauritius,"26,254",Africa,2020-10-26,2019-04-22,2026-04-21
2307,Ambatolampy Solar PV,New Energy Africa Ambatolampy (NEA Ambatolampy),Energy industries (renewable/non-renewable sources),,ACM0002,Registered,Madagascar,"23,431",Africa,2020-11-04,2018-07-10,2028-07-09
2308,Solitude 16 MW solar PV,Voltas Yellow Ltd,Energy industries (renewable/non-renewable sources),,ACM0002,Registered,Mauritius,"28,984",Africa,2021-10-08,,
2306,São João Landfill Gas to Energy Project (SJ) - CER Conversion,Converted from other GHG program,Energy industries (renewable/non-renewable sources); Waste handling and disposal,,ACM0001,Units Transferred from Approved GHG Program,Brazil,"76,429",Latin America,,,
2303,Energy Efficient Cooking Solution for low emission development in Nepal-2,Environment Protection Centre (EPC),Energy industries (renewable/non-renewable sources),,AMS-II.G.,Registered,Nepal,"33,672",Asia,2022-03-28,2018-09-20,2028-09-19
2304,Energy Efficient Cooking Solution for low emission development in Nepal - 3,Multiple Proponents,Energy industries (renewable/non-renewable sources),,AMS-II.G.,Under validation,Nepal,"33,715",Asia,,2018-12-01,2028-11-30
2302,Guizhou Dongyijing CMM Power Generation Project,"Liupanshui Zhongding New Energy Development Co., Ltd.",Energy industries (renewable/non-renewable sources); Mining/mineral production,,ACM0008,Registered,China,"174,220",Asia,2021-04-10,2019-05-08,2029-05-07
2300,Energy Efficient Cooking Solution for low emission development in Nepal-1,Multiple Proponents,Energy industries (renewable/non-renewable sources),,AMS-II.G.,Under validation,Nepal,"33,685",Asia,,2018-09-10,2028-09-09
890,Inner Mongolia Wengniute Banner Wudaogou Wind Power Project (II),"Chifeng Xinsheng Wind Power Co., Ltd.",Energy industries (renewable/non-renewable sources),,ACM0002,Registered,China,"155,384",,2012-11-09,2018-12-02,2028-12-01
891,"Bundled Wind Power generation project by Savita Oil Technologies Ltd., India",Savita Oil Technologies Limited,Energy industries (renewable/non-renewable sources),,AMS-I.D.,Registered,India,"15,000",Asia,2012-09-13,,
884,Nansha Hydro Power Project in Yunnan Province China,Honghe Guangyuan Hydro Power Development Co.Ltd.,Energy industries (renewable/non-renewable sources),,ACM0002,Registered,China,"519,768",Asia,2012-08-27,,
885,"Biomass based power generation project in Maharashtra, India",M/s. A.A. Energy Limited,Energy industries (renewable/non-renewable sources),,AMS-I.D.,Late to verify,India,"49,766",Asia,2020-04-06,,
896,Foz do Chapecó Project,Foz do Chapeco Energia S.A.,Energy industries (renewable/non-renewable sources),,ACM0002,Registered,Brazil,"747,711",Latin America,2020-04-06,2020-10-14,2030-10-13
883,"Madushan Hydropower Project on Honghe River in Yunnan Province, China","Honghe Guangyuan Madushan Hydropower Development Co., Ltd",Energy industries (renewable/non-renewable sources),,ACM0002,Registered,China,"959,382",Asia,2012-08-22,,
519,Yichun Daqingshan Wind Power Project,"Yichun Xinganling Wind Power Co., Ltd.",Energy industries (renewable/non-renewable sources),,ACM0002,Registered,China,"38,680",Asia,2020-04-06,,
520,Enercon Wind Farm (Hindustan) Ltd in Karnataka,Enercon (India) Limited,Energy industries (renewable/non-renewable sources),,ACM0002,Late to verify,India,"148,858",Asia,2020-04-06,,
521,"Someshwara small hydropower project (24.75 MW) in Karnataka, India",Pioneer Power Corporation Limited,Energy industries (renewable/non-renewable sources),,ACM0002,Late to verify,India,"70,144",Asia,2020-04-06,,
880,Dak Pone Hydropower Project,PC3 - Investment Joint Stock Company,Energy industries (renewable/non-renewable sources),,ACM0002,Late to verify,Viet Nam,"31,778",Asia,2020-04-06,,
881,OLKARIA III PHASE 2 GEOTHERMAL EXPANSION PROJECT IN KENYA,JPMorgan Ventures Energy Corportaion,Energy industries (renewable/non-renewable sources),,ACM0002,Late to verify,Kenya,"244,798",Africa,2012-08-16,,
1078,Guangdong Zhanjiang Yangqian 49.5MW Wind Power Project,Guangdong Yudean Zhanjiang Wind Power Co.Ltd,Energy industries (renewable/non-renewable sources),,ACM0002,Late to verify,China,"79,683",Asia,2013-06-10,,
1068,Hydroelectric Project El Edén,PROELECTRICA S.A.S E.S.P,Energy industries (renewable/non-renewable sources),,ACM0002,Registered,Colombia,"39,483",Latin America,2013-09-25,2017-02-16,2027-02-15
1069,"8 MW bundled wind power project, proposed by Ghodawat Industries (India) Pvt. Ltd.",Ghodawat Industries (I) Pvt.Ltd.,Energy industries (renewable/non-renewable sources),,AMS-I.D.,Registered,India,"116,926",Asia,2020-04-06,,
1072,Cepco Wind Power Project in Rajasthan,Multiple Proponents,Energy industries (renewable/non-renewable sources),,ACM0002,Late to verify,India,"36,425",Asia,2013-11-15,,
1073,Vaayu India Wind Power Project in Andhra Pradesh,Vaayu (India) Power Corporation Private Limited,Energy industries (renewable/non-renewable sources),,ACM0002,Late to verify,India,"92,971",Asia,2013-10-23,,
1074,Clean Energy generation from wind energy in the state of Andhra Pradesh.,Vish Wind Infrastructure LLP,Energy industries (renewable/non-renewable sources),,AMS-I.D.,Late to verify,India,"12,238",Asia,2013-10-23,,
1075,Kohinoor Wind Power Project in Rajasthan,Multiple Proponents,Energy industries (renewable/non-renewable sources),,ACM0002,Registered,India,"37,741",Asia,2010-10-03,,
1025,"KVSSSKL Co-generation Power Plant at Satara District, Maharashtra",M/s. Kisan Veer Satara Sahakari Sakhar Karkhana,Energy industries (renewable/non-renewable sources),,ACM0006,Under validation,India,"13,472",Asia,,,
1030,"Fuel Switch to Renewable Biomass for Thermal Use at Metrolina Greenhouses, Inc. Commercial Greenhouse Facility","Metrolina Greenhouses, Inc.",Energy industries (renewable/non-renewable sources),,AMS-I.C.,Late to verify,United States,"7,714",North America,2013-04-08,2021-10-10,2031-10-09
1032,Xundian Jinfeng 12.6MW Hydropower Project,"Yunnan Xudong Phosphate Chemical Group Jinfeng Power Generation Co., Ltd.",Energy industries (renewable/non-renewable sources),,AMS-I.D.,Registered,China,"40,760",Asia,2013-04-10,2018-05-29,2028-05-28
1033,Hubei Dangyang 25MW Biomass Power Project,"Hubei Shenzhou New Energy Power Generation Co.,",Energy industries (renewable/non-renewable sources),,ACM0006,Late to verify,China,"110,391",Asia,2013-04-03,,
1034,Inner Mongolia Wutaohai South Phase II Wind Power Project,"Chifeng City Huifeng New Energy Co., Ltd.",Energy industries (renewable/non-renewable sources),,ACM0002,Late to verify,China,"118,967",Asia,2013-05-27,,
1037,"Guazhou Beidaqiao No.1 Wind Farm Project in Gansu Province, China","Hydrochina Guazhou Wind Power Co., Ltd",Energy industries (renewable/non-renewable sources),,ACM0002,Registered,China,"316,041",Asia,2013-04-12,,
1045,"Wind Power Project at Rajkot, Gujarat",ReNew Wind Energy (Rajkot) Private Limited,Energy industries (renewable/non-renewable sources),,ACM0002,Verification approval requested,India,"47,244",Asia,2013-08-13,2022-03-29,2032-03-28
1048,NATIONAL CARBON TRADING PROJECT FOR WEATHERIZATION OF LOW-INCOME DWELLINGS,NASCSP,Energy industries (renewable/non-renewable sources),,VM0008,Under development,United States,"5,000",North America,,,
1049,Heilongjiang Bianfushan Wind Power Project,"Shuangyashan Longyuan Wind Power Co., Ltd.",Energy industries (renewable/non-renewable sources),,ACM0002,Registered,China,"125,030",Asia,2020-04-06,,
1051,Heilongjiang Wangyunfeng Wind Power Project,"Hegang Longyuan Wind Power Co., Ltd.",Energy industries (renewable/non-renewable sources),,ACM0002,Registered,China,"123,430",Asia,2020-04-06,,
1057,Guangxi Qiaogong Hydropower Project,"Guangxi Fangyuan Electric Power Co., Ltd.",Energy industries (renewable/non-renewable sources),,ACM0001; ACM0002,Withdrawn,China,"1,200,000",Asia,,,
1058,Clean Energy Project in the State of Tamil Nadu,Vish Wind Infrastructure LLP,Energy industries (renewable/non-renewable sources),,ACM0002,Late to verify,India,"27,546",Asia,2013-08-16,,
1059,Cobanli 19.03 MW Hydroelectric Power Plant,Hidro-D Hidroelektrik Enerji Uretim A.S.,Energy industries (renewable/non-renewable sources),,ACM0002,Under validation,Turkey,"27,253",Middle East,,,
1039,AES Saurashtra Windfarms,Tata Power Renewable Energy Limited,Energy industries (renewable/non-renewable sources),,ACM0002,Registered,India,"80,385",Asia,2013-04-16,,
1064,Bundle Wind Energy Project in Indian States - EnKing International 2005,EKI Energy Services Limited,Energy industries (renewable/non-renewable sources),,AMS-I.D.,Late to verify,India,"10,176",Asia,2013-05-17,2016-03-28,2026-03-27
907,Baicheng Rice Husk Thermal Energy Generation Project,Wilmar International Limited,Energy industries (renewable/non-renewable sources),,AMS-I.C.,Late to verify,China,"28,829",Asia,2012-10-29,,
915,WIND POWER BASED ELECTRICITY GENERATION PROJECT IN INDIA BY DLF HOME DEVELOPERS LIMITED,Multiple Proponents,Energy industries (renewable/non-renewable sources),,ACM0002,Late to verify,India,"141,617",Asia,2012-11-06,2018-09-27,2028-09-26
923,"Wind power project in Tirunelveli, Tamil Nadu by TVS Energy Limited",TVS Energy Limited,Energy industries (renewable/non-renewable sources),,AMS-I.D.,Late to verify,India,"28,406",Asia,2012-11-16,,
924,Tuppadahalli Wind Energy Project,Tuppadahalli Energy India Pvt. Ltd.,Energy industries (renewable/non-renewable sources),,ACM0002,Withdrawn,India,"128,809",Asia,2020-04-06,,
930,"Wind power project by TVS Energy Limited in Theni, Tamil Nadu",TVS Energy Limited,Energy industries (renewable/non-renewable sources),,AMS-I.D.,Late to verify,India,"18,863",Asia,2012-11-23,,
931,6.25 MW Wind Project in Tamil Nadu India,Velatal Spinning Mills (Pvt) Limited (VSMPL),Energy industries (renewable/non-renewable sources),,AMS-I.D.,Late to verify,India,"11,963",Asia,2020-04-06,2016-04-01,2026-03-31
926,"Wind power project by Sargam Retails Pvt. Ltd. in Gujarat, India",Sargam Retails Pvt. Limited,Energy industries (renewable/non-renewable sources),,AMS-I.D.,Verification approval requested,India,"16,181",Asia,2020-04-06,,
938,Biomass based steam generation plant by Crown Milk Specialties Private Limited (CMSPL),Multiple Proponents,Energy industries (renewable/non-renewable sources),,AMS-I.C.,Verification approval requested,India,"17,194",Asia,2012-12-13,2019-08-07,2029-08-06
957,"Wind energy project by Hindustan Spinners in Tamilnadu, India.",Multiple Proponents,Energy industries (renewable/non-renewable sources),,AMS-I.D.,Late to verify,India,"18,311",Asia,2020-04-06,2016-03-28,2026-03-27
964,"Uzundere I 63.0 MW Hydroelectric Power Plant Project, Turkey",Karadeniz Hes Elektrik Anonim Şirketi,Energy industries (renewable/non-renewable sources),,ACM0002,Registered,Turkey,"79,380",Middle East,2013-01-23,,
966,Tecamac EcoMethane Landfill Gas to Energy Project,Biogas Technology Ltd,Energy industries (renewable/non-renewable sources),,ACM0001,Late to verify,Mexico,"20,000",Latin America,2013-01-28,,
968,Sungai Kerling Hydropower Plant,Renewable Power Sdn. Bhd.,Energy industries (renewable/non-renewable sources),,AMS-I.D.,Late to verify,Malaysia,"10,034",Asia,2020-04-06,,
969,Qingdao Longxin Wind Power Project Phase I,"China Resources Wind Power (Qingdao) Co., Ltd.",Energy industries (renewable/non-renewable sources),,ACM0002,Registered,China,"92,183",Asia,2013-07-02,2021-11-08,2031-11-07
970,Liaoning Guben Wind Power Project,"China Resources Wind Power (Fuxin) Co., Ltd.",Energy industries (renewable/non-renewable sources),,ACM0002,Late to verify,China,"96,429",Asia,2013-02-07,2019-07-01,2026-06-30
971,Dak Srong 2 Hydropower Project,Tay Nguyen Hydropower Company Limited,Energy industries (renewable/non-renewable sources),,ACM0002,Registered,Viet Nam,"44,466",Asia,2020-04-06,,
997,Xinjiang Kaiduhe River Chahan Wusu Hydropower Project,Guodian Xinjiang Kaidu River Valley Hydro-power,Energy industries (renewable/non-renewable sources),,ACM0002,Late to verify,China,"802,146",Asia,2013-03-18,,
1007,"Karakus Hydropower Plant, Turkey",NISAN ELEKTROMEKANIK ENERJI SANAYI VE TICARET A.S.,Energy industries (renewable/non-renewable sources),,AMS-I.D.,Late to verify,Turkey,"7,225",Asia,2013-04-01,,
1008,"Yaprak-II Hydropower Plant, Turkey",RHG Enerturk Enerji Uretim ve Tic. A.S.,Energy industries (renewable/non-renewable sources),,AMS-I.D.,Registered,Turkey,"19,082",Asia,2013-04-01,2021-04-03,2031-04-02
1009,"Yaprak-I Hydropower Plant, Turkey",RHG Enerturk Enerji Uretim ve Tic. A.S.,Energy industries (renewable/non-renewable sources),,AMS-I.D.,Registered,Turkey,"18,295",Asia,2013-04-01,2023-01-11,2033-01-10
1010,"Umut-III Hydropower Plant, Turkey",RHG Enerturk Enerji Uretim ve Tic. A.S.,Energy industries (renewable/non-renewable sources),,AMS-I.D.,Registered,Turkey,"17,485",Asia,2013-04-01,,
1011,"Umut-II Hydropower Plant, Turkey",RHG Enerturk Enerji Uretim ve Tic. A.S.,Energy industries (renewable/non-renewable sources),,ACM0002,Registered,Turkey,"33,013",Asia,2013-04-01,2024-02-21,2034-02-20
1013,"Basak Hydropower Plant, Turkey",RHG Enerturk Enerji Uretim ve Tic. A.S.,Energy industries (renewable/non-renewable sources),,AMS-I.D.,Registered,Turkey,"11,371",Asia,2013-04-01,2020-04-09,2030-04-08
1016,"CE TECHNOLOGY FUEL SWITCH FOR CLEANROOM GLOVE INDUSTRY PROJECT, TAIPING",CE Technology Berhad,Energy industries (renewable/non-renewable sources),,AMS-I.C.,Late to verify,Malaysia,"21,660",Asia,2013-09-12,,
1018,Wind power project in Tamil Nadu by SWPPL,Simran Wind Project Private Ltd,Energy industries (renewable/non-renewable sources),,ACM0002,Late to verify,India,"208,982",Asia,2020-04-06,2019-11-01,2026-10-31
1021,Grid Connected Wind Power Project by M/s. D. J. Malpani in Rajasthan,M/s D. J. Malpani,Energy industries (renewable/non-renewable sources),,AMS-I.D.,Registered,India,"13,433",Asia,2013-08-29,2021-03-21,2031-03-20
683,Liusha River First Cascade 12.6MW Hydropower Project,"Coway International Techtrans Co., Ltd.",Energy industries (renewable/non-renewable sources),,AMS-I.D.,Late to verify,China,"46,216",Asia,2020-04-06,,
692,6 MW Wind Power Project in Tamil Nadu by REI Agro Limited,REI Agro Limited,Energy industries (renewable/non-renewable sources),,AMS-I.D.,Late to verify,India,"15,415",Asia,2020-04-06,2016-07-14,2026-07-13
694,Bundled Wind Power Project by Sheth Developers Private Limited,Sheth Developers Pvt. Ltd.,Energy industries (renewable/non-renewable sources),,AMS-I.D.,Late to verify,India,"23,571",Asia,2011-10-07,,
696,Natural Gas Based Grid Connected Combined Cycle Power Generation by TANGEDCO.,TANGEDCO LIMITED,Energy industries (renewable/non-renewable sources),,AM0029,Late to verify,India,"234,095",Asia,2011-09-26,,
581,"Grid Connected bundled wind power project in Rajasthan, Andhra Pradesh and Tamil Nadu",Texonic Instruments,Energy industries (renewable/non-renewable sources),,AMS-I.D.,Late to verify,India,"12,101",Asia,2011-03-29,2019-04-10,2029-04-09
582,Yaylabel 5.2 MW Hydro Power Plant,Elestas Elektrik Uretim A.S.,Energy industries (renewable/non-renewable sources),,AMS-I.D.,Registered,Turkey,"11,095",Middle East,2020-06-04,,
584,2.5 MW Rice husk based cogeneration plant at Hanuman Agro Industries Limited,Hanuman Agro Industries Ltd.,Energy industries (renewable/non-renewable sources),,AMS-I.C.,Registered,India,"32,563",Asia,2020-04-06,,
579,"Biomass based power project at T-Kallupatti village, Madurai District, Tamil Nadu, India",Auro Mira Bio Energy Madurai Limited,Energy industries (renewable/non-renewable sources),,AMS-I.D.,Late to verify,India,"26,679",Asia,2011-03-25,,
588,Yantai Dongyuan Laizhou 48.5 MW Wind Farm Project Phase I,"Yantai Dongyuan Group Laizhou Wind Power Co., Ltd",Energy industries (renewable/non-renewable sources),,ACM0002,Late to verify,China,"94,845",Asia,2020-04-06,2022-01-01,2028-12-31
591,"10MW Biomass Power Generation Project - Tokyo Cement, Trincomalee",Tokyo Cement Company (Lanka) Ltd.,Energy industries (renewable/non-renewable sources),,AMS-I.D.,Late to verify,Sri Lanka,"43,800",Africa,2020-04-06,,
600,Yeong Yang 61.5 MW Wind Farm Project,Yeong Yang Wind Power Corporation,Energy industries (renewable/non-renewable sources),,ACM0002,Late to verify,South Korea,"112,812",,2020-04-06,,
601,"2.50 MW Wind Project at Kappadagudda, Gadag District, Karnataka",R.PRAVEEN CHANDRA,Energy industries (renewable/non-renewable sources),,AMS-I.D.,Late to verify,India,"5,244",Asia,2011-04-29,,
593,Wind Power Project by Priyadarshini Polysacks Ltd. in Maharashtra,M/s Priyadarshini Polysacks Ltd.,Energy industries (renewable/non-renewable sources),,AMS-I.D.,Late to verify,India,"3,497",Asia,2020-04-06,,
608,Grid -connected electricity generation from 23.75MW  wind energy by GACL in Gujarat in,Gujarat Alkalies and Chemicals Limited,Energy industries (renewable/non-renewable sources),,ACM0002,Late to verify,India,"44,143",Asia,2011-05-05,,
609,Fuhui Inner Mongolia Tugurige Wind Farm Project,"Bayannaoer Wulatezhongqi Fuhui Wind Power Co., Ltd",Energy industries (renewable/non-renewable sources),,ACM0002,Late to verify,China,"126,319",Asia,2020-04-06,,
611,"12.5 MW wind power project in Maharashtra, India by KRBL Limited",KRBL LIMITED,Energy industries (renewable/non-renewable sources),,AMS-I.D.,Late to verify,India,"33,093",Asia,2011-05-11,,
615,8.5 MW Bundled wind power project in India,Gensol Consultants Pvt. Ltd.,Energy industries (renewable/non-renewable sources),,AMS-I.D.,Late to verify,India,"15,697",Asia,2020-04-06,,
617,"Electricity generation through wind power project at Jodhpur, Rajasthan",M/s Paranjape Autocast Pvt. Ltd.,Energy industries (renewable/non-renewable sources),,AMS-I.D.,Registered,India,"5,808",Asia,2011-05-21,,
622,"Bundled Wind Power Project in Tirunelveli, Tamil Nadu",Multiple Proponents,Energy industries (renewable/non-renewable sources),,AMS-I.D.,Late to verify,India,"34,415",Asia,2011-05-27,2021-12-12,2028-12-11
625,21.05 MW bundled wind energy project in Maharashtra aggregated by Resurge Energy Private Limited,RESURGE ENERGY PRIVATE LIMITED,Energy industries (renewable/non-renewable sources),,ACM0002,Late to verify,India,"31,434",Asia,2020-04-06,2016-06-01,2026-05-31
626,"24.75 MW Ranganathaswamy Mini Hydel Project, Karnataka, India",Pioneer Power Corporation Limited,Energy industries (renewable/non-renewable sources),,ACM0002,Late to verify,India,"62,264",,2020-04-06,,
627,Heilongjiang Wangkui 50MW Level Biomass Cogeneration Project,"National Bio Energy Co., Ltd",Energy industries (renewable/non-renewable sources),,ACM0006,Late to verify,China,"192,741",Asia,2020-04-06,,
633,"Bundled wind power project in Tamil Nadu, India",TCS Textiles Pvt LTD,Energy industries (renewable/non-renewable sources),,ACM0002,Late to verify,India,"38,753",,2020-04-06,,
636,8MW biomass based power plant at Phagwara,JCT Ltd,Energy industries (renewable/non-renewable sources),,AMS-I.C.,Registered,India,"29,393",Asia,2020-04-06,,
639,15 MW Grid Connected renewable energy generation by RSMML,Rajasthan State Mines & Minerals Ltd,Energy industries (renewable/non-renewable sources),,AMS-I.D.,Late to verify,India,"25,000",Asia,2011-06-17,2019-07-01,2029-06-30
645,KRC 3MW grouped small scale hydropower project,Korea Rural Community Corporation,Energy industries (renewable/non-renewable sources),,AMS-I.D.,Late to verify,South Korea,"7,594",Asia,2011-07-14,2021-08-01,2031-07-31
649,25.3MW WHR Project of Zhejiang Leomax Group,"Shanghai Chuanji Investment Management Co., Ltd",Energy industries (renewable/non-renewable sources),,AM0024,Late to verify,China,"52,138",Asia,2011-07-11,,
650,"Biomass Based Power Generation Plant at Village Channu, Punjab",Universal Biomass Energy Private Limited,Energy industries (renewable/non-renewable sources),,AMS-I.D.,Registered,India,"74,891",Asia,2011-07-21,,
652,Anhui Rice Husk Based Thermal Energy Generation Project,Wilmar International Limited,Energy industries (renewable/non-renewable sources),,AMS-I.C.,Late to verify,China,"19,413",Asia,2011-07-27,,
653,65MW Dagushan hydropower Project in China,Gansu Zhangye Dagushan Hydropower Co. Ltd.,Energy industries (renewable/non-renewable sources),,ACM0002,Registered,China,"170,015",Asia,2020-04-06,,
654,7.5MW Biomass based Power Project of Koganti Power Limited in Karnataka India,Koganti Power Limited,Energy industries (renewable/non-renewable sources),,AMS-I.D.,Late to verify,India,"38,082",Asia,2011-07-26,,
655,"24.8 MW Wind power project by Belgaum Wind Farms Private Ltd. in Gadag, Karnataka",Belgaum Wind Farms Private Limited,Energy industries (renewable/non-renewable sources),,ACM0002,Registered,India,"51,985",Asia,2020-04-06,,
659,Shenyang Faku Wanghaisi Wind Power Project,"Shenyang Longyuan Wind Power Co., Ltd.",Energy industries (renewable/non-renewable sources),,ACM0002,Registered,China,"46,996",Asia,2020-04-06,,
660,Liaoning Faku Wanghaisi East Wind Power Project,"Shenyang Longyuan Wind Power Co., Ltd.",Energy industries (renewable/non-renewable sources),,ACM0002,Registered,China,"54,606",Asia,2020-04-06,,
662,5.5 MW Bundled Wind Power Project by WMI Cranes Ltd,WMI Power Private Limited,Energy industries (renewable/non-renewable sources),,AMS-I.D.,Registered,India,"8,906",Asia,2020-04-06,,
664,Xinjiang Alashankou Phase I Wind Power Project,Guodian Xinjiang Alashankou Wind Power Development,Energy industries (renewable/non-renewable sources),,ACM0002,Registered,China,"120,905",Asia,2020-04-06,,
666,Gansu Zhangye Heihe Longhui Small Scale Hydropower Project,Zhangye Longhui Hydropower Co. Ltd.,Energy industries (renewable/non-renewable sources),,AMS-I.D.,Late to verify,China,"43,786",Asia,2020-04-06,,
667,Chongqing Longshui 8MW Hydro Power Project,Wuxi Longshui Development Co. Ltd,Energy industries (renewable/non-renewable sources),,AMS-I.D.,Late to verify,China,"27,046",Asia,2011-08-26,,
668,"Tuna Hydropower Plant, Turkey",Multiple Proponents,Energy industries (renewable/non-renewable sources),,ACM0002,Registered,Turkey,"46,521",Middle East,2011-08-27,,
670,Xiaoxi Hydropower Project,Hunan Xinshao Xiaoxi Hydropower Development Co Ltd,Energy industries (renewable/non-renewable sources),,ACM0002,Late to verify,China,"457,064",Asia,2011-08-29,2022-05-26,2029-05-25
671,"Bundled grid-connected wind electricity generation project identified as Bundle E1 in Maharashtra and Rajasthan, India",Multiple Proponents,Energy industries (renewable/non-renewable sources),,AMS-I.D.,Late to verify,India,"19,300",Asia,2010-02-18,,
675,"Generation of Electricity from windmills by GHCL Limited, at Dist Erode, Tamil Nadu",GHCL TEXTILES LTD.,Energy industries (renewable/non-renewable sources),,AMS-I.D.,Late to verify,India,"9,267",Asia,2011-02-11,,
676,33.9 MW Bundled Wind Power project in states of Karnataka and Tamil Nadu,Techno Electric & Engineering Company Ltd,Energy industries (renewable/non-renewable sources),,ACM0002,Registered,India,"81,947",Asia,2020-04-06,2018-04-01,2028-03-31
680,7.30 MW Bundled Wind Power Project by Oswal Cables,Multiple Proponents,Energy industries (renewable/non-renewable sources),,AMS-I.D.,Late to verify,India,"10,500",Asia,2010-05-08,,
681,50.4 MW Tata Wind Farm in Maharashtra,Enercon (India) Limited,Energy industries (renewable/non-renewable sources),,ACM0002,Late to verify,India,"79,036",Asia,2020-04-06,,
2,LITL's Wind Power Project at Tamilnadu,Lanco Infratech Limited,Energy industries (renewable/non-renewable sources),,AMS-I.D.,Late to verify,India,"22,917",,2020-04-06,,
3,Liaoning Xingcheng Haibin Wind Farm Project,"Hefeng Taoyuan Hydropower Co., Ltd.",Energy industries (renewable/non-renewable sources),,ACM0002,Late to verify,China,"122,340",,2020-04-06,,
6,HEILONGJIANG MULING DAIMAGOU WIND FARM PROJECT (PHASE 2) CHINA,Hong Kong Wind Power (Muling) Ltd.,Energy industries (renewable/non-renewable sources),,ACM0002,Late to verify,China,"75,293",Asia,2009-03-24,,
7,HEILONGJIANG MULING DAIMAGOU WIND FARM PROJECT (PHASE 1) CHINA,Asia Wind Power (Mudanjiang) Ltd.,Energy industries (renewable/non-renewable sources),,ACM0002,Late to verify,China,"75,293",Asia,2009-03-24,,
11,"Waste heat power generation project at Hunan Anshi Xingyuan Power Generation Co., Ltd.",Vitol SA,Energy industries (renewable/non-renewable sources),,ACM0002; ACM0012,Late to verify,China,"51,360",,2020-04-06,,
12,Chuanwei Group 24 MW Waste Gas based Captive Power Plant,"Neijiang Xingming Energy Co., Ltd.",Energy industries (renewable/non-renewable sources),,ACM0002,Registered,China,"183,021",Asia,2020-04-06,2021-01-01,2027-12-31
26,Gansu Diebu Niaojiaga 12.9 MW Hydropower Station Project,"Diebu Niaojiaga Hydropower Development Co, Ltd",Energy industries (renewable/non-renewable sources),,AMS-I.D.,Registered,China,"55,789",Asia,2020-04-06,,
27,Yunnan Heier 25MW Hydro Power Project,Origin Energy Electricity Limited,Energy industries (renewable/non-renewable sources),,ACM0002,Late to verify,China,"96,046",,2020-04-06,,
28,Hubei Hefeng Yanzi Town Baishun Village Taohuashan Hydropower Station,COzero,Energy industries (renewable/non-renewable sources),,ACM0002; AMS-I.D.,Late to verify,China,"39,915",,2020-04-06,,
37,ISLWASTE HEAT RECOVERY PROJECT,Ind Synergy Ltd,Energy industries (renewable/non-renewable sources),,ACM0012,Late to verify,India,"67,185",Asia,2009-04-21,,
38,Energy Efficiency Project in the Ramla Cement Plant in Israel,Nesher Cement Enterprises Ltd.,Energy industries (renewable/non-renewable sources),,ACM0002; AMS-I.D.; AMS-II.D.,Late to verify,Israel,"8,165",Middle East,2020-04-06,,
39,"Offis Textile Ltd. Fuel Switch, Israel",Offis Textile Ltd.,Energy industries (renewable/non-renewable sources),,AMS-I.C.; AMS-III.B.,Late to verify,Israel,"9,243",Middle East,2020-04-06,,
40,Yichun Erduoyan Wind Power Project 28.05MW,"Yichun Xinganling Wind Power Co., Ltd.",Energy industries (renewable/non-renewable sources),,ACM0002,Registered,China,"61,966",Asia,2009-05-04,,
42,Ratchaburi Farms Biogas Project at Nong Bua Farm,"Nong Bua Farm & Country Home Village Co., Ltd.",Energy industries (renewable/non-renewable sources),,AMS-III.D.,Late to verify,Thailand,"15,958",Asia,2020-04-06,,
43,Fuel Switch from fossil fuel to renewable biomass for thermal energy applications in Rajasthan,Greenply Industries Limited (GIL),Energy industries (renewable/non-renewable sources),,AMS-I.C.,Late to verify,India,"17,475",Asia,2020-04-06,,
44,Jiratpattana Biogas Energy Project,Thai Biogas Energy Company Ltd,Energy industries (renewable/non-renewable sources),,AMS-I.D.,Late to verify,Thailand,"24,726",Asia,2020-04-06,,
45,Zhoubai Hydroelectric Project,Chongqing Wujiang Industry (power) Group,Energy industries (renewable/non-renewable sources),,ACM0002,Registered,China,"58,051",Asia,2020-04-06,,
46,Wahei Hydroelectric Project,"Sichuan Mabian Xianjiapuhe Power Generation Co., L",Energy industries (renewable/non-renewable sources),,ACM0002,Late to verify,China,"177,575",Asia,2020-04-06,2020-06-27,2027-06-26
47,Jinan Landfill Gas to Energy Project,"Shandong Shifang New Energy Co., Ltd.",Energy industries (renewable/non-renewable sources),,ACM0001; AMS-I.D.,Late to verify,China,"112,908",Asia,2020-04-06,2020-05-01,2027-04-30
48,Shandong Tuoji Island Wind Farm Project,Carbon Resource Management Ltd,Energy industries (renewable/non-renewable sources),,AMS-I.D.,Late to verify,China,"24,998",Asia,2009-05-05,2021-03-03,2028-03-02
49,Liaoning Huanren Niumaodashan Wind Power Project,"CASC Longyuan (Benxi) Wind Power Co., Ltd.",Energy industries (renewable/non-renewable sources),,ACM0002,Registered,China,"61,739",Asia,2020-04-06,,
51,29.70 MW Wind Power project in Karnataka India,ACCIONA WIND ENERGY PVT. LTD.,Energy industries (renewable/non-renewable sources),,ACM0002,Registered,India,"88,240",Asia,2020-04-06,,
30,Hunan Dongping 72MW Hydropower Project,Wuling Power Corporation Ltd,Energy industries (renewable/non-renewable sources),,ACM0002,Registered,China,"253,336",Asia,2020-04-06,2021-04-01,2028-03-31
35,Zhuhai Hengqin Island Wind Farm Project,Zhuhai Guohua Wonderful Wind Power Exploitation Co,Energy industries (renewable/non-renewable sources),,ACM0002,Late to verify,China,"33,217",Asia,2020-04-06,2022-01-07,2029-01-06
53,Milenium Ceramic Switching Non Renewable Biomass Project,Multiple Proponents,Energy industries (renewable/non-renewable sources),,AMS-I.E.,Late to verify,Brazil,"23,371",Latin America,2020-04-06,,
55,Lucevans Ceramic Fuel Switching Project,Multiple Proponents,Energy industries (renewable/non-renewable sources),,AMS-I.E.,Late to verify,Brazil,"9,144",Latin America,2020-04-06,,
56,"Manasi River Stage I Hydropower Project of Hongshanzui Hydropower Plant, Xinjiang Tianfu Thermoelectric Co., Ltd.","Xinjiang Tianfu Thermoelectric Co., Ltd.",Energy industries (renewable/non-renewable sources),,ACM0002,Late to verify,China,"150,000",Asia,2020-04-06,2021-01-01,2027-12-31
58,Pubu Hydropower Station Project,Panzhihua Reshuihe Electric Power Development Co.,Energy industries (renewable/non-renewable sources),,ACM0002; AMS-I.D.,Late to verify,China,"8,746",Asia,2020-04-06,,
59,Biomass powered process heat production and use project at Kangwal,"Kangwal Polyester Co.,Ltd",Energy industries (renewable/non-renewable sources),,AMS-I.C.,Late to verify,Thailand,"21,885",Asia,2020-04-06,,
60,Irmãos Fredi Ceramic Fuel Switching Project,Multiple Proponents,Energy industries (renewable/non-renewable sources),,AMS-I.E.,Late to verify,Brazil,"28,990",Latin America,2011-07-01,,
61,Tapajós Ceramic Fuel Switching Project,Multiple Proponents,Energy industries (renewable/non-renewable sources),,AMS-I.E.,Late to verify,Brazil,"10,622",Latin America,2020-04-07,,
62,Yunnan Dehong Longchuan Bienaihe 1st and 2nd Level Hydropower Stations,"Longchuan Minhong Hydro Power Co., Ltd.",Energy industries (renewable/non-renewable sources),,ACM0002; AMS-I.D.,Late to verify,China,"34,907",Asia,2020-04-06,2020-03-28,2027-03-27
65,Reunidas Ceramic Switching Non-Renewable Biomass Project,Multiple Proponents,Energy industries (renewable/non-renewable sources),,AMS-I.E.,Registered,Brazil,"5,553",Latin America,2020-04-06,2017-10-01,2027-09-30
67,Ratchaburi Farms Biogas Project at SPM Farm,"SPM Feedmill Co., Ltd.",Energy industries (renewable/non-renewable sources),,AMS-I.D.; AMS-III.D.,Late to verify,Thailand,"23,556",Asia,2020-04-06,,
68,"119.8 MW Natural Gas based Combined Cycle Power Plant, at Tanjavur, Tamilnadu by M/s Aban  Power Company Limited",Lanco Tanjore Power Company Limited,Energy industries (renewable/non-renewable sources),,AM0029,Registered,India,"181,153",Asia,2020-04-06,,
69,5.8 MW Wind Energy Generation by M/s Patspin India Limited,Patspin India Ltd,Energy industries (renewable/non-renewable sources),,AMS-I.D.,Late to verify,India,"12,975",Asia,2009-06-10,,
71,Chengde Hongsong Windfarm Project,Hebei Hong-Song Wind Power Share Holding Ltd.,Energy industries (renewable/non-renewable sources),,ACM0002,Late to verify,China,"110,000",Asia,2009-06-11,,
583,Yazi 1.13 MW HEPP,Elestas Elektrik Uretim A.S.,Energy industries (renewable/non-renewable sources),,AMS-I.D.,Registered,Turkey,"2,825",Middle East,2020-06-04,,
73,"Mingying 3.75MW Hydro Power Project in Guizhou Province, China",Guizhou Qiannan Zhongshui Hydro Power Development,Energy industries (renewable/non-renewable sources),,AMS-I.D.,Late to verify,China,"8,268",Asia,2009-06-15,2020-12-18,2027-12-17
75,5.4 MW Grouped Wind Power Project in Gujarat & Maharashtra (India) by Rohan Builders (India) Pvt Ltd.,Rohan Builders (India),Energy industries (renewable/non-renewable sources),,AMS-I.D.,Late to verify,India,"9,143",Asia,2009-06-15,,
76,Liaoyuan Jingang cement Waste Heat Recovery,"Liaoyuan Jingang Cement (Holding) Co., Ltd.",Energy industries (renewable/non-renewable sources),,ACM0012,Late to verify,China,"100,636",Asia,2009-06-15,2020-09-29,2027-09-28
78,NOBRECEL Biomass energy project,EcoSecurities International Limited,Energy industries (renewable/non-renewable sources),,ACM0006,Late to verify,Brazil,"76,743",Latin America,2020-04-06,2022-01-01,2031-12-31
81,São Judas Tadeu Fuel Switching Project,Multiple Proponents,Energy industries (renewable/non-renewable sources),,AMS-I.E.,Late to verify,Brazil,"16,416",Latin America,2020-04-06,,
85,Shizibao Hydropower Station Project,"Yanbian Heli Electric Power Co., Ltd.",Energy industries (renewable/non-renewable sources),,ACM0002; AMS-I.D.,Late to verify,China,"7,626",Asia,2020-04-06,2021-06-01,2028-05-31
86,Xiangjian Hydropower Station Units 3 and 4 Project,"Yanbian Heli Electric Power Co., Ltd.",Energy industries (renewable/non-renewable sources),,AMS-I.D.,Late to verify,China,"10,928",Asia,2020-04-06,,
87,Xiangshuihe Hydropower Station Project,"Yanbian Heli Electric Power Co., Ltd.",Energy industries (renewable/non-renewable sources),,AMS-I.D.,Late to verify,China,"5,922",Asia,2020-04-06,2021-06-01,2028-05-31
88,Sanchawan 32MW Hydro Power Project,"Guizhou Anshun Sanchawan Hydropower Co., Ltd.",Energy industries (renewable/non-renewable sources),,ACM0002,Late to verify,China,"117,618",Asia,2009-06-30,2020-11-01,2027-10-31
89,Xinjiang Dabancheng Sanchang First Phase Wind Farm Project,"Xinjiang Tianfeng Wind Power Co., Ltd.",Energy industries (renewable/non-renewable sources),,ACM0002,Registered,China,"80,817",Asia,2020-04-06,,
90,Dongliuxi Erji 12.6 MW Hydropower Project in Hubei Province,Essent Trading,Energy industries (renewable/non-renewable sources),,AMS-I.D.,Late to verify,China,"44,982",Asia,2020-04-06,2021-07-15,2028-07-14
91,Changshatou 10MW Hydropower Project in Hubei Province,"Yichang Changfeng Hydropower Development Co., Ltd",Energy industries (renewable/non-renewable sources),,AMS-I.D.,Registered,China,"33,022",Asia,2020-04-06,2017-12-10,2027-12-09
99,Saihanba East 45.05 MW Windfarm Project,"Datang Chifeng Saihanba Wind Power Generation Co.,",Energy industries (renewable/non-renewable sources),,ACM0002,Late to verify,China,"111,812",Asia,2009-07-15,2020-10-01,2027-09-30
100,Boiler fuel conversion from Furnace Oil to Bagasse at Biltube Core Boards Ltd,JPMorgan Ventures Energy Corporation,Energy industries (renewable/non-renewable sources),,AMS-III.B.,Late to verify,India,"4,453",Asia,2009-07-15,,
101,Bagasse based Co-generation Power Project at Khatauli,Triveni Engineering and Industries Limited (TEIL),Energy industries (renewable/non-renewable sources),,ACM0006,Late to verify,India,"86,808",Asia,2009-07-15,,
102,6 MW Rice Husk based cogeneration plant at Bhageshwari Papers Private Limited,Bhageshwari Paper Pvt Ltd,Energy industries (renewable/non-renewable sources),,AMS-I.C.,Late to verify,India,"28,983",Asia,2009-07-15,2020-03-28,2027-03-27
103,RIMA Fuel Switch in Bocaiúva,RIMA Industrial S/A,Energy industries (renewable/non-renewable sources),,AMS-I.C.,Registered,Brazil,"28,849",Latin America,2009-07-15,,
104,Wood waste-to-energy project at Sawmill-25 (Arkhangelsk),JSC Sawmill 25,Energy industries (renewable/non-renewable sources),,ACM0006,Late to verify,Russian Federation,"42,198",Europe,2009-07-15,2006-01-01,2030-12-31
105,Maoshaping Hydro Power Project,"Yangbi Heihuijiang Electric Power Development Co.,",Energy industries (renewable/non-renewable sources),,AMS-I.D.,Late to verify,China,"31,810",Asia,2009-07-15,2021-05-10,2028-05-09
106,"Taohua 9MW Hydro Power Project in Guizhou Province, China",Guizhou Qiannan Zhongshui Hydro Power Development,Energy industries (renewable/non-renewable sources),,AMS-I.D.,Late to verify,China,"29,516",Asia,2009-07-15,2020-09-26,2027-09-25
107,Amatitlan Geothermal Project,Ortitlan Limitada,Energy industries (renewable/non-renewable sources),,ACM0002,Late to verify,Guatemala,"82,978",Latin America,2020-04-06,2021-02-10,2028-02-09
109,8.25 MW Bundled Wind Power Project,M/s MITCON Consultancy Services Ltd.,Energy industries (renewable/non-renewable sources),,AMS-I.D.,Late to verify,India,"14,888",Asia,2009-07-23,,
110,Mani 14 MW Small Hydropower Project,JPMorgan Ventures Energy Corporation,Energy industries (renewable/non-renewable sources),,AMS-I.D.,Late to verify,China,"56,597",Asia,2009-07-23,2020-01-09,2027-01-08
95,Heilongjiang Huafu Muling Wind Farm Project,Heilongjiang Huafu Muling Wind Power Co. Ltd,Energy industries (renewable/non-renewable sources),,ACM0002,Late to verify,China,"76,644",Asia,2009-07-15,2019-12-14,2026-12-13
96,Shandong Yucheng Xinyuan Biomass Heat & Power,"Shandong Yuchen Xinyuan Heat & Power Co., Ltd.",Energy industries (renewable/non-renewable sources),,ACM0002; ACM0006,Late to verify,China,"189,552",Asia,2009-07-15,2021-01-01,2027-12-31
97,Yanling Shendu Hydropower Project,"Hunan Zhongda Shendu Hydropower Co., Ltd.",Energy industries (renewable/non-renewable sources),,AMS-I.D.,Registered,China,"19,883",Asia,2009-07-15,,
112,"Yunnan Nameguo, Faguo Hydropower stations",Siento Energy Investment,Energy industries (renewable/non-renewable sources),,ACM0002,Late to verify,China,"58,077",Asia,2020-04-06,2016-04-01,2026-03-31
114,"7.2 MW Wind Project at Chitradurga, Karnataka",M/s Mysore Mercantile Co. Limited,Energy industries (renewable/non-renewable sources),,AMS-I.D.,Late to verify,India,"13,104",Asia,2009-07-27,,
117,"Waste heat recovery based power plant at Hindustan Zinc Limited, Chanderia",Hindustan Zinc Limited,Energy industries (renewable/non-renewable sources),,ACM0012,Registered,India,"51,609",Asia,2020-04-06,,
118,Huangyutang Hydro Power Project in Guizhou Province,Guizhou Tengyuan Electric Power Development Co. Lt,Energy industries (renewable/non-renewable sources),,AMS-I.D.,Late to verify,China,"43,149",Asia,2020-04-06,2022-06-01,2029-05-31
119,Changtan Hydro Power Project in Guizhou Province,Sinan Tengyuan Shuanghe Electric Power Co. Ltd.,Energy industries (renewable/non-renewable sources),,AMS-I.D.,Late to verify,China,"16,447",Asia,2020-04-06,2022-06-01,2029-05-31
121,Saihanba North 45.05 MW Windfarm Project,JPMorgan Ventures Energy Corporation,Energy industries (renewable/non-renewable sources),,ACM0002,Late to verify,China,"111,812",Asia,2009-08-04,2020-11-01,2027-10-31
123,Longwangtan 15MW Hydro Power Project in Guizhou Province,Longyuan Hydro Power Development in Congiang Count,Energy industries (renewable/non-renewable sources),,AMS-I.D.,Late to verify,China,"43,274",Asia,2009-08-06,,
124,Gansu Yumen Sanshilijingzi Wind Power Project,"Gansu Jieyuan Wind Power Co., Ltd.",Energy industries (renewable/non-renewable sources),,ACM0002,Registered,China,"106,556",Asia,2020-06-04,,
130,"Arrozal, GGP and Sul America Ceramics Fuel Switching Project",Multiple Proponents,Energy industries (renewable/non-renewable sources),,AMS-I.C.,Late to verify,Brazil,"27,771",Latin America,2020-04-06,2016-04-01,2026-03-31
132,"9 MW Neria Hyrdroelectric project, Karnataka, India",Bhoruka Power Corporation Limited,Energy industries (renewable/non-renewable sources),,AMS-I.D.,Registered,India,"18,663",Asia,2009-08-29,,
134,"3.9 MW Bundled renewable energy project in Tamil Nadu, India",CRP India Private Ltd,Energy industries (renewable/non-renewable sources),,AMS-I.D.,Late to verify,India,"6,787",Asia,2009-09-03,,
135,Shangyi Manjing Windfarm Project,Guohua (Hebei) Renewable Energy Co Ltd.,Energy industries (renewable/non-renewable sources),,ACM0002,Late to verify,China,"66,207",Asia,2020-04-06,,
136,Tungabhadra Wind Power Project.,Enercon (India) Limited,Energy industries (renewable/non-renewable sources),,ACM0002,Late to verify,India,"49,331",Asia,2009-09-09,,
137,Qixia Tangshanpeng Windfarm Project,Carbon Resource Management Ltd,Energy industries (renewable/non-renewable sources),,ACM0002,Late to verify,China,"45,774",Asia,2009-09-10,,
139,6 MW RPPL biomass based power plant,Rithwik Power Projects Limited,Energy industries (renewable/non-renewable sources),,AMS-I.D.,Late to verify,India,"24,260",Asia,2020-04-06,,
140,Xinjiang Xiaocaohu Wind Power Project,MGM Worldwide LLC,Energy industries (renewable/non-renewable sources),,ACM0002,Late to verify,China,"108,924",Asia,2020-04-06,2022-03-15,2029-03-14
148,Hebei Kangbao Wolongtushan 30 MW Wind Farm Project,"Hebei Construction Investment Zhangjiakou Wind Energy Co, Ltd.",Energy industries (renewable/non-renewable sources),,ACM0002,Registered,China,"59,089",Asia,2020-04-06,2021-04-15,2028-04-14
149,Rongcheng Dongchudao Wind Farm,"Shandong Luneng Development Group Co., Ltd.",Energy industries (renewable/non-renewable sources),,ACM0002; AMS-I.D.,Late to verify,China,"29,091",Asia,2020-04-06,2021-05-01,2028-04-30
150,Inner Mongolia Wudaogou 50.25MW Wind Power Project,"Chifeng Xinsheng Wind Power Co., Ltd.",Energy industries (renewable/non-renewable sources),,ACM0002,Registered,China,"142,848",Asia,2020-04-06,,
151,Yuyao Electricity Generation Project using Natural Gas,Zhejiang Guohua Yuyao Fuel Gas Power Generation Co,Energy industries (renewable/non-renewable sources),,ACM0002; AM0029,Late to verify,China,"804,794",,2020-04-06,,
152,Ningxia Tianjing 50.25MW Wind-farm Project,Ningxia Tianjing Wind Power Generation Electricity,Energy industries (renewable/non-renewable sources),,ACM0002,Late to verify,China,"15,144",Asia,2009-10-21,2021-04-01,2028-03-31
153,"Rick husk based cogeneration plant (5 MW) at Shibzada Ajit Singh Nagar District, Punjab by M/s Nahar Industrial Enterprises limited.",Nahar Industrial Enterprises Limited,Energy industries (renewable/non-renewable sources),,AMS-I.C.,Late to verify,India,"44,820",Asia,2009-07-31,,
145,Enercon Bundled Wind power projects (2004 Policy) in Rajasthan,Enercon (India) Limited,Energy industries (renewable/non-renewable sources),,ACM0002,Late to verify,India,"41,766",Asia,2009-10-03,,
146,Pôr do Sol Ceramic Fuel Switching Project,Multiple Proponents,Energy industries (renewable/non-renewable sources),,AMS-I.E.,Late to verify,Brazil,"7,905",Latin America,2020-04-07,,
156,Zhejiang Cixi Wind Farm Project,"Cixi Yangtze River Wind Power Co., Ltd.",Energy industries (renewable/non-renewable sources),,ACM0002,Late to verify,China,"99,086",,2020-04-06,,
157,Zhejiang Qushan Wind Farm Project,"Zhejiang Meida Electric Power Development Co., Ltd",Energy industries (renewable/non-renewable sources),,ACM0002,Late to verify,China,"81,654",,2020-04-06,,
169,"Zhongfang County Pailou Hydro Project, China","Pailou Hydropower of Zhongfang County Co., Ltd.",Energy industries (renewable/non-renewable sources),,ACM0002,Late to verify,China,"71,606",,2020-04-06,,
170,"22.5 MW grid connected wind farm project by RSMMLin Jaisalmer,India",Rajasthan State Mines & Minerals Ltd,Energy industries (renewable/non-renewable sources),,ACM0002,Late to verify,India,"28,291",Asia,2009-11-05,,
171,Pingwu Renjiaba 12.6 MW Small Hydropower Project,"Pingwu Chuanjiang Hydropower Development Co., Ltd",Energy industries (renewable/non-renewable sources),,AMS-I.D.,Late to verify,China,"73,089",,2020-04-06,,
172,"Yunnan Zemahe 15MW Small Hydropower Project, P. R. China",Fugong Hongda Hydropower Development Co. Ltd,Energy industries (renewable/non-renewable sources),,AMS-I.D.,Late to verify,China,"63,561",,2020-04-06,,
164,Primavera Small Hydroelectric Project,EcoSecurities International Limited,Energy industries (renewable/non-renewable sources),,ACM0002,Late to verify,Brazil,"82,000",Latin America,2020-04-06,,
523,WHR CDM CPP,Godawari Power and Ispat Ltd.,Energy industries (renewable/non-renewable sources),,ACM0002,Late to verify,India,"159,926",,2020-04-06,,
524,Fray Bentos Biomass Power Generation Project,UPM S.A,Energy industries (renewable/non-renewable sources),,ACM0002,Late to verify,Uruguay,"39,636",,2020-04-06,,
525,5.1 MW bundled Wind Power Project in Tirunelveli (Tamil Nadu),Multiple Proponents,Energy industries (renewable/non-renewable sources),,AMS-I.D.,Late to verify,India,"12,000",Asia,2020-04-06,,
526,Harbin Rice Husk Thermal Energy Generation Project,Wilmar International Limited,Energy industries (renewable/non-renewable sources),,AMS-I.C.,Late to verify,China,"75,194",Asia,2010-11-18,,
703,PANITAO Biomass Thermal Energy Project,Energias Industriales S.A.,Energy industries (renewable/non-renewable sources),,AMS-I.C.,Registered,Chile,"19,235",Latin America,2011-10-31,,
176,"Methane Capture, Power and Heat generation from Coal Mine Gas in the Concession HER-TEUTO",Carbon-TF B.V.,"Energy industries (renewable/non-renewable sources); Fugitive emissions from fuels (solid, oil and gas)",,AM0010,Late to verify,Germany,"64,261",Europe,2020-04-06,,
180,Rialma Companhia Energética I S/A. – Santa Edwiges I Small Hydro Power Plant - Small Scale CDM Project,Rialma Companhia Energética I S.A.,Energy industries (renewable/non-renewable sources),,AMS-I.D.,Late to verify,Brazil,"13,138",Latin America,2020-04-06,2020-11-02,2027-11-01
705,Shandong Weihai 69 MW Wind Power Project,Huaneng Zhongdian Weihai Wind Power Co,Energy industries (renewable/non-renewable sources),,ACM0002,Late to verify,China,"135,920",Asia,2020-04-06,2021-10-01,2028-09-30
712,"Introduction of Blast furnace gas firing in boiler no.6, PBS (PP-1), Bhilai Steel Plant and Introduction",Steel Authority Of India Limited,Energy industries (renewable/non-renewable sources),,ACM0012,Late to verify,India,"257,798",Asia,2020-04-06,2016-04-01,2026-03-31
714,Liaoning Changtu Shihu Wind Power Project,"Tieling Longyuan Wind Power Co., Ltd.",Energy industries (renewable/non-renewable sources),,ACM0002,Registered,China,"115,689",Asia,2011-11-29,,
715,Gansu Yumen Diwopu Phase II  Wind Power Project,"Gansu Jieyuan Wind Power Co., Ltd.",Energy industries (renewable/non-renewable sources),,ACM0002,Registered,China,"323,130",Asia,2020-04-06,,
723,0.7 MW Wind Power Generation Project of BLA Coke Private Limited,BLA COKE PRIVATE LIMITED,Energy industries (renewable/non-renewable sources),,AMS-I.D.,Late to verify,India,"1,035",Asia,2011-12-10,,
734,Wind power project by Patnaik Minerals Pvt. Ltd.,Patnaik Minerals Private Limited (PMPL),Energy industries (renewable/non-renewable sources),,ACM0002,Registered,India,"64,864",Asia,2020-06-04,,
735,Wind power project by PMPL in Maharashtra,Patnaik Minerals Private Limited (PMPL),Energy industries (renewable/non-renewable sources),,AMS-I.D.,Late to verify,India,"22,614",Asia,2020-04-06,,
739,Pawan Urja Vistaran: Small entities combined wind power project in India - 2002-03,Multiple Proponents,Energy industries (renewable/non-renewable sources),,AMS-I.D.,Late to verify,India,"11,056",Asia,2020-04-06,,
741,Pawan Urja Vistaran: Small entities combined wind power project in India - 2006,Multiple Proponents,Energy industries (renewable/non-renewable sources),,ACM0002,Late to verify,India,"63,508",Asia,2020-04-06,2016-03-28,2026-03-27
745,Pawan Urja Vistaran: Small entities combined wind power project in India - 2005,Multiple Proponents,Energy industries (renewable/non-renewable sources),,ACM0002,Late to verify,India,"36,299",Asia,2020-04-06,,
749,Grid Connected Renewable Power Generation from Wind Mills by L.S Mills,Multiple Proponents,Energy industries (renewable/non-renewable sources),,AMS-I.D.,Registered,India,"18,539",Asia,2011-12-16,,
755,OTLUCA HPPs run-of-river hydro project,Elen Enerji Uretimi Sanayi Ticaret A.S.,Energy industries (renewable/non-renewable sources),,ACM0002,Registered,Turkey,"121,306",Middle East,2020-04-06,,
767,Wuhe Kaidi Biomass Power Project,"Wuhe Kaidi Green Energy Development Co., Ltd",Energy industries (renewable/non-renewable sources),,ACM0002; ACM0006,Late to verify,China,"106,559",Asia,2012-02-06,,
770,2.10MW Wind Project in Rajasthan,Arvind Construction Private Limited,Energy industries (renewable/non-renewable sources),,AMS-I.D.,Late to verify,India,"3,519",Asia,2012-02-08,,
772,3.75 MW Wind Energy by Mrs. Revathi Raju at Gadag District of Karnataka State,Mrs. Revathi Raju,Energy industries (renewable/non-renewable sources),,ACM0002,Late to verify,India,"7,894",Asia,2020-04-06,2016-09-28,2026-09-27
781,Installation of a biomass-fired boiler at Arbec Forest Products G.P. in Péribonka,Arbec Forest Products G.P.,Energy industries (renewable/non-renewable sources),,AMS-I.C.,Late to verify,Canada,"9,887",North America,2012-01-23,,
782,Grid connected wind energy project in Tamil Nadu by Super Wind Project Private Ltd.,Super Wind Project Private Ltd,Energy industries (renewable/non-renewable sources),,ACM0002,Registered,India,"80,087",Asia,2020-04-06,,
785,Bangkok Kamphaeng Saen West: Landfill Gas to Electricity Project,"Zenith Green Energy Co., Ltd",Energy industries (renewable/non-renewable sources); Waste handling and disposal,,ACM0001,Withdrawn,Thailand,"246,602",Asia,,,
792,Tadi 16 MW Hydropower Project in Zhejiang Province,"Quzhou Tadi Hydro Complex Development Co., Ltd.",Energy industries (renewable/non-renewable sources),,ACM0002,Late to verify,China,"52,324",Asia,2020-04-06,,
793,China Resources Huilai Xian¡¯an Wind Power Project,"China Resources Wind Power (Huilai) Co., Ltd.",Energy industries (renewable/non-renewable sources),,ACM0002,Registered,China,"87,648",Asia,2020-04-06,,
798,Guangdong Guanshan Wind Power Project,"China Resources Wind Power (Huilaizhoutian) Co., Ltd.",Energy industries (renewable/non-renewable sources),,ACM0002,Registered,China,"90,124",Asia,2012-03-01,,
804,Datang Jilin Shuangliao Wind Farm Project,Climate Change Capital Carbon Fund S.a.r.l.,Energy industries (renewable/non-renewable sources),,ACM0002,Late to verify,China,"103,585",Asia,2020-04-06,2021-04-01,2028-03-31
806,YESIL HYDROELECTRIC POWER PLANT (HEPP),Yeşilbas Elektrik Üretim AŞ,Energy industries (renewable/non-renewable sources),,ACM0002,Late to verify,Turkey,"27,069",Middle East,2020-04-06,2019-12-04,2029-12-03
815,Chifeng Sunjiaying Wind Power Project,"Chifeng Xinsheng Wind Power Co., Ltd.",Energy industries (renewable/non-renewable sources),,ACM0002,Registered,China,"123,699",Asia,2020-06-04,,
816,BATISOKE Soke Çimento Sanayii T.A.S. 5.5 MW Cement WHR Project,Batısoke Soke Çimento San. T.A.S.,Energy industries (renewable/non-renewable sources); Manufacturing industries,,ACM0012,Registered,Turkey,"16,993",Asia,2020-06-04,,
821,13.95 MW grid connected wind electricity generation by SRF Limited,SRF Limited,Energy industries (renewable/non-renewable sources),,AMS-I.D.,Registered,India,"34,886",Asia,2020-04-06,,
828,12.25 MW Bundled Wind Power Project in India,Multiple Proponents,Energy industries (renewable/non-renewable sources),,AMS-I.D.,Late to verify,India,"20,121",Asia,2020-04-06,2016-03-31,2026-03-30
830,Beijing Guanting Wind Power Project Phase II and Phase II addition,"Beijing Jingneng Clean Energy Co., Ltd.",Energy industries (renewable/non-renewable sources),,ACM0002,Registered,China,"153,099",Asia,2012-05-02,,
840,WIND POWER PROJECT BY M/S DHARIWAL INDUSTRIES LTD. AND M/S R. M. DHARIWAL (HUF),Multiple Proponents,Energy industries (renewable/non-renewable sources),,ACM0002,Registered,India,"35,919",Asia,2020-04-06,,
841,1 MW Grid Interactive Solar PV Power Generation Project of MSPGCL,Maharashtra State Power Generation Company Limited,Energy industries (renewable/non-renewable sources),,AMS-I.D.,Late to verify,India,"1,370",Asia,2012-03-09,,
842,BUNDLED WIND POWER PROJECT IN RAJASTHAN BY FRIENDS GROUP,Friends Salt Works &Allied Industries,Energy industries (renewable/non-renewable sources),,ACM0002,Late to verify,India,"59,138",Asia,2020-04-06,2020-09-23,2030-09-22
849,Inner Mongolia Ximeng Zheligentu Wind Farm Phase I Project,"Beijing International New Energy Co., Ltd.",Energy industries (renewable/non-renewable sources),,ACM0002,Registered,China,"104,941",Asia,2012-06-13,,
850,Inner Mongolia Jingneng Saihan Wind Farm Phase I Project,"Beijing International New Energy Co., Ltd.",Energy industries (renewable/non-renewable sources),,ACM0002,Registered,China,"131,331",Asia,2012-07-02,,
855,3 MW wind farm project for Gupta Coalfields & Washeries Limited,Gupta Coalfields & Washeries Limited,Energy industries (renewable/non-renewable sources),,AMS-II.D.,Late to verify,India,"6,689",Asia,2020-04-06,,
870,"Wind Power Project by M/s Chhotabhai Jethabhai Patel & Co. (CJP) at Sinnar, Maharashtra",M/s Chhotabhai Jethabhai Patel & Co.,Energy industries (renewable/non-renewable sources),,AMS-I.D.,Late to verify,India,"2,976",Asia,2020-04-06,,
871,16.65 MW Bundled Wind Power Project in Tamilnadu,Vestas Wind Technology India Private Limited,Energy industries (renewable/non-renewable sources),,ACM0002,Late to verify,India,"39,642",Asia,2020-04-06,2016-03-28,2026-03-27
873,Gansu Guazhou Beidaqiao Wind Power Project,"Longyuan (Jiuquan) Wind Power Co., Ltd.",Energy industries (renewable/non-renewable sources),,ACM0002,Registered,China,"570,569",Asia,2012-07-31,,
527,Jiamusi Rice Husk Thermal Energy Generation Project,Wilmar International Limited,Energy industries (renewable/non-renewable sources),,AMS-I.C.,Late to verify,China,"25,997",Asia,2010-11-18,,
528,Panjin Rice Husk Thermal Energy Generation Project,Wilmar International Limited,Energy industries (renewable/non-renewable sources),,AMS-I.C.,Late to verify,China,"33,438",Asia,2010-11-18,,
529,Jilin Rice Husk Thermal Energy Generation Project,Wilmar International Limited,Energy industries (renewable/non-renewable sources),,AMS-I.C.,Late to verify,China,"59,533",Asia,2010-11-18,,
531,"1 MW Jiwa Small Hydel Project in Kullu, Himachal Pradesh",Chevron Hydel (Pvt.) Ltd.,Energy industries (renewable/non-renewable sources),,AMS-I.D.,Registered,India,"4,484",Asia,2020-04-06,,
532,4.85 MW wind power project in Maharashtra and Tamilnadu,Gensol Consultants Pvt. Ltd.,Energy industries (renewable/non-renewable sources),,AMS-I.D.,Late to verify,India,"10,427",,2020-04-06,,
533,Feke I 29.4 MW Hydroelectric Power Plant,Akenerji Elektrik Uretim A.S,Energy industries (renewable/non-renewable sources),,ACM0002,Withdrawn,Turkey,"63,999",,2020-04-06,,
538,14.1 MW grid connected wind energy project in Tamilnadu by ITC Limited,ITC Limited,Energy industries (renewable/non-renewable sources),,AMS-I.D.,Registered,India,"36,182",Asia,2020-04-06,,
539,Liaoning Kangping Furaoshan Wind Power Project,"Shenyang Longyuan Hero Asia Wind Power Co.,Ltd.",Energy industries (renewable/non-renewable sources),,ACM0002,Registered,China,"111,719",Asia,2020-04-06,,
540,CGN Inner Mongolia Huitengliang Phase I Wind Farm Project,"CGN Wind Power CO.,Ltd.",Energy industries (renewable/non-renewable sources),,ACM0002,Registered,China,"133,871",Asia,2020-04-06,,
551,SSL Wind Power Project,Suma Shilp Limited,Energy industries (renewable/non-renewable sources),,AMS-I.D.,Late to verify,India,"22,675",Asia,2010-12-17,,
552,Banna Liusha River Fifth Level Power Plant Project,"Xishuangbanna Silver Sand Electric Power Co.,Ltd",Energy industries (renewable/non-renewable sources),,AMS-I.D.,Late to verify,China,"39,734",Asia,2010-12-21,2022-01-01,2028-12-31
553,Sebenoba 30 MW Wind Farm,DENIZ Elektrik Uretim Ltd,Energy industries (renewable/non-renewable sources),,ACM0002,Registered,Turkey,"60,000",Middle East,2010-11-03,,
554,"AZMAK 24.3 Hydro Power Project, Turkey",OZGUR ELEKTRIK URETIM A.S.,Energy industries (renewable/non-renewable sources),,ACM0002,Late to verify,Turkey,"55,000",Middle East,2010-12-24,2019-12-24,2029-12-23
555,"Emission free electricity generation at Harihar, Karnataka",MSPL Limited,Energy industries (renewable/non-renewable sources),,AMS-I.D.,Late to verify,India,"11,569",Asia,2010-12-30,,
556,Xilinguole Huitengliang Wind Power Project Guotai Phase I,"Xilinguole Guotai Wind Power Co., Ltd.",Energy industries (renewable/non-renewable sources),,ACM0002,Late to verify,China,"128,227",Asia,2020-04-06,,
544,Gansu Guazhou Daliangxi Wind Power Project,"CGN Wind Power CO.,Ltd.",Energy industries (renewable/non-renewable sources),,ACM0002,Registered,China,"115,144",Asia,2020-04-06,,
545,Generation of Electricity in Gujarat from Bundled Wind Energy Project Activity – Bundle 6,RESURGE ENERGY PRIVATE LIMITED,Energy industries (renewable/non-renewable sources),,AMS-I.D.,Late to verify,India,"19,785",Asia,2020-04-06,,
546,Jilin Da'an Dagangzi Wind Power Project Phase III,Jilin CGN Wind Power Co. Ltd.,Energy industries (renewable/non-renewable sources),,ACM0002,Registered,China,"87,176",Asia,2020-04-06,,
547,Generation of electricity from Bundled 25 MW wind energy project aggregated by Resurge Energy Private Limited.,RESURGE ENERGY PRIVATE LIMITED,Energy industries (renewable/non-renewable sources),,ACM0002,Late to verify,India,"39,690",Asia,2020-04-06,,
548,Jilin Da'an Dagangzi Wind Power Project Phase II,Jilin CGN Wind Power Co. Ltd.,Energy industries (renewable/non-renewable sources),,ACM0002,Registered,China,"94,250",Asia,2020-04-06,,
549,Biomass based 6 MW grid connected renewable electricity generation at West bengal by Kamarhatty Power Limited,KAMARHATTY POWER LIMITED,Energy industries (renewable/non-renewable sources),,AMS-I.D.,Late to verify,India,"33,339",Asia,2010-12-14,,
542,Electricity generation from bundled wind energy project activity aggregated by Resurge Energy Private Limited - VII,RESURGE ENERGY PRIVATE LIMITED,Energy industries (renewable/non-renewable sources),,ACM0002,Late to verify,India,"31,220",Asia,2020-04-06,2018-05-15,2028-05-14
561,Ecofren Power 8 MW Renewable Sources Biomass Power Project,Ecofren Power & Projects Ltd,Energy industries (renewable/non-renewable sources),,AMS-I.D.,Late to verify,India,"21,488",Asia,2011-01-20,,
563,Biomass based steam generation project by Sterling Agro Industries Ltd.,Sterling Agro Industries Ltd.,Energy industries (renewable/non-renewable sources),,AMS-I.C.,Registered,India,"9,500",Asia,2020-04-06,,
570,Guangdong Chaonan Chengtian Wind Power project,"China Resources Wind Power (Shantouchaonan) Co., L",Energy industries (renewable/non-renewable sources),,ACM0002,Registered,China,"89,704",Asia,2011-02-23,,
571,e7 Galapagos / San Cristobal Wind Power Project,EOLICSA (Eolica San Cristobal S.A.),Energy industries (renewable/non-renewable sources),,AMS-I.D.,Late to verify,Ecuador,"2,850",,2020-04-06,,
574,Guangdong Chaonan Shalong Wind Power Project,"China Resources Wind Power (Shantou Chaonan) Co., Ltd.",Energy industries (renewable/non-renewable sources),,ACM0002,Registered,China,"91,856",Asia,2011-03-08,,
1086,Guizhou Tongzihe Yangjiayuan Hydropower Project,"Guizhou Tongzi River Hydropower Development Co., L",Energy industries (renewable/non-renewable sources),,ACM0002,Late to verify,China,"100,858",Asia,2013-06-18,,
1088,"4.2 MW Wind Power Project by National Enterprises at Tamil Nadu, India",National Enterprises,Energy industries (renewable/non-renewable sources),,AMS-I.D.,Registered,India,"9,294",Asia,2013-06-21,,
1095,"Heishan LN1 Household Biogas Project in Jinzhou, Liaoning Province",Beijing Rural Well-off Economy &Technology,"Energy industries (renewable/non-renewable sources); Livestock, enteric fermentation, and manure management",,AMS-I.C.; AMS-III.D.; AMS-III.R.,Under validation,China,"36,298",Asia,,,
1101,BALKODU 1 HYDRO POWER PLANT,BTA Enerji Elektrik Üretim İnşaat,Energy industries (renewable/non-renewable sources),,AMS-I.D.,Under validation,Turkey,"20,642",Middle East,,,
1102,"Wind Power Project in Tinwari, Rajasthan",Enercon (India) Limited,Energy industries (renewable/non-renewable sources),,ACM0002,Late to verify,India,"30,649",Asia,2013-07-04,,
1103,Upgrade of Dominican Power Partners’ Los Mina power station from open cycle to combined cycle power generation,"DOMINICAN POWER PARTNERS, LDC",Energy industries (renewable/non-renewable sources),,ACM0007,Registered,Dominican Republic,"345,758",Latin America,2013-07-05,,
1104,KALE HYDROELECTRIC POWER PLANT,AVKAL ENERJİ ÜRETİM VE TİCARET ANONİM ŞİRKETİ,Energy industries (renewable/non-renewable sources),,ACM0002,Registered,Turkey,"48,661",Middle East,2013-07-18,2023-03-01,2033-02-28
1105,OSMANCIK HYDROELECTRIC POWER PLANT,Turhal Enerji Uretim ve Ticaret A.S.,Energy industries (renewable/non-renewable sources),,AMS-I.D.,Registered,Turkey,"17,472",Middle East,2013-07-18,2013-02-15,2033-02-14
1106,Sogukpinar Regulator and Hydroelectric Power Plant Project,Arsan Sogukpynar Elektrik Uretim A.S.,Energy industries (renewable/non-renewable sources),,ACM0002,Under development,Turkey,"14,668",Middle East,,,
1107,Koprubasi 14.66 MW HEPP,Koprubapy Enerji Elektrik Uretim A.S.,Energy industries (renewable/non-renewable sources),,ACM0002,Under development,Turkey,"24,081",Middle East,,,
1108,23.80 MW KIY Regulator and Hydroelectric Power Plant Project,Kyy Enerji A.S.,Energy industries (renewable/non-renewable sources),,ACM0002,Under development,Turkey,"37,737",Middle East,,,
1097,Wind Energy Project in Gujarat,Vish Wind Infrastructure LLP,Energy industries (renewable/non-renewable sources),,ACM0002,Late to verify,India,"101,234",Asia,2013-07-01,,
1099,Qian'an Wangxin Caizi Town Windfarm Project Phase I,"Qian’an IW Power Co., Ltd, P.R.China",Energy industries (renewable/non-renewable sources),,ACM0002,Late to verify,China,"102,586",Asia,2020-04-06,,
1121,Anhui Guzhen Biomass Generation Project,"NATIONAL GUZHEN  BIO ENERGY CO.,LTD.",Energy industries (renewable/non-renewable sources),,ACM0018,Registered,China,"83,258",Asia,2020-06-04,,
1123,50.4 MW Wind Power Project by GSFC Ltd.,Gujarat State Fertilizers & Chemicals Ltd.,Energy industries (renewable/non-renewable sources),,ACM0002,Late to verify,India,"99,181",Asia,2014-12-01,,
1124,33 MW Wind Power Project of GSFC Ltd,Gujarat State Fertilizers & Chemicals Ltd.,Energy industries (renewable/non-renewable sources),,ACM0002,Late to verify,India,"55,620",Asia,2015-02-09,,
1114,SONAWADE SMALL HYDRO POWER PROJECT,Mahati Hydro Power Projects Private Limited,Energy industries (renewable/non-renewable sources),,AMS-I.D.,Registered,India,"16,995",Asia,2013-10-23,2020-09-14,2030-09-13
1128,Hangjin Yihewusu Phase I 49.5MW Wind Power Project,"Inner Mongolia Guodian New Energy Co.,Ltd.",Energy industries (renewable/non-renewable sources),,ACM0002,Registered,China,"97,395",Asia,2013-09-29,,
1130,"9 MW WIND POWER PROJECT OF KHATAU NARBHERAM & CO. IN TAMIL NADU, INDIA",KHATAU NARBHERAM & CO.,Energy industries (renewable/non-renewable sources),,AMS-I.D.,Late to verify,India,"17,679",Asia,2013-09-04,,
1132,Bundled Wind Energy Project in Indian States :- EnKing International 2007,EKI Energy Services Limited,Energy industries (renewable/non-renewable sources),,AMS-I.D.,Late to verify,India,"4,082",Asia,2013-09-09,2017-02-21,2027-02-20
1145,"Biomass Based Cogeneration Project by Best Foods Limited at Haryana, India",Best Foods Limited,Energy industries (renewable/non-renewable sources),,AMS-I.C.,Late to verify,India,"130,183",Asia,2014-04-28,,
1146,The Hyundai Waste Energy Recovery CO-Generation Project Phase II,Multiple Proponents,Energy industries (renewable/non-renewable sources),,ACM0012,Registered,South Korea,"1,441,680",Asia,2014-12-19,,
1149,Punta Colorada Wind Farm Project Phase I,Barrick Chile Generacion Limitada,Energy industries (renewable/non-renewable sources),,ACM0002,Late to verify,Chile,"28,941",Latin America,2013-12-10,2021-12-15,2031-12-14
1151,Wind based power project in Maharashtra by Siddhayu Ayurvedic Research Foundation Pvt. Ltd,Siddhayu Ayurvedic Research Foundation (P) Limited,Energy industries (renewable/non-renewable sources),,AMS-I.D.,Under validation,India,"21,807",Asia,,,
1158,Ethanol & Sugar Project Suriname,Staatsolie Maatschappij Suriname N.V.,Energy industries (renewable/non-renewable sources),,ACM0006,Under development,Suriname,"150,238",Latin America,,2016-10-15,2026-10-14
1160,"6.5 MW cogeneration project in Akbarpur, Punjab",Gillanders Arbuthnot & Co. Ltd,Energy industries (renewable/non-renewable sources),,AMS-I.C.,Registered,India,"35,044",Asia,2012-10-29,,
1164,Wind Power Project by NACL in Tamil Nadu,Nagarjuna Agrichem Limited,Energy industries (renewable/non-renewable sources),,AMS-I.D.,Under validation,India,"11,733",Asia,,,
1169,EPM Grouped Natural Gas Project,Empresas Publicas de Medellin S.A,Energy industries (renewable/non-renewable sources); Manufacturing industries,,ACM0009,Under validation,Colombia,"6,930",Latin America,,2022-03-01,2032-02-29
1170,KIRAN Hydro Power Plant,ARSAN ENERJI A.S.,Energy industries (renewable/non-renewable sources),,AMS-I.D.,Late to verify,Turkey,"24,356",Middle East,2013-11-12,2011-11-04,2031-11-03
1171,Biomass based steam generation project by Indapur Dairy and Milk Products Limited,Indapur Dairy and Milk Products Limited,Energy industries (renewable/non-renewable sources),,AMS-I.C.,Under validation,India,"35,308",Asia,,,
1172,"160 MW Gas Based Combined Cycle Power Project-III BY RVUNL at Ramgarh District Jaisalmer, Rajasthan",Rajasthan Rajya Vidyut Utpadan Nigam Limited,Energy industries (renewable/non-renewable sources),,AM0029,Under development,India,"355,560",Asia,,,
1174,"Akcay 28.78 MW, Hydroelectric Power Plant Project (HEPP), Turkey",AKCAY HES ELEKTRYK URETYM A.S,Energy industries (renewable/non-renewable sources),,ACM0002,Registered,Turkey,"49,610",Asia,2013-11-21,2019-08-14,2029-08-13
1177,Jilin Da'an Dagangzi Wind Power Project Phase V,"Daan CGN Wind Power Co., Ltd",Energy industries (renewable/non-renewable sources),,ACM0002,Withdrawn,China,"81,329",Asia,,2019-04-01,2026-03-31
1178,Jilin Da' an Dagangzi Wind Power Project Phase IV,"Jilin CGN Wind Power Co., Ltd",Energy industries (renewable/non-renewable sources),,ACM0002,Withdrawn,China,"97,377",Asia,,,
1179,Gansu Tianrun Liuyuan 1st Stage 49.5MW Wind Park Project,"Guazhou Tianrun Windpower Co., Ltd.",Energy industries (renewable/non-renewable sources),,ACM0002,Withdrawn,China,"108,758",Asia,,,
1180,CGN Minqin Hongshagang Xianshuijing Wind Power Project,CGN Wind Energy Limited,Energy industries (renewable/non-renewable sources),,ACM0002,Crediting Period Renewal Requested,China,"71,364",Asia,2014-01-14,,
1184,Hebei Chengde Weichang Wuxiangliang Wind Power Project,"Hebei Longyuan Wind Power Co., Ltd.",Energy industries (renewable/non-renewable sources),,ACM0002,Registered,China,"298,032",Asia,2020-04-06,2022-04-22,2032-04-21
1198,Pembelik Hydro Electricity Power Plant,Darenhes Elektrik Uretimi A.S.,Energy industries (renewable/non-renewable sources),,ACM0002,Registered,Turkey,"218,634",Middle East,2020-04-07,,
1213,"BIOMASS BASED COGENERATION PROJECT BY SSA INTERNATIONAL LIMITED AT HARYANA, INDIA",SSA INTERNATIONAL LIMITED,Energy industries (renewable/non-renewable sources),,AMS-I.C.,Late to verify,India,"37,769",Asia,2014-02-24,,
1217,Electricity Generation through Wind Power by SRHHL,Sree Rayalaseema Hi-Strength Hypo Limited,Energy industries (renewable/non-renewable sources),,AMS-I.D.,Registered,India,"11,215",Asia,2013-12-20,,
1223,"Yanhe, Dejiang, and Yinjiang Rural Methane Digesters Project in Guizhou Province, China",Guizhou Black Carbon Energy Tech Prom & App Co. Lt,Energy industries (renewable/non-renewable sources),,AMS-I.C.; AMS-III.R.,Under validation,China,"53,247",Asia,,,
1224,"Sinan and Shiqian Rural Methane Digesters Project in Guizhou Province, China",Guizhou Black Carbon Energy Tech Prom & App Co. Lt,Energy industries (renewable/non-renewable sources),,AMS-I.C.; AMS-III.R.,Under validation,China,"51,537",Asia,,,
1220,Luoning Biomass Cogeneration Project,West Henan Xinhua Irrigation and Hydroelectricity,Energy industries (renewable/non-renewable sources),,ACM0006,Late to verify,China,"150,885",Asia,2014-01-30,,
1221,Eglence I-II Hydroelectric Power Plant,Egenda Ege Enerji Uretim A.S,Energy industries (renewable/non-renewable sources),,ACM0002,Registered,Turkey,"114,065",Middle East,2014-01-08,2023-04-10,2033-04-09
1230,"Solar Photovoltaic Power Project at Jalgaon, Maharashtra",Jain Irrigation Systems Ltd.,Energy industries (renewable/non-renewable sources),,AMS-I.D.,Late to verify,India,"13,243",,2014-01-24,,
1234,"Songtao, Tongren, Wanshan and Yuping Rural Methane Digesters Project in Guizhou Province, China",Guizhou Black Carbon Energy Tech Prom & App Co. Lt,Energy industries (renewable/non-renewable sources),,AMS-I.C.; AMS-III.R.,Under validation,China,"48,210",Asia,,,
1235,Hydroelectric Project Cantayus,Generadora Cantayus S.A.S. E.S.P.,Energy industries (renewable/non-renewable sources),,ACM0002,Under development,Colombia,"8,003",Latin America,,,
1236,25 MW Solar PV Project in Gujarat,Visual Percept Solar Projects Pvt. Ltd. (VPSPPL),Energy industries (renewable/non-renewable sources),,ACM0002,Registered,India,"32,763",Asia,2020-04-06,,
1242,Inner Mongolia Helin Shimenzi 49.5MW Wind Power Project,"Longyuan Inner Mongolia Wind Power Co., Ltd.",Energy industries (renewable/non-renewable sources),,ACM0002,Registered,China,"99,790",Asia,2020-04-06,,
1243,Xifeng and Xiuwen Rural Biogas Methane Project in Guizhou Province,Guizhou Black Carbon Energy Tech Prom & App Co. Lt,Energy industries (renewable/non-renewable sources),,AMS-I.C.; AMS-III.R.,Under validation,China,"52,270",Asia,,,
1244,Qingzhen Rural Biogas Methane Project in Guizhou Province,Guizhou Black Carbon Energy Tech Prom & App Co. Lt,Energy industries (renewable/non-renewable sources),,AMS-I.C.; AMS-III.R.,Under validation,China,"49,217",Asia,,,
1245,Wudang and Huaxi Rural Biogas Methane Project in Guizhou Province,Guizhou Black Carbon Energy Tech Prom & App Co. Lt,Energy industries (renewable/non-renewable sources),,AMS-I.C.; AMS-III.R.,Under validation,China,"23,887",Asia,,,
1247,CGN Aletai Qinghe Phase I 20MWp Grid-connected PV Power Plant Project,"CGN Solar Power Development Co., LTD",Energy industries (renewable/non-renewable sources),,ACM0002,Registered,China,"26,112",Asia,2014-02-26,,
1248,CGN Hami Phase I 20MWp Grid-connected PV Power Plant Project,"CGN Solar Power Development Co., LTD",Energy industries (renewable/non-renewable sources),,ACM0002,Registered,China,"22,893",Asia,2014-02-26,,
1249,CGN Kashi Yingjisha Phase I 20MWp Grid-connected PV Power Plant Project,"CGN Solar Power Development Co., LTD",Energy industries (renewable/non-renewable sources),,ACM0002,Registered,China,"23,740",Asia,2014-02-26,,
1250,CGN Dunhuang 10MW Grid-connected Solar PV Power Generation Project,CGN Enfinity (Dunhuang) Solar Energy Development,Energy industries (renewable/non-renewable sources),,AMS-I.D.,Registered,China,"14,063",Asia,2014-02-25,,
1254,"Yelisirur wind power project, India",Bhoruka Power Corporation Limited,Energy industries (renewable/non-renewable sources),,ACM0002,Registered,India,"49,451",Asia,2014-02-26,,
1255,5.35 MW Wind Power Project by GeeCee Ventures Ltd,GeeCee Ventures Limited,Energy industries (renewable/non-renewable sources),,AMS-I.D.,Under development,India,"8,274",Asia,,,
186,Jintang 15.5MW Hydropower Project,"Shaanxi Lan River Hydropower Development Co.,Ltd",Energy industries (renewable/non-renewable sources),,ACM0002,Late to verify,China,"59,213",,2020-04-06,,
187,Maobaguan 24MW Hydropower Project,"Shaanxi Hanjiang Hydropower Development Co., Ltd",Energy industries (renewable/non-renewable sources),,ACM0002,Late to verify,China,"81,966",,2020-04-06,,
191,4×50 MW Dayingjiang- 3 Hydropower Project Phases 1&2,Dehong Kairui Dayingjiang Hydropower Dev. Co. Ltd.,Energy industries (renewable/non-renewable sources),,ACM0002,Verification approval request denied,China,"569,379",Asia,2020-04-06,,
192,"48 MW Houqiao Hydropower Project, Yunnan, China","Yunnan Baoshan Binglang River Hydropower Development Co., Ltd.",Energy industries (renewable/non-renewable sources),,ACM0002,Registered,China,"178,615",Asia,2020-04-06,,
193,Yunnan Ajiutian 115.5 MW Hydropower Project,"Yunnan Baoshan Supahe Hydropower Development Co.,",Energy industries (renewable/non-renewable sources),,ACM0002,Late to verify,China,"477,506",,2020-04-06,,
194,Yunnan Wunihe 30 MW Hydropower Project,"Yunnan Baoshan Supahe Hydropower Development Co.,",Energy industries (renewable/non-renewable sources),,ACM0002,Late to verify,China,"116,595",,2020-04-06,,
195,"8.3 MW Wind Electricity Generation Project by Parakh Agro Industries Limited in Dhule, Maharashtra",Parakh Agro Industries Ltd.,Energy industries (renewable/non-renewable sources),,AMS-I.D.,Registered,India,"13,175",Asia,2009-11-24,,
199,Santorini Ceramic Fuel Switching Project,Multiple Proponents,Energy industries (renewable/non-renewable sources),,AMS-I.E.,Late to verify,Brazil,"14,601",Latin America,2020-04-07,2018-04-01,2028-03-31
200,Velotex Ceramic Switching Fuel Project,Multiple Proponents,Energy industries (renewable/non-renewable sources),,AMS-I.E.,Late to verify,Brazil,"31,774",Latin America,2011-11-23,2016-04-01,2026-03-31
238,"Mobuya Mini Hydro Power Plant 3 x 1000 kW North Sulawesi, Indonesia",PT. Cipta Daya Nusantara,Energy industries (renewable/non-renewable sources),,AMS-I.D.,Late to verify,Indonesia,"11,637",,2020-04-06,,
239,Guohua Inner Mongolia Huitengliang West Wind Farm Project,Carbon Resource Management Ltd,Energy industries (renewable/non-renewable sources),,ACM0002,Late to verify,China,"129,013",Asia,2009-12-09,2022-04-01,2029-03-31
240,Wind Power Project in Maharashtra by Sri Kumarswamy Mineral Exports,M/s. Sri Kumarswamy Mineral Exports,Energy industries (renewable/non-renewable sources),,AMS-I.D.,Late to verify,India,"23,806",Asia,2009-12-11,,
241,Longsheng Hydropower Station Project,"Yanbian Heli Electric Power Co., Ltd.",Energy industries (renewable/non-renewable sources),,ACM0002,Late to verify,China,"14,426",Asia,2020-04-06,2018-05-26,2028-05-25
242,Santangou First and Second Grade Hydropower Stations Project,"Miyi Deshi Xinxin Hydroelectricity Co., Ltd.",Energy industries (renewable/non-renewable sources),,ACM0002,Late to verify,China,"18,168",Asia,2020-04-06,,
243,"55.5 MW Natural Gas Power Generation Project at Batu Aji Village, Riau Island, Indonesia, by PT Dalle Energy Batam.",PT Dalle Energy Batam,Energy industries (renewable/non-renewable sources),,AM0029,Late to verify,Indonesia,"50,786",,2020-04-06,,
244,"8.75 MW Bundled Wind Power Project in Kappatgudda, Karnataka (India)",Kashyap J. Majethia,Energy industries (renewable/non-renewable sources),,AMS-I.D.,Late to verify,India,"18,713",Asia,2009-12-11,,
245,Bundled Grid Connected 2.9 M.W. Wind Power Project in India by Kamal Engineering Corporation [Unit of KEC Industries Ltd],KAMAL ENGINEERING CORPORATION[UNIT OF KEC INDUSTRI,Energy industries (renewable/non-renewable sources),,AMS-I.D.,Late to verify,India,"5,016",Asia,2009-11-25,,
246,Fujian Jiangle Dayan 32MW Hydropower Project,"Fujian Jinhu Power Co., Ltd.",Energy industries (renewable/non-renewable sources),,ACM0002,Registered,China,"105,990",,2020-04-06,,
247,Fuel oil to animal tallow switching at Companhia de Fiação e Tecidos Santo Antônio,Companhia de Fiação e Tecidos Santo Antonio,Energy industries (renewable/non-renewable sources),,AMS-I.C.,Late to verify,Brazil,"14,692",,2020-04-06,,
252,"Installation of waste heat recovery boiler in DG sets, Tamil Nadu",Tamilnadu Petroproducts Limited,Energy industries (renewable/non-renewable sources),,ACM0012,Late to verify,India,"8,012",Asia,2009-12-18,,
253,Fuzhou Hongmiaoling Landfill  Gas to Electricity Project,Fujian Tianyi Renewable Energy Technology & Utilization Co. Ltd.,Energy industries (renewable/non-renewable sources),,ACM0001; AMS-I.D.,Registered,China,"50,000",Asia,2009-12-18,,
254,Guangdong Nan Ao 26MW  Wind Power Project,China Resources Wind Power(Shantou) Co.Ltd,Energy industries (renewable/non-renewable sources),,ACM0002,Registered,China,"50,000",Asia,2009-12-18,,
255,"7.2 MW Nargund wind project for Grid system by Bhoruka Power Corporation Limited in Karnataka State, India.",Bhoruka Power Corporation Limited,Energy industries (renewable/non-renewable sources),,AMS-I.D.,Late to verify,India,"18,416",Asia,2020-04-06,2017-09-29,2027-09-28
256,Mungcharoen Green Power - 9.9 MW Rice Husk Fired Power Plant Project,"Mungcharoen Green Power Co., Ltd. (MGP)",Energy industries (renewable/non-renewable sources),,AMS-I.D.,Late to verify,Thailand,"39,563",Asia,2020-04-06,,
257,42.5 MW Wind Power Project by VRL Logistics Ltd in Karnataka State (India),M/s. VRL Logistics Limited,Energy industries (renewable/non-renewable sources),,ACM0002,Late to verify,India,"91,294",Asia,2020-04-06,,
258,Shandong Penglai Pingdingshan Wind Farm Project,China Resources Wind Power (Yantai) Co. Ltd,Energy industries (renewable/non-renewable sources),,ACM0002,Registered,China,"107,488",Asia,2020-06-04,,
235,LG Hausys Ulsan plant fuel switching project,Korea Energy Management Corporation,Energy industries (renewable/non-renewable sources),,AMS-III.B.,Late to verify,South Korea,"10,310",Asia,2009-12-08,2019-01-01,2028-12-31
236,Bundled Wind Power Project in Maharashtra and Gujarat by M/s. Rajmal Lakhichand,M/s. Rajmal Lakhichand,Energy industries (renewable/non-renewable sources),,AMS-I.D.,Late to verify,India,"20,272",Asia,2020-04-06,,
260,8.5 MW wind power project in Chitradurga district in Karnataka by Jindal Aluminium Ltd.,JINDAL ALUMINIUM LIMITED,Energy industries (renewable/non-renewable sources),,AMS-I.D.,Late to verify,India,"15,961",Asia,2020-04-06,,
261,Bundled Biomass Based Thermal Energy Projects in U.P. & Punjab of Sukhbir Agro Energy Limited,Sukhbir Agro Energy Limited,Energy industries (renewable/non-renewable sources),,AMS-I.C.,Late to verify,India,"26,883",Asia,2009-12-30,,
262,"6.5MW WHR Project in Huasheng Tianya Cement Co., Ltd.","Huasheng Tianya Cement Co., Ltd.",Energy industries (renewable/non-renewable sources),,ACM0002,Late to verify,China,"38,400",Asia,2020-04-06,,
263,Natural Gas Based Grid Connected Power Generation Project at Valantharavai,COROMANDEL ELECTRIC CO LTD,Energy industries (renewable/non-renewable sources),,AM0029,Late to verify,India,"43,481",Asia,2009-12-31,,
267,"5.0 MW small scale wind based power generation for captive use by Balkrishna Industries Limited (BIL) in Rajasthan, India",BALKRISHNA INDUSTRIES LIMITED,Energy industries (renewable/non-renewable sources),,AMS-I.D.,Registered,India,"8,059",Asia,2010-01-06,,
268,2.5 MW WINDPOWERGENERATION PROJECT OF C.J.SHAH & CO,C . J . SHAH & CO,Energy industries (renewable/non-renewable sources),,AMS-I.D.,Late to verify,India,"3,697",Asia,2010-01-06,,
269,6.25 MW Wind Power Generation project of Salora International Limited,Salora International Limited,Energy industries (renewable/non-renewable sources),,AMS-I.D.,Registered,India,"9,440",Asia,2010-01-06,,
270,1.25 MW Wind Power Generation project of EIIL,Ensemble Infrastructure India Limited,Energy industries (renewable/non-renewable sources),,AMS-I.D.,Late to verify,India,"2,557",Asia,2010-01-06,,
271,1.25 MW Wind Power Generation project of Euro Vistaa (India) Limited,Euro Vistaa (India) Limited,Energy industries (renewable/non-renewable sources),,AMS-I.D.,Late to verify,India,"1,848",Asia,2010-01-06,,
273,Diaobingshan New-built 49.5MW Wind Power Station Project,"Three Gorges New Energy Diaobingshan Wind Power Co., Ltd.",Energy industries (renewable/non-renewable sources),,ACM0002,Late to verify,China,"107,541",Asia,2020-04-06,2018-02-02,2028-02-01
274,Hanuman Ganga Hydro (4.95 MW) Plant at Uttarakhand,Regency Aquaelectro & Motelresorts Ltd.,Energy industries (renewable/non-renewable sources),,AMS-I.D.,Registered,India,"18,422",Asia,2020-04-06,,
265,"4.5 MW Grouped Small Hydropower Projects for Grid system by Bhoruka Power Corporation Limited in Karnataka State, India.",Bhoruka Power Corporation Limited,Energy industries (renewable/non-renewable sources),,AMS-I.D.,Registered,India,"16,867",Asia,2020-04-06,,
276,Jilin Tongyu Tongfa Wind Power Project,"Jilin Longyuan Wind Power Co., Ltd.",Energy industries (renewable/non-renewable sources),,ACM0002,Registered,China,"249,920",Asia,2020-04-06,,
277,Hebei Shirenshan Wind Power Project,"Longyuan (Zhangjiakou) Wind Power Co., Ltd.",Energy industries (renewable/non-renewable sources),,ACM0002,Registered,China,"122,445",Asia,2020-04-06,,
278,Huanghe Tongli WHR Project,"Luoyang Huanghe Tongli Cement Co., Ltd",Energy industries (renewable/non-renewable sources),,ACM0012,Late to verify,China,"54,519",,2020-04-06,,
279,Pingyuan Tongli WHR Project,"Xinxiang Pingyuan Tongli Cement Co., Ltd",Energy industries (renewable/non-renewable sources),,ACM0012,Late to verify,China,"54,519",,2020-04-06,,
280,Yulong Tongli WHR Project,"Zhumadian Yulong Tongli Cement Co., Ltd",Energy industries (renewable/non-renewable sources),,ACM0012,Late to verify,China,"54,519",,2020-04-06,,
293,Rice husk fired boiler of 6 ton capacity for process steam generation at Sukhbir,Sukhbir Agro Energy Limited,Energy industries (renewable/non-renewable sources),,AMS-I.C.,Late to verify,India,"12,422",Asia,2010-01-20,2006-03-28,2026-03-27
294,Jiangsu Rudong Lingyang Wind Power Project,"Jiangsu Longyuan Wind Power Co., Ltd.",Energy industries (renewable/non-renewable sources),,ACM0002,Registered,China,"98,526",Asia,2020-04-06,,
295,Erbaqu Small Hydropower Project  in Gansu Province,"Gansu Jinshui Power Development Co., Ltd",Energy industries (renewable/non-renewable sources),,AMS-I.D.,Late to verify,China,"34,133",Asia,2010-01-25,,
296,Energy from renewables,Poonawalla Fincorp Ltd,Energy industries (renewable/non-renewable sources),,AMS-I.D.,Late to verify,India,"3,096",Asia,2010-01-05,,
297,"Generation of Electricity from 3.2 MW Capacity Wind Mills by Gujarat JHM Hotels Ltd at Bhambarwadi, Maharashtra",Gujarat JHM Hotels Ltd,Energy industries (renewable/non-renewable sources),,AMS-I.D.,Late to verify,India,"5,082",,2020-04-06,2020-04-06,2030-04-05
298,"Aryan Coal 15 MW Wind Project in Maharashtra, India",ACB (INDIA) LIMITED,Energy industries (renewable/non-renewable sources),,AMS-I.D.,Registered,India,"23,816",Asia,2020-04-06,2016-03-28,2026-03-27
299,"Positive Climate Care 2.5 MW Grid connected Wind Power Project Activity by Ms. Aishwarya Rai in Jaisalmer, Rajasthan, India",Aishwarya Rai,Energy industries (renewable/non-renewable sources),,AMS-I.D.,Late to verify,India,"4,439",Asia,2010-02-01,,
300,"Positive Climate Care 2.5 MW Grid connected Wind Power Project Activity by Ms. Aishwarya Rai in the state of Maharashtra, India",Aishwarya Rai,Energy industries (renewable/non-renewable sources),,AMS-I.D.,Late to verify,India,"3,969",Asia,2010-02-01,,
301,"Positive Climate Care 0.70 MW Wind Power Project Activity by Umedica Laboratories in the state of Gujarat, India.",M/s Umedica laboratories Private Limited,Energy industries (renewable/non-renewable sources),,AMS-I.D.,Late to verify,India,"1,056",Asia,2020-04-06,,
302,"Positive Climate Care 2.5 MW Wind Power Project Activity by Rajesh Construction Company Limited in Chitradurga, Karnataka, India.",Rajesh Construction Company Limited,Energy industries (renewable/non-renewable sources),,AMS-I.D.,Late to verify,India,"5,381",Asia,2020-04-06,,
303,"Positive Climate Care 9.75 MW Bundled Wind Power Project Activity by Savita Oil Technologies Ltd. & its group companies in the state of Maharashtra, India",Savita Oil Technologies Limited,Energy industries (renewable/non-renewable sources),,AMS-I.D.,Registered,India,"15,480",Asia,2010-02-01,,
283,"Azhu Hydro Power Project in Guizhou Province, China",Liupanshui Tuoyuan Group Co. Ltd.,Energy industries (renewable/non-renewable sources),,ACM0002,Late to verify,China,"84,852",Asia,2020-04-06,2016-06-26,2026-06-25
284,"Wengyuan 20MW Hydro Power Project in Guizhou Province, China",Zhenning Yuefeng Hydro Power  Development Co. Ltd.,Energy industries (renewable/non-renewable sources),,ACM0002,Withdrawn,China,"43,650",,,,
285,Rice husk based Co generation project at Dujana unit of KRBL Limited,KRBL LIMITED,Energy industries (renewable/non-renewable sources),,AMS-I.D.,Late to verify,India,"17,781",,2020-04-06,2020-04-06,2030-04-05
286,UHE Mascarenhas Power Upgrading Project,Energest SA,Energy industries (renewable/non-renewable sources),,ACM0002,Late to verify,Brazil,"50,466",,2020-04-06,,
287,Susbtitution of coal with jute biomass residue (caddies) in the steam generating boiler for use onsite.,"Howrah Mills Co. Ltd.,",Energy industries (renewable/non-renewable sources),,AMS-I.C.,Late to verify,India,"3,975",Asia,2010-01-13,2021-05-01,2028-04-30
289,"25.6 MW grid connected Wind Power based electricity generation project in Karnataka, India",DLF Limited,Energy industries (renewable/non-renewable sources),,ACM0002,Late to verify,India,"23,487",Asia,2020-04-06,,
305,4.5 MW bundled wind power project,VVD AND SONS PRIVATE LIMITED,Energy industries (renewable/non-renewable sources),,AMS-I.D.,Registered,India,"8,820",Asia,2010-02-02,,
306,"8.5 MW Wind Energy Project by KS Oils Limited, India",KS Oils Ltd,Energy industries (renewable/non-renewable sources),,AMS-I.D.,Late to verify,India,"16,670",Asia,2010-02-02,,
357,"7.50 MW Bundled grid-connected wind electricity generation project in Tamil Nadu and Karnataka, India",Indian Wind Power Association,Energy industries (renewable/non-renewable sources),,AMS-I.D.,Late to verify,India,"14,980",Asia,2020-04-06,,
358,"8.92 MW Bundled grid-connected wind electricity generation project in Erode and Coimbatore districts of Tamil Nadu, India",Indian Wind Power Association,Energy industries (renewable/non-renewable sources),,AMS-I.D.,Late to verify,India,"14,878",Asia,2020-04-06,,
359,"9.20 MW Bundled Grid-Connected wind electricity generation project in Tamil Nadu, India",Indian Wind Power Association,Energy industries (renewable/non-renewable sources),,AMS-I.D.,Late to verify,India,"15,345",Asia,2020-04-06,,
360,"5.65 MW Bundled grid-connected wind electricity generation project in Tamil Nadu and Karnataka, India",Multiple Proponents,Energy industries (renewable/non-renewable sources),,AMS-I.D.,Late to verify,India,"11,913",Asia,2020-04-06,,
371,Guangdong Lankou 26MW Hydro Power Project,"Shenzhen City Fuyuan Industry (Group) Co., Ltd.",Energy industries (renewable/non-renewable sources),,ACM0002,Registered,China,"69,757",Asia,2020-06-04,,
372,"13.21 MW Bundled grid-connected wind electricity generation project in Coimbatore and Erode districts of Tamil Nadu, India",Indian Wind Power Association,Energy industries (renewable/non-renewable sources),,AMS-I.D.,Late to verify,India,"30,714",Asia,2020-04-06,,
385,Saldanha Small Hydroelectric Project,Hidroluz Centrais Elétricas Ltda,Energy industries (renewable/non-renewable sources),,AMS-I.D.,Late to verify,Brazil,"28,059",,2020-04-06,,
362,"Grid-connected wind electricity generation project identified as Project E6 in Maharashtra, India",KANDHARI BEVERAGES PRIVATE LIMITED,Energy industries (renewable/non-renewable sources),,AMS-I.D.,Late to verify,India,"9,439",Asia,2010-03-22,,
363,Caldere Hydro Power Plant Project,Caldere Elektrik Uretim A.S.,Energy industries (renewable/non-renewable sources),,AMS-I.D.,Registered,Turkey,"21,000",,2020-04-06,,
364,Bundled 15 MW Wind Power Project in India,Gangadhar Narsingdas Agrawal (HUF),Energy industries (renewable/non-renewable sources),,AMS-I.D.,Late to verify,India,"33,019",,2020-04-06,,
366,Kaona Power Supply Biomass Cogeneration Project,"Kaona Power Supply Co., Ltd",Energy industries (renewable/non-renewable sources),,AMS-I.C.,Late to verify,Thailand,"25,694",,2020-04-06,,
374,"Capacity enhancement for export of surplus power to  grid at Lakshmipuram, Andhra Pradesh, India",K.C.P SUGAR AND INDUSTRIES CORPORATION LIMITED,Energy industries (renewable/non-renewable sources),,ACM0006,Late to verify,India,"3,648",Asia,2010-03-30,,
375,"GEPL Biomass energy generation project at Faridabad, Haryana",Gupta Exim Private Limited,Energy industries (renewable/non-renewable sources),,AMS-I.C.,Late to verify,India,"52,980",Asia,2020-04-06,,
376,"Positive Climate Care 8.25 MW Bundled Wind Power Project Activity by Savita Oil Technologies Limited in Hassan, Karnataka, India.",Savita Oil Technologies Limited,Energy industries (renewable/non-renewable sources),,AMS-I.D.,Registered,India,"17,757",Asia,2010-05-04,,
377,"11.60 MW Bundled grid-connected wind electricity generation project at Tirunelveli, Tamil Nadu, India",Indian Wind Power Association,Energy industries (renewable/non-renewable sources),,AMS-I.D.,Late to verify,India,"29,586",Asia,2020-04-06,,
378,CGN Jilin Daan 49.5MW Wind Power Project,Jilin CGN Wind Power Co. Ltd.,Energy industries (renewable/non-renewable sources),,ACM0002,Late to verify,China,"116,070",,2020-04-06,,
379,7.85 MW Bundled Wind Power Project in Southern India,Vandana Ispat Limited,Energy industries (renewable/non-renewable sources),,AMS-I.D.,Late to verify,India,"15,694",,2020-04-06,,
394,Hebei Chongli Qingsanying 49.3MW Wind Farm Project,"HECI Longyuan Chongli Windpower Co., Ltd",Energy industries (renewable/non-renewable sources),,ACM0002,Late to verify,China,"121,576",Asia,2010-04-19,2022-04-14,2029-04-13
395,Inner Mongolia Sunjiaying 50.25MW Wind Power Project,"Chifeng Xinsheng Wind Power Co., Ltd.",Energy industries (renewable/non-renewable sources),,ACM0002,Registered,China,"138,585",Asia,2020-04-06,2022-02-01,2029-01-31
396,Inner Mongolia Bayannaoer Chuanjingsumu 49.3MW Wind Power Project,"Longyuan (Bayannaoer) Wind Power Co., Ltd.",Energy industries (renewable/non-renewable sources),,ACM0002,Registered,China,"121,295",Asia,2020-04-06,,
397,0.6 MW Wind Power Generation project of Dodhia Synthetics Limited,Dodhia Synthetics Limited,Energy industries (renewable/non-renewable sources),,AMS-I.D.,Late to verify,India,906,Asia,2010-04-23,,
398,Heilongjiang Huanan Hengdaishan West Wind Power Project,"Huanan Longyuan Wind Power Co., Ltd.",Energy industries (renewable/non-renewable sources),,ACM0002,Registered,China,"102,754",Asia,2020-04-06,,
399,Heilongjiang Huanan Hengdaishan East Wind Power Project,"Huanan Longyuan Wind Power Co., Ltd.",Energy industries (renewable/non-renewable sources),,ACM0002,Registered,China,"58,794",Asia,2020-04-06,,
387,Electricity generation by utilization of waste heat from calcined petroleum coke production process,Rain Calcining Limited,Energy industries (renewable/non-renewable sources),,ACM0012,Late to verify,India,"164,677",Asia,2020-04-06,,
388,Fuel Switch to Renewable Biomass for Thermal Use at MAG Commercial Greenhouse Facility,Mid American Growers,Energy industries (renewable/non-renewable sources),,AMS-I.C.,Late to verify,United States,"9,921",North America,2010-04-14,2020-07-01,2030-06-30
406,"Generation of power from process waste heat at Hi-Tech Carbon, Tamil Nadu",Hi – Tech Carbon,Energy industries (renewable/non-renewable sources); Manufacturing industries,,ACM0012,Late to verify,India,"87,305",Asia,2020-04-06,,
418,Heilongjiang Yilan Maanshan Wind Power Project,"Yilan Longyuan Wind Power Co., Ltd.",Energy industries (renewable/non-renewable sources),,ACM0002,Registered,China,"116,972",Asia,2020-04-06,,
419,Burcbendi 27.33 MW Hydroelectric Power Plant,Akenerji Elektrik Uretim A.S,Energy industries (renewable/non-renewable sources),,ACM0002,Withdrawn,Turkey,"69,281",,2020-04-06,,
421,Jiangsu Qidong Dongyuan Wind Power Project,"Longyuan Qidong Wind Power Co., Ltd.",Energy industries (renewable/non-renewable sources),,ACM0002,Registered,China,"190,543",Asia,2020-04-06,,
422,Zhejiang Wenling Donghaitang Wind Power Project,"Zhejiang Wenling Donghaitang Wind Power Co.,",Energy industries (renewable/non-renewable sources),,ACM0002,Registered,China,"69,372",Asia,2020-04-06,,
434,Gansu Yongchang County Donghewan Cascaded Hydropower Project,Yongchang County Minrong Hydropower Development Co,Energy industries (renewable/non-renewable sources),,ACM0002,Late to verify,China,"98,012",,2020-04-06,,
435,Gansu Huanghe Chaijiaxia Hydropower Station Project,"Gansu Chaijiaxia Hydropower Co., Ltd.",Energy industries (renewable/non-renewable sources),,ACM0002,Registered,China,"379,896",Asia,2020-06-04,,
443,Biomass based Cogeneration project by SSPL,Shakumbhri Straw Products Limited,Energy industries (renewable/non-renewable sources),,ACM0006,Late to verify,India,"50,553",,2020-04-06,,
444,"Tongren Tianshengqiao Hydropower Project, Guizhou Province, China",Tongren Tianshengqiao Electricity Generation Co,Energy industries (renewable/non-renewable sources),,ACM0002,Late to verify,China,"57,582",,2020-04-06,,
445,Sustainable Biomass based thermal energy generation VCS project of Talawakelle Tea Factories in Sri Lanka,Talawakelle Tea Estates PLC,Energy industries (renewable/non-renewable sources),,AMS-I.C.,Late to verify,Sri Lanka,"3,178",Africa,2020-04-06,,
457,"Cassava Waste To Energy Project, Kalasin, Thailand (CWTE project)","Cassava Waste To Energy Co.,Ltd.",Energy industries (renewable/non-renewable sources),,ACM0014,Late to verify,Thailand,"87,856",Asia,2020-04-06,,
458,6 MW Wind Power Project in Maharashtra by PTC India,PTC India Ltd.,Energy industries (renewable/non-renewable sources),,AMS-I.D.,Registered,India,"11,562",,2020-04-06,,
459,Hubei Jiugongshan Wind Farm CDM Project,"Hubei Jiugongshan Wind Power Co.,Ltd.",Energy industries (renewable/non-renewable sources),,ACM0002,Late to verify,China,"31,758",Asia,2020-04-06,2021-09-24,2028-09-23
460,Gansu Datonghe Tiecheng Hydropower Station Project,"Gansu Mingzhu Hydropower Development Co., Ltd.",Energy industries (renewable/non-renewable sources),,ACM0002,Late to verify,China,"177,335",,2020-04-06,,
462,Sinohydro Inner Mongolia Ximeng Honggeer Wind Power Project,"Sinohydro Renewable Energy Co., Ltd.",Energy industries (renewable/non-renewable sources),,ACM0002,Late to verify,China,"141,932",,2020-04-06,,
464,"6.0 MW Biomass based cogeneration power plant of Rama Paper Mills Limited, Kiratpur, Uttar Pradesh",Rama Paper Mills Limtied,Energy industries (renewable/non-renewable sources),,AMS-I.D.,Late to verify,India,"24,742",Asia,2020-04-06,,
465,BHL Thanabhawan Project,Bajaj Hindusthan Ltd,Energy industries (renewable/non-renewable sources),,ACM0002; ACM0006,Late to verify,India,"29,772",,2020-04-06,,
451,Garganta da Jararaca Small Hydroelectric Power Plant (SHP) - Atiaia Energia S.A. Project Activity,Rio do Sangue Energia S.A.,Energy industries (renewable/non-renewable sources),,ACM0002,Late to verify,Brazil,"50,293",Latin America,2020-04-06,,
453,Gansu Huanghe Bingling Hydropower Station Project,"Gansu Diantou Bingling hydropower Development Co.,Ltd.",Energy industries (renewable/non-renewable sources),,ACM0002,Registered,China,"764,452",Asia,2020-04-06,,
454,"Bundled grid-connected wind electricity generation project identified as Bundle E4 in Karnataka, India",KHATAU NARBHERAM & CO.,Energy industries (renewable/non-renewable sources),,AMS-I.D.,Late to verify,India,"20,259",Asia,2010-06-17,,
473,Henan Nanyang Fangcheng Wind Farm Project,Zhongdiantou Nanyang  Fangcheng Wind Power Co. Ltd,Energy industries (renewable/non-renewable sources),,ACM0002,Late to verify,China,"52,220",,2020-04-06,,
474,Inner Mongolia Bayinhanggai 49.5MW Wind Farm Project,"Shanxi Zhangze Electric Power Co., Ltd",Energy industries (renewable/non-renewable sources),,ACM0002,Late to verify,China,"115,079",,2020-04-06,,
475,Heilongjiang Shaobaishan Wind Power Project,"Yichun Longyuan Hero Asia Wind Power Co., Ltd",Energy industries (renewable/non-renewable sources),,ACM0002,Registered,China,"128,442",Asia,2020-04-06,,
476,28MW Jinkouba Hydropower Project,Jintai Hydropower Co. Ltd in Gansu Province,Energy industries (renewable/non-renewable sources),,ACM0002,Registered,China,"108,689",Asia,2010-06-21,2018-02-01,2028-01-31
470,Xinjiang Dabancheng Sanchang Phase III Wind Power Project,"Xinjiang Tianfeng Wind Power Co., Ltd.",Energy industries (renewable/non-renewable sources),,ACM0002,Registered,China,"134,943",Asia,2020-04-06,,
481,9 MW Wind Power Project in Tamil Nadu by ACC Limited,ACC Limited,Energy industries (renewable/non-renewable sources),,AMS-I.D.,Late to verify,India,"23,121",Asia,2020-04-06,,
482,2.5 MW Bundled Wind Power Project in Maharashtra (India),Raj Infrastructure Development (India) Pvt. Ltd.,Energy industries (renewable/non-renewable sources),,AMS-I.D.,Registered,India,"3,946",Asia,2010-08-18,,
484,Thermal energy from Biomass at Mohota Mills,The Rai Saheb Rekhchand Mohota Spinning & Weaving,Energy industries (renewable/non-renewable sources),,AMS-I.C.,Late to verify,India,"22,445",Asia,2020-04-06,,
485,Longyou 18MW Hydropower Project in Zhejiang Province,Zhejiang Longyou Xiaoxitan Hydro Complex Developme,Energy industries (renewable/non-renewable sources),,ACM0002,Late to verify,China,"59,428",Asia,2010-08-24,2020-09-13,2027-09-12
490,Enercon Wind Farms (Hindustan) Pvt Ltd in Rajasthan,Enercon (India) Limited,Energy industries (renewable/non-renewable sources),,ACM0002,Late to verify,India,"101,047",,2020-04-06,,
492,"3.75 MW Wind Project Activity by M/s Muthoot Finance Ltd in the state of Tamilnadu, India.",Muthoot Finance Limited,Energy industries (renewable/non-renewable sources),,AMS-I.D.,Late to verify,India,"9,456",Asia,2010-09-09,,
493,"5 MW Brahm Ganga Hydro – Electric Project at Kullu district of Himachal Pradesh, India",Harisons Hydel Construction Co. (P) Limited,Energy industries (renewable/non-renewable sources),,AMS-I.D.,Registered,India,"17,868",Asia,2010-09-10,2018-04-02,2028-04-01
495,"Positive Climate Care 8.75 MW bundled Wind Power Project Activity in the state of Maharashtra, India.",Multiple Proponents,Energy industries (renewable/non-renewable sources),,AMS-I.D.,Late to verify,India,"13,892",Asia,2020-04-06,,
496,"Positive Climate Care 6.25 MW Bundled Wind Power Project Activity in the state of Tamilnadu, India.",Multiple Proponents,Energy industries (renewable/non-renewable sources),,AMS-I.D.,Late to verify,India,"6,189",Asia,2020-04-06,,
501,"Positive Climate Care 8.70 MW bundled Wind Power Project Activity in the state of Maharashtra, India",Multiple Proponents,Energy industries (renewable/non-renewable sources),,AMS-I.D.,Late to verify,India,"13,812",Asia,2020-04-06,,
502,Utilization of agro-residue biomass in a co-generation system,ITC Limited - Paperboards & Specialty Papers Divis,Energy industries (renewable/non-renewable sources),,AMS-I.C.,Late to verify,India,"69,921",Asia,2020-04-06,,
503,Henan Zhengzhou Grid Connected Natural Gas Combined Cycle Power Plant,"Zhengzhou Combined Cycle Power Co., Ltd",Energy industries (renewable/non-renewable sources),,ACM0002,Late to verify,China,"691,502",,2020-04-06,,
504,Hainan Danzhou Eman Wind Power Project,Hainan Longyuan Wind Power Co. Ltd.,Energy industries (renewable/non-renewable sources),,ACM0002,Registered,China,"75,702",Asia,2010-10-18,,
505,Liaoning Faku Heping Wind Power Project,"Shenyang Longyuan Wind Power Co., Ltd.",Energy industries (renewable/non-renewable sources),,ACM0002,Registered,China,"121,506",Asia,2020-06-04,,
506,"DARICA-1 99 MW Hydro Power Plant Project, Turkey",Bilgin Guc Santralleri Enerji Uretim A.S.,Energy industries (renewable/non-renewable sources),,ACM0002,Registered,Turkey,"209,722",Asia,2020-04-06,,
507,Liaoning Faku Baijiagou Wind Power Project,"Shenyang Longyuan Wind Power Co., Ltd.",Energy industries (renewable/non-renewable sources),,ACM0002,Registered,China,"124,125",Asia,2020-04-06,,
508,"Natural Gas based Combined Cycle Power Project at Valantharavai Village, Ramanathapuram District, Tamil Nadu by Penna Electricity Limited [Formerly Arkay Energy Limited]",Pioneer Power Limited,Energy industries (renewable/non-renewable sources),,AM0029,Registered,India,"90,339",Asia,2010-10-28,,
509,6.65 MW wind energy generation by GTN Enterprises Ltd,GTN ENTERPRISES LIMITED,Energy industries (renewable/non-renewable sources),,AMS-I.D.,Late to verify,India,"13,362",Asia,2010-10-27,,
498,"Grid-connected wind electricity generation project in Tamil Nadu, India",National Enterprises,Energy industries (renewable/non-renewable sources),,AMS-I.D.,Registered,India,"7,402",Asia,2010-10-08,,
499,"Positive Climate Care 4.67 MW Bundled Grid connected Wind Power Project Activity in Jaisalmer, Rajasthan, India",Multiple Proponents,Energy industries (renewable/non-renewable sources),,AMS-I.D.,Registered,India,"13,233",Asia,2020-04-06,,
511,Zhang Jiagang waste heat recovery from sulphuric acid production for electricity generation project,Shanghai Yangtze Delta Investment Consulting Co.,Chemical industry; Energy industries (renewable/non-renewable sources),,ACM0002; ACM0012,Late to verify,China,"265,198",Asia,2020-04-06,,
515,"Bundled wind power generation project by KMSPL, India",Kanaka Management Services Private Limited,Energy industries (renewable/non-renewable sources),,AMS-I.D.,Late to verify,India,"12,729",Asia,2010-11-09,2019-11-01,2029-10-31
516,"5 MW Debal Grid-connected Hydroelectric Project in Uttaranchal, India",Chamoli Hydro Power Pvt. Ltd,Energy industries (renewable/non-renewable sources),,AMS-I.D.,Late to verify,India,"23,880",Asia,2010-11-10,,
517,Shandong Changdao Wind Farm Project,"Shandong Changdao Wind Power Co., Ltd",Energy industries (renewable/non-renewable sources),,ACM0002,Late to verify,China,"33,182",,2020-04-06,,
313,"Macaohe 9.8MW  hydro power project in Guizhou Province, China",Macaohe Hydro Power Development in Songtao County,Energy industries (renewable/non-renewable sources),,ACM0002,Late to verify,China,"26,969",,2020-04-06,,
315,"8.75 MW Bundled Wind Power Project in Maharashtra, India.",MODELAMA EXPORTS LTD,Energy industries (renewable/non-renewable sources),,AMS-I.D.,Late to verify,India,"13,179",Asia,2020-04-06,2016-04-01,2026-03-31
316,PARAMONGA BAGASSE BOILER PROJECT,AGRO INDUSTRIAL PARAMONGA SAA,"Energy industries (renewable/non-renewable sources); Livestock, enteric fermentation, and manure management",,AM0036,Late to verify,Peru,"123,136",Latin America,2010-02-11,,
325,Lugouhe Hydropower Station Project,"Sichuan Ebian Lugouhe Hydroelectricity Co., Ltd.",Energy industries (renewable/non-renewable sources),,AMS-I.D.,Registered,China,"18,928",Asia,2020-04-06,,
326,Jinti Hydropower Station Project,"Sichuan Ebian Jindong Tiji Hydropower Co., Ltd.",Energy industries (renewable/non-renewable sources),,AMS-I.D.,Verification approval request denied,China,"17,326",Asia,2020-04-06,,
327,Guosheng Hydropower Station Project,"Yanbian Mingyuan Electric Power Co., Ltd",Energy industries (renewable/non-renewable sources),,AMS-I.D.,Late to verify,China,"15,121",Asia,2020-04-06,,
328,Huangjueshu Hydropower Station Project,"Panzhihua Reshuihe Power Development Co., Ltd.",Energy industries (renewable/non-renewable sources),,AMS-I.D.,Late to verify,China,"24,357",Asia,2020-04-06,,
329,"Nova Dutra, São Silvestre and Vila Nova Fuel Switching Project",Multiple Proponents,Energy industries (renewable/non-renewable sources),,AMS-I.C.,Late to verify,Brazil,"19,599",Latin America,2020-04-07,,
330,"Wutuhe Erji hydro power project in Guizhou Province, China","Wutuhe Hydro Power Development Co.,Ltd of Liupansh",Energy industries (renewable/non-renewable sources),,AMS-I.D.,Late to verify,China,"24,445",Asia,2020-04-06,2016-03-28,2026-03-27
331,Green Energy to Grid at Dhule Maharashtra,MSPL Limited,Energy industries (renewable/non-renewable sources),,ACM0002,Late to verify,India,"36,804",Asia,2010-02-24,,
319,CGN Gansu Anxi Daliang 49.5MW Wind Power Project,"Gansu CGNPC Wind Power Co., Ltd",Energy industries (renewable/non-renewable sources),,ACM0002,Late to verify,China,"115,912",,2020-04-06,,
321,"6.2 MW Bundled Wind Project in Tamil Nadu, Rajasthan and Maharashtra by Interocean.",Interocean Shipping (India) Pvt. Ltd.,Energy industries (renewable/non-renewable sources),,AMS-I.D.,Late to verify,India,"9,906",Asia,2020-04-06,,
322,Lara Ceramic fuel switching project,Multiple Proponents,Energy industries (renewable/non-renewable sources),,AMS-I.C.,Late to verify,Brazil,"10,275",Latin America,2020-04-07,,
323,Panorama Ceramic Fuel Switching Project,Indústria Cerâmica Panorama LTDA.,Energy industries (renewable/non-renewable sources),,AMS-I.E.,Late to verify,Brazil,"7,398",Latin America,2020-04-06,,
333,Yunnan Dujiacun Small  Hydropower Project,"Luquan Yulong Power Generation Co., Ltd.",Energy industries (renewable/non-renewable sources),,AMS-I.D.,Late to verify,China,"35,000",Asia,2010-03-03,,
334,"Methane Recovery Project Cleanergy Wanroij, North Brabant, The Netherlands,",Cleanergy BV,Energy industries (renewable/non-renewable sources); Waste handling and disposal,,AMS-I.C.; AMS-III.D.,Registered,Netherlands,"9,643",Europe,2020-06-04,,
335,"Methane Recovery Project Aben, Wanroij, North Brabant, The Netherlands",Aben Recycling BV,Energy industries (renewable/non-renewable sources); Waste handling and disposal,,AMS-I.C.; AMS-III.D.; AMS-III.AO.,Registered,Netherlands,"18,021",Europe,2022-05-13,2016-05-01,2026-04-30
336,"Methane Recovery Project Houbensteyn Ysselsteyn, Limburg, The Netherlands",Houbensteyn milieu BV,Energy industries (renewable/non-renewable sources); Waste handling and disposal,,AMS-I.C.; AMS-III.D.; AMS-III.AO.,Registered,Netherlands,"15,201",Europe,2022-05-17,,
338,"Methane Recovery Project Praktijkcentrum Sterksel, North Brabant, The Netherlands",Praktijkcentrum Sterksel,Energy industries (renewable/non-renewable sources),,AMS-I.C.; AMS-III.D.,Registered,Netherlands,"2,180",,2020-04-06,,
341,União and Dois Companheiros fuel switching project,Multiple Proponents,Energy industries (renewable/non-renewable sources),,AMS-I.E.,Late to verify,Brazil,"30,042",Latin America,2011-09-07,,
342,Hsikou Hydro Power Project,Chianan Industry Co. Ltd.,Energy industries (renewable/non-renewable sources),,AMS-I.D.,Late to verify,Taiwan,"36,227",,2020-04-06,,
343,"7.03 MW Bundled grid connected wind electricity generation project in Tamil Nadu and Karnataka, India",PKPN Spinning Mills Pvt Ltd,Energy industries (renewable/non-renewable sources),,AMS-I.D.,Late to verify,India,"15,519",Asia,2010-02-20,,
348,"6 MW Biomass based power project, Nellore District, Andhra Pradesh, India.",BOLLINENI CASTINGS AND STEEL LIMITED,Energy industries (renewable/non-renewable sources),,AMS-I.D.,Late to verify,India,"27,813",Asia,2010-03-03,2016-04-01,2026-03-31
349,"8.35 MW Wind Power Project at Guddarangavana Halli, District Chitradurga, State Karnataka, India.",MSPL Limited,Energy industries (renewable/non-renewable sources),,AMS-I.D.,Registered,India,"17,068",Asia,2020-04-06,,
351,"Bundled grid-connected wind electricity generation project identified as Bundle E5 in Maharashtra and Tamil Nadu, India",Kaypee Enterprises,Energy industries (renewable/non-renewable sources),,AMS-I.D.,Late to verify,India,"23,020",Asia,2020-04-06,,
346,Wind power project by GFL in Gudhepanchgani,Gujarat Fluorochemicals Limited (GFL),Energy industries (renewable/non-renewable sources),,ACM0002,Late to verify,India,"51,618",,2020-04-06,,
355,Inner Mongolia Baotou Bayin Wind Power Project,"Longyuan (Baotou) Wind Power Co., Ltd.",Energy industries (renewable/non-renewable sources),,ACM0002,Registered,China,"500,678",Asia,2020-04-06,,
1260,Zé Tunin Small Hydropower Plant Project,Pequena Central Hidrelétrica Zé Tunin S.A.,Energy industries (renewable/non-renewable sources),,AMS-I.D.,Late to verify,Brazil,"18,479",Latin America,2020-04-06,,
1262,Wind power project in Tamil Nadu,Multiple Proponents,Energy industries (renewable/non-renewable sources),,AMS-I.D.,Late to verify,India,"6,434",Asia,2014-03-31,,
1264,"Yunnan Longjiang 240MW Hydropower Project, in P.R. China",Yunnan Longjiang Hydropower Project Development Co,Energy industries (renewable/non-renewable sources),,ACM0002,Late to verify,China,"649,177",Asia,2014-04-04,,
1284,Kandil Dam and Hydroelectric Power Plant,Enerjisa Enerji Uretim  A.S.,Energy industries (renewable/non-renewable sources),,ACM0002,Crediting Period Renewal and Verification Approval Requested,Turkey,"260,055",Middle East,2020-04-06,,
1290,Biomass Based Power Project by Bahl Paper Mills Ltd at Kashipur,Kanaka Management Services Private Limited,Energy industries (renewable/non-renewable sources),,AMS-I.C.,Under development,India,"71,187",Asia,,,
1295,Biomass Based Steam Generation Plant,CHANAKYA DAIRY PRODUCTS LIMITED,Energy industries (renewable/non-renewable sources),,AMS-I.C.,Under validation,India,"27,422",Asia,,2022-04-10,2032-04-09
1298,Biomass Based Steam Generation Project by Industrial Progressive India Limited,Industrial Progressive India Limited,Energy industries (renewable/non-renewable sources),,AMS-I.C.,Under validation,India,"33,700",Asia,,2022-07-17,2032-07-16
1304,Guohua Rongcheng Phase III Wind Farm Project,"Guohua Resourceful (Rongcheng) Wind Power Generation Co., Ltd.",Energy industries (renewable/non-renewable sources),,ACM0002,Registered,China,"89,823",Asia,2020-06-04,2020-10-17,2030-10-16
1305,CIty and County of Honolulu Solid Waste to Energy Facility - 3RD Boiler Expansion,"City of Honolulu, Department of Environmental Serv",Energy industries (renewable/non-renewable sources),,ACM0022; Methodology Under Development,Under validation,United States,"25,620",North America,,,
1307,Biomass Based Steam Generation Plant Farmgate Agro Milch,FARMGATE AGRO MILCH PRIVATE LIMITED,Energy industries (renewable/non-renewable sources),,AMS-I.C.,Under validation,India,"38,960",Asia,,,
1302,Thermal Energy Generation Using Biomass by Kwality Dairy (India) Limited (KDIL),Kwality Limited (formerly known as Kwality Dairy (,Energy industries (renewable/non-renewable sources),,AMS-I.C.,Late to verify,India,"27,995",Asia,2014-04-01,2020-10-16,2030-10-15
1312,Inner Mongolia Tongliao Wind Farm Project Phase III,"Guohua (Tongliao) Wind Power Co.,Ltd.",Energy industries (renewable/non-renewable sources),,ACM0002,Late to verify,China,"127,184",Asia,2014-04-14,,
1313,Inner Mongolia Tongliao Wind Farm Project Phase IV,"Guohua (Tongliao) Wind Power Co., Ltd.",Energy industries (renewable/non-renewable sources),,ACM0002,Late to verify,China,"121,480",Asia,2014-05-12,,
1316,Biomass based renewable energy generation at Godrej Agrovet Ltd. Kanumolu,Godrej Agrovet Limited,Energy industries (renewable/non-renewable sources),,AMS-I.C.,Late to verify,India,"12,577",Asia,2015-02-27,,
1320,Sichuan Baoxing Dongfeng Hydropower Project,"Sichuan Ya an Qingyuan Hydro energy Co., Ltd.",Energy industries (renewable/non-renewable sources),,ACM0002,Under development,China,"113,406",Asia,,,
1323,Bundled small scale wind energy VCS project activity by Envarrior Consulting Services-2,Cera Sanitaryware Limited,Energy industries (renewable/non-renewable sources),,AMS-I.D.,Under development,India,"5,841",Asia,,,
1330,Midilli Hydroelectric Power Plant,Masat Enerji Elektrik Uretim ve Tic. Ltd. Sti.,Energy industries (renewable/non-renewable sources),,ACM0002,Registered,Turkey,"63,761",Middle East,2012-07-31,2022-12-27,2032-12-26
1335,Bundled Biomass Project in India,Kanaka Management Services Private Limited,Energy industries (renewable/non-renewable sources),,AMS-I.C.,Under development,India,"93,158",Asia,,2022-06-25,2032-06-24
1341,8.40MW Bundled Wind Power Project in Rajasthan by Friends Salt Works & Allied Ind. & Gautam Freight Pvt. Ltd.,Friends Salt Works & Allied Ind. & Gautam Freight,Energy industries (renewable/non-renewable sources),,AMS-I.D.,Under validation,India,"14,492",Asia,,,
1344,Murat HEPP,Murat HEPP Energy Electricity Generation and Trade,Energy industries (renewable/non-renewable sources),,ACM0002,Registered,Turkey,"75,362",Asia,2014-09-15,,
1345,Boyabat Hydroelectric Power Plant,Boyabat Elektrik Uretim Ve Ticaret AS,Energy industries (renewable/non-renewable sources),,ACM0002,Registered,Turkey,"580,882",Middle East,2014-10-24,,
1365,Bundled small scale wind energy VCS project activity by Envarrior Consulting Services-3,Multiple Proponents,Energy industries (renewable/non-renewable sources),,AMS-I.D.,Under development,India,"3,140",Asia,,2020-03-30,2027-03-29
1401,"Solar Power Project in Gujarat, India",Multiple Proponents,Energy industries (renewable/non-renewable sources),,AMS-I.D.,Under validation,India,"15,772",Asia,,2022-05-26,2032-05-25
1410,"Solar PV power project at Patan,India",Alex Astral Power Private Limited,Energy industries (renewable/non-renewable sources),,ACM0002,Registration and verification approval requested,India,"39,532",Asia,,,
1411,"Solar PV power project at Bikaner,India",Multiple Proponents,Energy industries (renewable/non-renewable sources),,AMS-I.D.,Under validation,India,"8,310",Asia,,2022-02-21,2032-02-20
1412,Alakopru Hydro Power Plant,ENERSE Enerji Elektrik Ure. Ins. Mad. San. ve Tic.,Energy industries (renewable/non-renewable sources),,ACM0002,Under validation,Turkey,"51,102",Middle East,,2017-12-31,2027-12-30
1421,"Biomass Based Cogeneration Project By M/s SNS Starch Limited at Telengana, India",SNS Starch Limited,Energy industries (renewable/non-renewable sources),,AMS-I.C.,Under validation,India,"67,778",Asia,,,
1422,4.5MW Wind Power Project by Hira Group,Hira Steels Ltd.,Energy industries (renewable/non-renewable sources),,AMS-I.D.,Under development,India,"8,802",Asia,,,
895,"20.8 MW Grid connected wind electricity generation project at Dhule, Maharashtra.",Multiple Proponents,Energy industries (renewable/non-renewable sources),,ACM0002,Late to verify,India,"33,008",Asia,2020-04-06,2016-04-01,2026-03-31
733,Biomass based steam generation project by Gujarat Ambuja Exports Ltd.,Gujarat Ambuja Exports Limited,Energy industries (renewable/non-renewable sources),,AMS-I.C.,Registered,India,"45,523",Asia,2020-04-06,,
2263,Renewable Energy based power generation projects in Bangladesh,Multiple Proponents,Energy industries (renewable/non-renewable sources),,ACM0002; AMS-I.D.,Late to verify,Bangladesh,"32,791",Asia,2020-11-20,,
1310,Guohua Tongliao Kezuo Zhongqi Phase I 49.5 MW Wind Farm Project,"Guohua (Tongliao) Wind Power Co., Ltd.",Energy industries (renewable/non-renewable sources),,ACM0002,Registered,China,"111,877",Asia,2014-04-10,2019-01-16,2029-01-15
854,Waste Gas-based Cogeneration Project at Alexandria Carbon Black,Alexandria Carbon Black Co. S.A.E.,Energy industries (renewable/non-renewable sources),,VCS v1 Project Specific,Late to verify,Egypt,"26,597",Africa,2012-06-27,2022-05-03,2029-05-02
2257,Wind Power Project by M/s D. J. Malpani at Jath in Maharashtra,Multiple Proponents,Energy industries (renewable/non-renewable sources),,ACM0002,Under development,India,"33,637",Asia,,2021-03-30,2028-03-29
1090,Solar PV power project by Roha Dyechem Pvt.  Ltd. (EKIESL.CDM.Aug-11-02),Roha Dyechem Private Limited,Energy industries (renewable/non-renewable sources),,ACM0002,Withdrawn,India,"36,367",Asia,2020-06-04,2022-03-04,2032-03-03
2097,Tepekisla Dam & Hydropower Plant Project,SANKO Enerji Sanayi ve Ticaret A.Ş,Energy industries (renewable/non-renewable sources),,ACM0002,Registered,Turkey,"114,337",Middle East,2020-06-12,2025-08-13,2035-08-12
887,Guangxi Youjiang Naji Navigation and Power Generation Project,Hightrack International (Hong Kong) Technology Lim,Energy industries (renewable/non-renewable sources),,ACM0002,Registered,China,"133,779",Asia,2012-08-31,2017-12-18,2027-12-17
2095,Duzce Aksu Hydro Electricity Power Plant,Aydem Yenilenebilir Enerji A.Ş.,Energy industries (renewable/non-renewable sources),,ACM0002,Crediting Period Renewal and Verification Approval Requested,Turkey,"75,382",Middle East,2021-02-12,,
2096,Akbas Hydroelectric Power Plant,Arı Su Enerji Üretim A.Ş.,Energy industries (renewable/non-renewable sources),,AMS-I.D.,Registered,Turkey,"24,574",Middle East,2021-05-11,,
2094,Koclu Regulator and Hydroelectric Power Plant (Koçlu Regulator & HEPP),SANKO Enerji Sanayi ve Ticaret A.Ş,Energy industries (renewable/non-renewable sources),,ACM0002,Registered,Turkey,"54,206",Middle East,2020-06-12,2024-07-10,2034-07-09
2091,AKKENT-ÇALKUYUCAK HYDROELECTRIC POWER PLANT,DNZ ELEKTRİK ÜRETIM A.Ş.,Energy industries (renewable/non-renewable sources),,AMS-I.D.,Registered,Turkey,"21,534",Middle East,2021-05-11,,
2092,Kirazlık Hydroelectric  Power Plant Project,Baren Enerji Sanayi ve Ticaret Üretim A.Ş.,Energy industries (renewable/non-renewable sources),,ACM0002,Registered,Turkey,"81,307",Middle East,2021-03-18,,
2090,Wind Electricity Generation Project. - CER Conversion,Credits transferred from approved GHG program,Energy industries (renewable/non-renewable sources),,ACM0002,Units Transferred from Approved GHG Program,India,"80,937",Asia,,,
2089,Rio Taquesi Hydroelectric Power Project - CER Conversion,Credits transferred from approved GHG program,Energy industries (renewable/non-renewable sources),,ACM0002,Units Transferred from Approved GHG Program,Bolivia,"191,422",Latin America,,,
803,"9 MW grid connected bundled wind electricity generation project at Tirunelveli, Tamilnadu",Multiple Proponents,Energy industries (renewable/non-renewable sources),,AMS-I.D.,Late to verify,India,"23,189",Asia,2012-03-29,,
2242,Installation of wind power project in Rajasthan and Tamil Nadu,Wind Urja India Private Limited,Energy industries (renewable/non-renewable sources),,ACM0002,Late to verify,India,"92,328",Asia,2021-01-05,2016-04-01,2026-03-31
2243,"Wind power project in Madhya Pradesh, India",Ratedi Wind Power Private Limited,Energy industries (renewable/non-renewable sources),,ACM0002,Late to verify,India,"40,546",Asia,2021-02-09,2016-08-25,2026-08-24
2244,Lalpur wind farm in Gujarat,Tadas Wind Energy Private Limited,Energy industries (renewable/non-renewable sources),,ACM0002,Late to verify,India,"99,859",Asia,2021-01-14,,
2245,"Wind power project in Rajasthan, India",Ratedi Wind Power Private Limited,Energy industries (renewable/non-renewable sources),,ACM0002,Late to verify,India,"40,546",Asia,2021-01-14,2018-07-01,2028-06-30
2246,Nallakonda wind farm in Andhra Pradesh,Lalpur Wind Energy Private Limited,Energy industries (renewable/non-renewable sources),,ACM0002,Under development,India,"100,630",Asia,,2022-07-07,2032-07-06
2247,Tadas Wind Farm in Karnataka,Lalpur Wind Energy Private Limited,Energy industries (renewable/non-renewable sources),,ACM0002,Under development,India,"181,436",Asia,,2022-05-03,2032-05-02
2248,Wind energy project by LWEPL-1,Lalpur Wind Energy Private Limited,Energy industries (renewable/non-renewable sources),,ACM0002,Late to verify,India,"101,865",Asia,2020-11-25,2017-01-01,2026-12-31
744,Pawan Urja Vistaran: Small entities combined wind power project in India - 2008,Multiple Proponents,Energy industries (renewable/non-renewable sources),,AMS-I.D.,Late to verify,India,"17,415",Asia,2020-04-06,,
2080,Jiro Kanto rural hydro-electricity in Alaotra-Mangoro,BETC Nanala,Energy industries (renewable/non-renewable sources),,AMS-I.L.,Registered,Madagascar,"12,748",Africa,2025-01-08,2020-04-01,2030-03-31
185,"Fuel-Switching Project from Fossil Fuels to Biomass in La Providencia, Arcor",Arcor Group,Energy industries (renewable/non-renewable sources); Manufacturing industries,,AM0036,Late to verify,Argentina,"41,700",Latin America,2020-04-06,2017-05-01,2027-04-30
817,Datong River Zhuchaxia Hydropower Station,GEPIC Darong Electric Power Company Ltd.,Energy industries (renewable/non-renewable sources),,ACM0002,Registered,China,"121,617",Asia,2020-04-06,,
823,Datong River Tianwanggou Hydropower Station,GEPIC Darong Electric Power Company Ltd.,Energy industries (renewable/non-renewable sources),,ACM0002,Registered,China,"179,797",Asia,2020-04-06,,
1301,Guohua Rongcheng Phase II Wind Farm Project,"Guohua Resourceful (Rongcheng) Wind Power Generation Co., Ltd.",Energy industries (renewable/non-renewable sources),,ACM0002,Registered,China,"84,622",Asia,2014-08-15,,
2240,N/A,Southern Power Company,Energy industries (renewable/non-renewable sources),,ACM0002,Withdrawn,United States,0,,,,
2239,Akbas Hydroelectric Power Plant -DUPLICATE,Multiple Proponents,Energy industries (renewable/non-renewable sources),,AMS-I.D.,Withdrawn,Turkey,"24,574",,,,
2238,Duzce Aksu Hydro Electricity Power Plant - DUPLICATE (replaced by VCSR1815),Multiple Proponents,Energy industries (renewable/non-renewable sources),,ACM0002,Withdrawn,Turkey,"75,382",,,,
2076,EOLO Wind Power Project,Credits transferred from approved GHG program,Energy industries (renewable/non-renewable sources),,ACM0002,Late to verify,Nicaragua,"110,054",Latin America,2019-12-23,2020-01-01,2026-12-31
264,"Kargilik 24 MW Hydropower Plant, Turkey",Tektuð Elektrik Üretim A.Þ.,Energy industries (renewable/non-renewable sources),,ACM0002,Late to verify,Turkey,"40,528",Middle East,2020-04-06,2016-03-28,2026-03-27
598,"Keban 5 MW Hydropower Plant, Turkey",Tektuð Elektrik Üretim A.Þ.,Energy industries (renewable/non-renewable sources),,AMS-I.D.,Late to verify,Turkey,"19,853",Middle East,2020-04-06,2017-05-09,2027-05-08
1406,Jingyuan County 100MW Solar Power Generation Project,"Gansu Deyou Energy Technology Co., Ltd",Energy industries (renewable/non-renewable sources),,ACM0002,Registered,China,"128,589",Asia,2020-04-06,,
1362,Shandan Dongle Beitan 50MW Solar Power Generation Project,"Shandan Xiehe Solar power generation Co., Ltd.",Energy industries (renewable/non-renewable sources),,ACM0002,Registered,China,"64,743",Asia,2020-04-06,,
621,"Biomass based renewable energy project in a Solvent Extraction Plant, India",M/s. Ambika Solvex Ltd.,Energy industries (renewable/non-renewable sources),,AMS-I.C.,Late to verify,India,"25,476",Asia,2020-04-06,,
2069,Greenfield Solar Power Mission by Fortum India,Fortum India Private Limited,Energy industries (renewable/non-renewable sources),,ACM0002,Verification approval requested,India,"412,674",Asia,2020-12-06,2021-03-19,2031-03-18
1356,Jiangsu Dongtai Phase II Wind Power Project,"Guohua (Jiangsu) Wind Power Co., Ltd.",Energy industries (renewable/non-renewable sources),,ACM0002,Registered,China,"338,010",Asia,2014-11-24,,
1200,Guohua Wulate Zhongqi Chuanjing Phase II Wind Farm Project,Guohua Bayannaoer (Wulate Zhongqi) Wind  Power Co.,Energy industries (renewable/non-renewable sources),,ACM0002,Registered,China,"107,149",,2020-04-06,,
1196,Gansu Yongdeng Longlin Hydro Power Project,"Gansu Longlin Hydropower Development Co., Ltd",Energy industries (renewable/non-renewable sources),,AMS-I.D.,Registered,China,"30,559",,2014-02-05,,
2065,Renewable Energy Power Projects by Atria Power,Multiple Proponents,Energy industries (renewable/non-renewable sources),,ACM0002,Registered,India,"314,814",Asia,2020-04-17,2018-01-25,2028-01-24
2066,PEBSA II-Del Bicentenario II Wind Farm,PEBSA,Energy industries (renewable/non-renewable sources),,ACM0002,Under development,Argentina,"56,325",Latin America,,2019-04-01,2029-03-31
2067,Rao Trang Hydro Power 4 & 3,Rao Trang Hydropower Joint Stock Company,Energy industries (renewable/non-renewable sources),,ACM0002,Under development,Viet Nam,"32,719",Asia,,2019-11-04,2029-11-03
2068,Solar PV Greenfield project by Azure India,Azure Power Forty three Pvt. Ltd.,Energy industries (renewable/non-renewable sources),,ACM0002,Under development,India,"525,498",Asia,,2020-10-31,2030-10-30
2057,Renewable Solar Power Project By SolarArise India Projects Pvt. Ltd.,SolarArise India Projects Pvt. Ltd.,Energy industries (renewable/non-renewable sources),,ACM0002,Verification approval requested,India,"44,541",Asia,2021-07-27,2021-01-05,2031-01-04
2058,50MW Greenfield Solar Plant in UP by Jakson Group,TEQ GREEN (JP) POWER XXXI PRIVATE LIMITED,Energy industries (renewable/non-renewable sources),,ACM0002,Registered,India,"85,873",Asia,2021-07-27,2021-07-01,2031-06-30
2059,Renewable Solar Power Project by Mahindra Renewables Private Limited,Mahindra Renewables Private Limited.,Energy industries (renewable/non-renewable sources),,ACM0002,Registered,India,"389,911",Asia,2022-05-12,2018-07-06,2028-07-05
2060,Suba and Usaquen Hydroelectric Umbrella Project,Empresa de Acueducto y Alcantarillado de Bogota E.S.P,Energy industries (renewable/non-renewable sources),,AMS-I.D.,Registered,Colombia,"8,284",Latin America,2020-11-10,2023-04-15,2033-04-14
2061,Diadema II Wind Farm,E G Wind S.A.,Energy industries (renewable/non-renewable sources),,ACM0002,Late to verify,Argentina,"57,872",Latin America,2020-07-13,2019-09-18,2029-09-17
2062,West Huaybong 2 wind farm project,K.R. Two Company Limited,Energy industries (renewable/non-renewable sources),,ACM0002,Withdrawn,Thailand,"131,141",,,,
2063,El Mataco y San Jorge Wind Farm,Luz de Tres Picos,Energy industries (renewable/non-renewable sources),,ACM0002,Under development,Argentina,"445,884",Latin America,,2020-07-01,2030-06-30
2064,Renewable Solar Power Project by Torrent Power,Torrent Power Limited,Energy industries (renewable/non-renewable sources),,ACM0002,Under development,India,"92,075",Asia,,2019-08-31,2029-08-30
813,Inner Mongolia Chifeng Gaofeng Wind Power Project,"Chifeng Xinsheng Wind Power Co., Ltd",Energy industries (renewable/non-renewable sources),,ACM0002,Registered,China,"150,915",Asia,2020-04-06,,
2048,Kunming Shilin Grid-connected Solar Power Generation Project,"Huaneng Shilin Photovolt Energy Development Co.,Ltd.",Energy industries (renewable/non-renewable sources),,ACM0002,Withdrawn,China,"105,093",,,,
2049,Huaneng Daqing Aobao Wind Farm Project,"Daqing Lvyuan Wind Power Co., Ltd.",Energy industries (renewable/non-renewable sources),,ACM0002,Rejected by Administrator,China,"116,600",Asia,,2019-07-23,2026-07-22
2050,Huaneng Gansu Guazhou Ganhekou No.2 Wind Farm Project,"Huaneng Power International, Inc.",Energy industries (renewable/non-renewable sources),,ACM0002,Withdrawn,China,"408,376",,,,
2051,1944 MW SUDAIR SOLAR PROJECT,South Pole Carbon Asset Management Ltd,Energy industries (renewable/non-renewable sources),,ACM0002,Rejected by Administrator,Saudi Arabia,"3,374,490",Middle East,,2022-01-01,2031-12-31
2052,Renewable Wind Power Project by Axis Wind Farms (Rayalaseema) Pvt. Ltd,Axis Wind Farms (Rayalaseema) Pvt. Ltd,Energy industries (renewable/non-renewable sources),,ACM0002,Registered,India,"202,492",Asia,2020-08-20,2018-03-02,2028-03-01
2053,Smart Anatolia Bundled Solar Project,Smart Holding Anonim Sirketi,Energy industries (renewable/non-renewable sources),,AMS-I.D.,Verification approval requested,Turkey,"26,420",Middle East,2020-11-18,2018-01-01,2027-12-31
2054,Installation of 240 MW Hydroelectric Project at Kutehr in the Chamba district of Himachal Pradesh by JSW Energy,JSW Energy Kutehr Ltd.,Energy industries (renewable/non-renewable sources),,ACM0002,Late to verify,India,"873,698",Asia,2020-07-20,2016-10-01,2026-09-30
2055,Shaoguan City Shaoneng Biomass Power Generation Project,"Guangdong Shaoneng Group Co.,Ltd.",Energy industries (renewable/non-renewable sources),,ACM0018,Rejected by Administrator,China,"190,158",Asia,2020-07-31,,
2041,123 MW SOLAR PV IPP PROJECT ON LANDFILL IN BAHRAIN,South Pole Carbon Asset Management Ltd,Energy industries (renewable/non-renewable sources),,ACM0002,Late to verify,Bahrain,"203,808",Middle East,2020-08-26,2021-08-01,2031-07-31
2042,Renewable Wind Power Project by Adani,Adani Green Energy Limited,Energy industries (renewable/non-renewable sources),,ACM0002,Registered,India,"172,333",Asia,2021-03-24,2019-06-29,2029-06-28
2043,Renewable Solar Power Project by Adani,Adani Green Energy Limited,Energy industries (renewable/non-renewable sources),,ACM0002,Registered,India,"437,825",Asia,2020-07-30,2019-08-02,2029-08-01
2044,Renewable Wind Power Project by Torrent Power,Torrent Power Limited,Energy industries (renewable/non-renewable sources),,ACM0002,Under development,India,"1,709,859",Asia,,2018-01-20,2028-01-19
2045,Huaneng Tuokexun Baiyanghe First Stage 49.5MW wind farm project,Huaneng Tulufan Wind Power Generation Company Ltd,Energy industries (renewable/non-renewable sources),,ACM0002,Withdrawn,China,"98,699",,,,
2046,200 MW Kom Ombo Solar PV Power Project In Egypt,ACWA Power Komombo for Energy,Energy industries (renewable/non-renewable sources),,ACM0002,Late to verify,Egypt,"340,821",Africa,2021-03-10,2021-04-01,2031-03-31
2047,20 MW Capacity Biomass based Power Project of M/s. SHALIVAHANA GREEN ENERGY LIMITED,Shalivahana Green Energy Limited,Energy industries (renewable/non-renewable sources),,ACM0018,Under development,India,"87,446",Asia,,,
2040,Vinh Hao 6 Solar Power Project,Vinh Hao 6 Power Limited Liability Company,Energy industries (renewable/non-renewable sources),,ACM0002,Registered,Viet Nam,"83,750",Asia,2020-12-14,2019-06-18,2029-06-17
2031,ReNew Power bundled Wind Project,ReNew Power Limited,Energy industries (renewable/non-renewable sources),,ACM0002,Rejected by Administrator,India,"984,764",Asia,,2018-08-21,2028-08-20
2032,300 MW Solar Project by Avaada in Gujarat (India),Avaada Sunrise Energy Private Limited,Energy industries (renewable/non-renewable sources),,ACM0002,Rejected by Administrator,India,"512,196",Asia,,2020-10-19,2030-10-18
2033,3.5 MW Small Hydro Project In Himachal Pradesh,Multiple Proponents,Energy industries (renewable/non-renewable sources),,AMS-I.D.,Registered,India,"14,462",Asia,2020-08-23,2018-02-23,2028-02-22
2034,IBRI II Solar Independent Power Project,Shams Ad-Dhahira Generating Company SAOC,Energy industries (renewable/non-renewable sources),,ACM0002,Rejected by Administrator,Oman,"1,125,184",Middle East,,2021-06-01,2031-05-31
2035,Solar Power Project by Renew Solar Power Private Limited,ReNew Solar Power Private Limited,Energy industries (renewable/non-renewable sources),,ACM0002,Withdrawn,India,"758,268",,,,
2036,OUARZAZATE IV CONCENTRATED SOLAR POWER PROJECT,Numerco Limited,Energy industries (renewable/non-renewable sources),,ACM0002,Registered,Morocco,"150,272",Africa,2021-07-12,2018-07-04,2028-07-03
2037,Bundled Solar PV Rooftop Project by MAS - Phase I,Multiple Proponents,Energy industries (renewable/non-renewable sources),,AMS-I.D.,Registered,Sri Lanka,"15,090",Asia,2023-03-22,2018-06-08,2028-06-07
2038,Energising Indian homes by Solar rooftop projects,Azure Power India Pvt ltd,Energy industries (renewable/non-renewable sources),,ACM0002,Registered,India,"140,874",Asia,2021-04-12,2017-12-28,2027-12-27
2039,Badamsha 2 Wind Farm in Kazakhstan,Multiple Proponents,Energy industries (renewable/non-renewable sources),,ACM0002,Registered,Kazakhstan,"172,580",Asia,2020-06-24,2021-09-07,2031-09-06
2022,Huaneng Daqing Wukeshu Wind Farm Project,"Daqing Lvyuan Wind Power Co., Ltd.",Energy industries (renewable/non-renewable sources),,ACM0002,Withdrawn,China,"115,536",,,,
2023,Renewable Solar Power Project By Rishabh Renergy,Rishabh Renergy Private Limited,Energy industries (renewable/non-renewable sources),,AMS-I.D.,Registered,India,"23,089",Asia,2021-07-12,2018-03-28,2028-03-27
2024,Nam Si Luong 1 hydropower project,Nam Si Luong 1 Hydropower Joint Stock Company,Energy industries (renewable/non-renewable sources),,ACM0002,Registration requested,Viet Nam,"97,992",Asia,,2020-01-01,2029-12-31
2025,Huaneng Tuokexun Baiyanghe Third Stage 49.5MW Wind Farm Project,Huaneng Tulufan Wind Power Generation Company Ltd,Energy industries (renewable/non-renewable sources),,ACM0002,Withdrawn,China,"94,121",,,,
2026,Allain Duhangan Hydroelectric Project (ADHP),AD Hydro Power Limited,Energy industries (renewable/non-renewable sources),,ACM0002,Late to verify,India,"494,668",Asia,2021-01-28,,
2027,Bundled Solar Power Project by Hindustan Zinc Limited,Hindustan Zinc Limited,Energy industries (renewable/non-renewable sources),,ACM0002,Registration requested,India,"77,649",Asia,,,
2028,100 MW Solar Project by Avaada in UP (India),Avaada Non-Conventional UPProject Private Limited,Energy industries (renewable/non-renewable sources),,ACM0002,Withdrawn,India,"185,303",,,,
2029,Huaneng Daqing Heping Wind Farm Project,"Daqing Lvyuan Wind Power Co., Ltd.",Energy industries (renewable/non-renewable sources),,ACM0002,Withdrawn,China,"115,860",,,,
2030,Huaneng Daqing Xinli Wind Farm Project,"Daqing Lvyuan Wind Power Co., Ltd.",Energy industries (renewable/non-renewable sources),,ACM0002,Withdrawn,China,"115,397",,,,
2009,Renewable Energy Generation at Hamira,Enen Green Services Private Limited,Energy industries (renewable/non-renewable sources),,AMS-I.C.,Rejected by Administrator,India,"116,832",Asia,,,
2011,Huaneng Liaoning Fuxin Phase II Wind Farm Project,"Huaneng New Energy Industrial Co., Ltd",Energy industries (renewable/non-renewable sources),,ACM0002,Withdrawn,China,"659,993",,,,
2012,Liaoning Fuxin Gaoshanzi 100.5MW Wind Power Project,"Huaneng New Energy Industrial Co., Ltd",Energy industries (renewable/non-renewable sources),,ACM0002,Withdrawn,China,"220,542",,,,
2013,Jilin Tongyu Huaneng 100.5MW Wind Power Project,"Huaneng New Energy Industrial Co., Ltd",Energy industries (renewable/non-renewable sources),,ACM0002,Withdrawn,China,"253,287",,,,
2014,50 MW SOLAR PROJECT BY AVAADA IN UP (INDIA),Avaada Non-Conventional UPProject Private Limited,Energy industries (renewable/non-renewable sources),,ACM0002,Registered,India,"90,941",Asia,2020-11-18,2021-02-21,2031-02-20
2015,Renewable Solar Photovoltaic Project by ACME Group,ACME Cleantech Solutions Private Limited,Energy industries (renewable/non-renewable sources),,ACM0002,Withdrawn,India,"3,906,661",,,,
2016,Grouped Solar Projects in Jordan,Yellow Door Energy Limited,Energy industries (renewable/non-renewable sources),,ACM0002,Late to verify,Jordan,"39,475",Middle East,2020-06-24,2019-12-01,2029-11-30
2017,Karnataka Pavagada-II Solar Project by Avaada (150 MW),Avaada Solarise Energy Private Limited,Energy industries (renewable/non-renewable sources),,ACM0002,Registered,India,"305,870",Asia,2020-11-18,2019-11-08,2029-11-07
2018,Santana Renewable Energy,Alianca Geracao de Energia S.A.,Energy industries (renewable/non-renewable sources),,ACM0002,Late to verify,Brazil,"241,485",Latin America,2020-08-28,2021-11-01,2031-10-31
2019,"100 MW grid connected Wind Power project in Jamnagar Gujarat, India",Verdant Renewables Private Limited,Energy industries (renewable/non-renewable sources),,ACM0002,Registered,India,"363,796",Asia,2022-11-03,2019-06-21,2029-06-20
2020,250 MW Wind Power Project by Mytrah Energy,M/s Mytrah Vayu (Sabarmati) Pvt. Ltd,Energy industries (renewable/non-renewable sources),,ACM0002,Registered,India,"506,370",Asia,2019-12-24,2019-01-30,2029-01-29
2021,Gravier Renewable Energy1,Alianca Geracao de Energia S.A.,Energy industries (renewable/non-renewable sources),,ACM0002,Late to verify,Brazil,"124,580",Latin America,2020-06-04,2021-08-01,2031-07-31
537,Wind based renewable energy project in Gujarat,Apraava Energy Private Limited,Energy industries (renewable/non-renewable sources),,ACM0002,Late to verify,India,"107,173",Asia,2020-04-06,,
2003,Benban Solar PV Project (Plot 3_1),Alcom Energy,Energy industries (renewable/non-renewable sources),,ACM0002,Registered,Egypt,"85,879",Africa,2020-09-22,2019-08-27,2029-08-26
2004,Ouarzazate II Concentrated Solar Power Project,Numerco Limited,Energy industries (renewable/non-renewable sources),,ACM0002,Registered,Morocco,"406,293",Africa,2020-07-01,2018-04-25,2028-04-24
2005,OUARZAZATE III CONCENTRATED SOLAR POWER PROJECT,Numerco Limited,Energy industries (renewable/non-renewable sources),,ACM0002,Registered,Morocco,"406,293",Africa,2020-07-01,2018-11-06,2028-11-05
2006,West Huaybong 3 wind farm project,First Korat Wind Company Limited,Energy industries (renewable/non-renewable sources),,ACM0002,Rejected by Administrator,Thailand,"139,035",Asia,,,
2007,Benban Solar PV Project (Plot 43_4),Acwa Ben Ban one for Energy,Energy industries (renewable/non-renewable sources),,ACM0002,Registered,Egypt,"83,683",Africa,2020-09-21,2019-09-08,2029-09-07
2008,Benban Solar PV Project (Plot 42_4),TK for Solar and Renewable Energy Systems,Energy industries (renewable/non-renewable sources),,ACM0002,Registered,Egypt,"34,914",Africa,2020-09-22,2019-08-20,2029-08-19
1997,TROPICAL WIND IN THAILAND,"Tropical Wind Co., Ltd",Energy industries (renewable/non-renewable sources),,ACM0002,Verification approval requested,Thailand,"162,898",Asia,2020-04-14,2018-09-28,2028-09-27
1998,Cerro Dominador Concentrating Solar Power Plant in Chile,CERRO DOMINADOR CSP S.A.,Energy industries (renewable/non-renewable sources),,ACM0002,Registered,Chile,"640,131",Latin America,2020-05-27,2021-04-10,2031-04-09
1999,KRISSANA WIND POWER IN THAILAND,"Krissana Wind Power Co., Ltd",Energy industries (renewable/non-renewable sources),,ACM0002,Verification approval requested,Thailand,"143,153",Asia,2020-09-11,2018-12-28,2028-12-27
2000,K.R.S. THREE IN THAILAND,"KRS Three Co., Ltd",Energy industries (renewable/non-renewable sources),,ACM0002,Verification approval requested,Thailand,"157,065",Asia,2020-08-18,2018-09-28,2028-09-27
2001,K.R. ONE IN THAILAND,"KR One Co., Ltd",Energy industries (renewable/non-renewable sources),,ACM0002,Verification approval requested,Thailand,"148,089",Asia,2020-08-18,2019-03-16,2029-03-15
2002,THEPHARAK WIND IN THAILAND,"Thepharak Wind Co., Ltd",Energy industries (renewable/non-renewable sources),,ACM0002,Verification approval requested,Thailand,"156,167",Asia,2019-12-16,2018-11-27,2028-11-26
800,10.30 MW Grouped Wind Power Project in India.,Multiple Proponents,Energy industries (renewable/non-renewable sources),,AMS-I.D.,Late to verify,India,"16,666",Asia,2012-03-20,2016-04-01,2026-03-31
1996,GENNEIA SOLAR PROJECTS IN  ARGENTINA,GENNEIA S.A.,Energy industries (renewable/non-renewable sources),,ACM0002,Registered,Argentina,"85,157",Latin America,2020-07-20,2018-12-01,2028-11-30
1991,"WASTE HEAT RECOVERY-BASED POWER GENERATION PROJECTS BY HZL, IN INDIA",Hindustan Zinc Limited,Energy industries (renewable/non-renewable sources),,AMS-III.Q,Registration requested,India,"42,510",Asia,,2020-02-15,2030-02-14
1992,ENERGY EFFICIENCY IN STEAM TURBINE GENERATOR SYSTEMS BY HZL,Hindustan Zinc Limited,Energy industries (renewable/non-renewable sources),,AMS-II.B.,Late to verify,India,"63,138",Asia,2020-01-01,2020-05-30,2030-05-29
1993,Bundled Wind Power project in Koppal Karnataka,Multiple Proponents,Energy industries (renewable/non-renewable sources),,ACM0002,Registered,India,"266,634",Asia,2020-06-25,2018-03-02,2028-03-01
1994,PEBSA-Del Bicentenario Wind Farm,PEBSA,Energy industries (renewable/non-renewable sources),,ACM0002,Registration requested,Argentina,"225,298",,,,
1995,Folha Larga Sul Renewable Energy,Multiple Proponents,Energy industries (renewable/non-renewable sources),,ACM0002,Registered,Brazil,"332,753",Latin America,2021-02-17,2020-05-14,2030-05-13
1985,"100 MW Bundled Wind Power Project in Anantapuram, Andhra Pradesh",Multiple Proponents,Energy industries (renewable/non-renewable sources),,ACM0002,Registered,India,"192,849",Asia,2020-02-07,2018-03-22,2028-03-21
1986,"13 MW Grid Connected Dandela Mini Hydel Scheme, Karnataka State, India.",Sagar Power Dandela Private Limited,Energy industries (renewable/non-renewable sources),,AMS-I.D.,Under development,India,"32,160",Asia,,2019-07-19,2029-07-18
1987,GENNEIA WIND PROJECTS IN ARGENTINA,GENNEIA S.A.,Energy industries (renewable/non-renewable sources),,ACM0002,Registered,Argentina,"430,346",Latin America,2020-09-10,2018-11-12,2028-11-11
1989,Oualidia 1&2 Wind Projects.,AERA Group,Energy industries (renewable/non-renewable sources),,ACM0002,Registered,Morocco,"54,114",Africa,2019-12-20,2021-02-10,2031-02-09
1990,"40MW Bundled Solar Project in Telangana, India",Multiple Proponents,Energy industries (renewable/non-renewable sources),,ACM0002,Registered,India,"79,241",Asia,2020-03-16,2017-12-22,2027-12-21
1984,"40 MW Bundled Solar Project in Telangana, India",Multiple Proponents,Energy industries (renewable/non-renewable sources),,ACM0002,Withdrawn,India,"79,241",,,,
1979,"10 MW biomass based power generation project at Wani, Yavatmal by Shalivahana Projects Limited",Shalivahana Green Energy Limited,Energy industries (renewable/non-renewable sources),,AMS-I.D.,Under development,India,"48,132",Asia,,,
1980,"24 MW Chayadevi Mini Hydro power project in Karnataka, India",Bhoruka Power Corporation Limited,Energy industries (renewable/non-renewable sources),,ACM0002,Under development,India,"42,419",Asia,,2017-07-23,2027-07-22
1981,"Waste Heat Recovery Power Project at JK Cement Works (Unit of JK Cement Limited), Nimbahera, Chittorgarh, Rajasthan",JK Cement Ltd. (JKCL),Energy industries (renewable/non-renewable sources),,ACM0012,Registered,India,"70,796",Asia,2022-03-16,,
1982,Ngodwana Biomass to Energy Project,Ngodwana Energy (Pty) Ltd.,Energy industries (renewable/non-renewable sources),,ACM0018,Registered,South Africa,"188,150",Africa,2022-01-05,2022-03-12,2032-03-11
1983,Guangdong Taishan Shangchuandao Island Phase II Wind Farm Project,Credits transferred from approved GHG program,Energy industries (renewable/non-renewable sources),,ACM0002,Late to verify,China,"28,813",Asia,2019-11-06,,
1976,Renewable Solar Power Project by Shapoorji Pallonji,Multiple Proponents,Energy industries (renewable/non-renewable sources),,ACM0002,Registered,India,"432,770",Asia,2020-08-23,2018-04-08,2028-04-07
1977,Oualidia 1&2 Wind Projects,AERA Group,Energy industries (renewable/non-renewable sources),,ACM0002,Inactive,Morocco,"44,294",,,2020-04-06,2030-04-05
1978,"Malleco, Lomas de Duqueco and Negrete Wind Project, Chile",Multiple Proponents,Energy industries (renewable/non-renewable sources),,ACM0002,Rejected by Administrator,Chile,"699,147",Latin America,,2021-01-01,2030-12-31
1974,Srepok 1 Solar Power Project,Dai Hai Power Development and Invesment Joint Stock Company,Energy industries (renewable/non-renewable sources),,ACM0002,Registered,Viet Nam,"64,206",Asia,2020-07-14,2019-01-28,2029-01-27
1975,Hong Phong 4 Solar 48 MW Project,"Ha Do Binh Thuan Co., Ltd",Energy industries (renewable/non-renewable sources),,ACM0002,Registered,Viet Nam,"77,400",Asia,2019-11-01,2019-06-04,2029-06-03
1973,Huaneng Tongyu Tuanjie Phase E Wind Farm Project,"Huaneng Jilin Power Co., Ltd.",Energy industries (renewable/non-renewable sources),,ACM0002,Rejected by Administrator,China,"103,905",Asia,,2020-07-01,2027-06-30
202,Bom Jesus Ceramic Fuel Switching Project,Multiple Proponents,Energy industries (renewable/non-renewable sources),,AMS-I.E.,Registered,Brazil,"9,356",,2020-04-13,2017-01-01,2026-12-31
1971,SAKAL SOLAR FARM,INNOVENT SENEGAL S.A,Energy industries (renewable/non-renewable sources),,ACM0002,Registered,Senegal,"22,270",Africa,2020-06-11,2018-07-24,2028-07-23
1972,Guangxi Longan Biomass Power Project,Guangxi Deli New energy Technology Co. ltd,Energy industries (renewable/non-renewable sources),,ACM0006,Registered,China,"95,542",Asia,2019-12-12,2019-01-22,2029-01-21
1968,Grid Connected Wind Energy Project in Gujarat,Apraava Energy Private Limited,Energy industries (renewable/non-renewable sources),,ACM0002,Verification approval requested,India,"759,489",Asia,2020-05-08,2023-04-07,2033-04-06
1970,Ventus Wind Farm in El Salvador,"Ventus, S.A.de C.V",Energy industries (renewable/non-renewable sources),,ACM0002,Registered,El Salvador,"103,593",Latin America,2019-12-04,2020-11-01,2030-10-31
788,China Guangdong Shenzhen Qianwan LNG generation project,"Shenzhen Guangqian Electric Power Co., Ltd.",Energy industries (renewable/non-renewable sources),,ACM0002; AM0029,Late to verify,China,"857,072",Asia,2012-03-05,2016-12-01,2026-11-30
1967,"Wind Power Project at Tamil Nadu, India",Shalivahana Green Energy Limited,Energy industries (renewable/non-renewable sources),,AMS-I.D.,Under development,India,"18,786",Asia,,2020-01-01,2026-12-31
1965,Cat Hiep Solar Power Project,Binh Dinh TTP Energy and High Technology Joint Stock Company,Energy industries (renewable/non-renewable sources),,ACM0002,Registered,Viet Nam,"59,541",Asia,2020-07-14,2019-06-05,2029-06-04
1966,Huaneng Gansu Huajialing 49.5MW Wind Power Project,"Huaneng Huajialing Wind Power Co., Ltd.",Energy industries (renewable/non-renewable sources),,ACM0002,Withdrawn,China,"91,046",,,,
743,Pawan Urja Vistaran: Small entities combined wind power project in India - 2007,Multiple Proponents,Energy industries (renewable/non-renewable sources),,ACM0002,Late to verify,India,"53,813",Asia,2020-04-06,,
1964,Quang Minh Solar Power Project,Srepok Solar Power Joint Stock Company,Energy industries (renewable/non-renewable sources),,ACM0002,Registered,Viet Nam,"55,884",Asia,2019-10-12,2019-01-31,2029-01-30
1961,"7 MW Hydel Based Power Unit on River Jatashankari, Chhattisgarh",Shalivahana Green Energy Limited,Energy industries (renewable/non-renewable sources),,AMS-I.D.,Under development,India,"22,957",Asia,,2019-04-01,2026-03-31
1962,Daan Laifu Wind Farm Phase II Project,Credits transferred from approved GHG program,Energy industries (renewable/non-renewable sources),,ACM0002,Late to verify,China,"109,116",Asia,2019-10-17,2020-09-17,2027-09-16
1963,Tataouine Solar Photovoltaic Plant in Tunisia,SEREE,Energy industries (renewable/non-renewable sources),,AMS-I.D.,Late to verify,Tunisia,"14,376",Africa,2019-11-21,2020-03-14,2030-03-13
1958,My Son - Hoan Loc Viet Solar Energy Project,My Son - Hoan Loc Viet Solar Energy Joint Stock Company,Energy industries (renewable/non-renewable sources),,ACM0002,Registered,Viet Nam,"65,871",Asia,2019-10-08,2019-06-19,2029-06-18
1959,Aussenkehr solar,ALCON CONSULTING SERVICES (PTY) LTD,Energy industries (renewable/non-renewable sources),,AMS-I.D.,Registered,Namibia,"14,673",Africa,2019-08-11,2017-11-20,2027-11-19
1955,Jilin TongHua Biomass Power Project,"Tonghua Xinneng Biomass Power Cogeneration Co., Ltd.",Energy industries (renewable/non-renewable sources),,ACM0006,Late to verify,China,"107,078",Asia,2019-09-30,2020-05-01,2030-04-30
1956,Shaanxi Chengcheng Biomass Power Project,Shaanxi Chengcheng Qinyao Power Company,Energy industries (renewable/non-renewable sources),,ACM0006,Late to verify,China,"118,019",Asia,2019-09-30,2020-04-01,2030-03-31
1954,Badamsha Wind Farm in Kazakhstan,Multiple Proponents,Energy industries (renewable/non-renewable sources),,ACM0002,Registered,Kazakhstan,"232,137",Asia,2019-11-26,2020-03-24,2030-03-23
1951,HUANENG CHANGTU TAIPING WIND FARM PROJECT,"Huaneng Changtu Wind Power Co., Ltd.",Energy industries (renewable/non-renewable sources),,ACM0002,Withdrawn,China,"102,738",,,,
1952,Huaneng Tongyu Tuanjie Phase A Wind Farm Project,"Huaneng Jilin Power Generation Co., Ltd.",Energy industries (renewable/non-renewable sources),,ACM0002,Withdrawn,China,"96,208",,,,
1949,Longyuan Mulilo De Aar Maanhaarberg Wind Energy Facility,Multiple Proponents,Energy industries (renewable/non-renewable sources),,ACM0002,Registered,South Africa,"304,155",Africa,2020-12-02,2017-10-31,2027-10-30
1950,Longyuan Mulilo De Aar 2 North Wind Energy Facility,Multiple Proponents,Energy industries (renewable/non-renewable sources),,ACM0002,Registered,South Africa,"433,929",Africa,2021-02-22,2017-11-01,2027-10-31
795,Dalmia Chini Mills Nigohi Project,Dalmia Bharat Sugar and Industries Limited,Energy industries (renewable/non-renewable sources),,ACM0006,Late to verify,India,"32,795",Asia,2020-04-06,,
1948,"Badamsha Wind Farm in Kazakhstan- DUPLICATE, see ID 1954",Eni S.p.A. Energy Solutions Initiatives Monitoring and Reporting,Energy industries (renewable/non-renewable sources),,ACM0002,Inactive,Kazakhstan,"172,406",,,2019-12-31,2029-12-30
809,Wind power project by AL – Wind Energy in Tamilnadu,AL-Wind Energy,Energy industries (renewable/non-renewable sources),,AMS-I.D.,Late to verify,India,"17,561",Asia,2020-04-06,2017-02-21,2027-02-20
1947,Inner Mongolia Wujier Phase I Wind Power Project,"Inner Mongolia Xinjin Wind Power Co., Ltd.",Energy industries (renewable/non-renewable sources),,ACM0002,Registered,China,"120,508",Asia,2019-10-29,2020-07-04,2030-07-03
275,"5MW Wind Mill Project of RBD by M/s. Rakesh Builders| Developers in Tirunelveli District, Tamil Nadu, India",RAKESH BUILDERS | DEVELOPERS,Energy industries (renewable/non-renewable sources),,AMS-I.D.,Late to verify,India,"11,147",Asia,2020-04-06,,
1946,Renewable Wind Power Project by Hero Future Energies,Hero Future Energies Private Limited,Energy industries (renewable/non-renewable sources),,ACM0002,Verification approval requested,India,"50,140",Asia,2019-09-09,2017-12-29,2027-12-28
168,Bundled Wind Project Activity by M/s Bhagyanagar India Ltd and M/s Surana Telecom and Power Limited,Multiple Proponents,Energy industries (renewable/non-renewable sources),,AMS-I.D.,Late to verify,India,"21,499",Asia,2020-04-06,2016-10-01,2026-09-30
1945,MSA-1 Hydropower Plant,Araucania Power SpA,Energy industries (renewable/non-renewable sources),,AMS-I.D.,Registered,Chile,"10,111",Latin America,2020-07-30,2018-09-01,2028-08-31
392,Gansu Datang Yumen 49 MW Wind Power Project,"Gansu Datang Yumen Wind Power Co., Ltd.",Energy industries (renewable/non-renewable sources),,ACM0002,Late to verify,China,"96,969",Asia,2020-04-06,2020-12-28,2027-12-27
1943,"20MW Samal Grid-connected Hydroelectric Project in Orissa, India",Orissa Power Consortium Ltd.,Energy industries (renewable/non-renewable sources),,ACM0002,Verification approval requested,India,"80,126",Asia,2019-10-16,,
424,"7.85 MW Bundled grid-connected wind electricity generation project in Tamil Nadu and Karnataka, India.",Multiple Proponents,Energy industries (renewable/non-renewable sources),,AMS-I.D.,Late to verify,India,"16,800",Asia,2010-05-10,,
1942,Renewable Solar Power Project by Hero Future Energies,Hero Future Energies Private Limited,Energy industries (renewable/non-renewable sources),,ACM0002,Withdrawn,India,"601,957",,,,
1939,CECEP Gansu Yumen Changma Daba South Wind Farm Project,"CECEP Wind Power (Gansu) Co., Ltd",Energy industries (renewable/non-renewable sources),,ACM0002,Verification approval requested,China,"91,400",Asia,2019-10-02,,
1940,CECEP Gansu Yumen Changma Daba North Wind Farm Project.,"CECEP Wind Power (Gansu) Co., Ltd",Energy industries (renewable/non-renewable sources),,ACM0002,Registered,China,"90,531",Asia,2019-09-27,,
1937,Song Lo 4 Hydropower Project,Multiple Proponents,Energy industries (renewable/non-renewable sources),,ACM0002,Late to verify,Viet Nam,"66,757",Asia,2019-10-02,2017-09-12,2027-09-11
1936,WIND POWER GROUPED PROJECT BY CELSIA COLOMBIA - BEGONIA POWER,Multiple Proponents,Energy industries (renewable/non-renewable sources),,ACM0002; AMS-I.D.,Late to verify,Colombia,"166,385",Latin America,2021-03-10,2021-02-01,2031-01-31
1934,"Patikari Hydro Electric Power Project in Distt-Mandi, Himachal Pradesh, India",Patikari Power Private Limited,Energy industries (renewable/non-renewable sources),,ACM0002,Late to verify,India,"58,583",Asia,2020-06-15,,
1933,Mavibayrak Biomass Power Plant Project,Mavibayrak Enerji Uretim A.S.,Energy industries (renewable/non-renewable sources),,ACM0018,Registered,Turkey,"35,612",Asia,2019-12-19,2018-01-02,2028-01-01
1931,Energising India using Solar Energy Projects,Azure Power India Pvt ltd,Energy industries (renewable/non-renewable sources),,ACM0002,Registered,India,"684,229",Asia,2019-11-26,2017-09-19,2027-09-18
699,"Yiyang Xiushan Hydropower Project, P.R. China","TAOHUAJIANG ENERGY DEVELOPMENT CO., LTD",Energy industries (renewable/non-renewable sources),,ACM0002,Registered,China,"240,000",Asia,2020-04-06,,
455,Maracá Ceramic Fuel Switching Project,Multiple Proponents,Energy industries (renewable/non-renewable sources),,AMS-I.E.,Registered,Brazil,"11,996",Latin America,2020-04-06,2018-03-01,2028-02-29
383,"7.4 MW Bundled grid-connected wind electricity generation project, Tamil Nadu, India",Multiple Proponents,Energy industries (renewable/non-renewable sources),,AMS-I.D.,Late to verify,India,"17,437",Asia,2010-04-12,,
522,Chile: Lircay Run-Of-River Project,Hidromaule S.A,Energy industries (renewable/non-renewable sources),,AM0026,Late to verify,Chile,"53,040",Latin America,2020-04-06,,
797,Jingshan Kaidi Biomass Power Project,"Jingshan Kaidi Green Energy Development Co., Ltd.",Energy industries (renewable/non-renewable sources),,ACM0002; ACM0006,Late to verify,China,"90,446",Asia,2012-03-19,,
1926,Iota M. Firinci Solar Power Project,IOTA Gunes Enerjisi Elektrik Uretim ve Ticaret A.S.,Energy industries (renewable/non-renewable sources),,AMS-I.D.,Registered,Turkey,"8,726",Asia,2022-01-11,2020-08-13,2030-08-12
1920,24.45 MW Biomass based project in Punjab,Satia Industries Limited,Energy industries (renewable/non-renewable sources),,ACM0006,Registered,India,"208,613",Asia,2019-09-17,2017-09-15,2027-09-14
1921,Van Solar Power Project,Omicron Güneş Enerjisi Elektrik Üretim ve Tic. A.Ş.,Energy industries (renewable/non-renewable sources),,ACM0002,Registered,Turkey,"33,629",Asia,2022-01-11,2018-09-20,2028-09-19
1922,Amasya Solar Power Project,Neptun Enerji A.S.,Energy industries (renewable/non-renewable sources),,AMS-I.D.,Withdrawn,Turkey,"9,356",,,2017-08-23,2027-08-22
1923,Yaysun-MT Solar Power Project,Yaysun Elektrik Üretim Sanayi ve Ticaret A.Ş.,Energy industries (renewable/non-renewable sources),,ACM0002,Registered,Turkey,"22,906",Asia,2022-01-11,2018-09-27,2028-09-26
1924,Tokat Solar Power Project,Bahceli Enerji A.S.,Energy industries (renewable/non-renewable sources),,AMS-I.D.,Withdrawn,Turkey,"4,765",Asia,,2017-10-19,2027-10-18
1925,ME-SE Solar Power Project,ME-SE Enerji Elektrik Üretim Sanayi ve Ticaret A.Ş.,Energy industries (renewable/non-renewable sources),,AMS-I.D.,Registered,Turkey,"10,504",Asia,2022-01-11,2018-09-27,2028-09-26
955,Bundled Wind Energy Project in Indian States:- EnKing International 2006.,Multiple Proponents,Energy industries (renewable/non-renewable sources),,AMS-I.D.,Late to verify,India,"14,345",Asia,2013-01-11,,
1001,Inner Mongolia Yihewusu Phase II 49.5 MW Wind Power Project,"Inner Mongolia Xinjin Wind Power Co., Ltd.",Energy industries (renewable/non-renewable sources),,ACM0002,Registered,China,"67,000",Asia,2020-04-06,,
1914,150 MW Solar Project in Karnataka by Avaada Solar,Avaada Solar Energy Private Limited,Energy industries (renewable/non-renewable sources),,ACM0002,Registered,India,"319,470",Asia,2020-05-08,2018-12-20,2028-12-19
1915,Ombepo Wind,Ombepo Energy (Pty) Ltd,Energy industries (renewable/non-renewable sources),,AMS-I.D.,Registered,Namibia,"32,464",Africa,2019-08-01,2017-09-08,2027-09-07
1913,Erzurum Hinis Solar Power Plant,Galata Wind Enerji A.S.,Energy industries (renewable/non-renewable sources),,AMS-I.D.,Registered,Turkey,"7,711",Asia,2019-10-31,2019-01-01,2028-12-31
789,Inner Mongolia Bayinxile Wind Power Project,China Resources Wind Power Inner Mongolia Bayinxil,Energy industries (renewable/non-renewable sources),,ACM0002,Late to verify,China,"130,286",,2012-03-01,,
1912,Run-of-the-river Hydroelectric Power Project in Uttarakhand by Alaknanda Hydro Power Company Limited,Alaknanda Hydro Power Company Limited,Energy industries (renewable/non-renewable sources),,ACM0002,Registration requested,India,"1,204,120",Asia,,,
1908,"Denizli Wind Power Project, Turkey",Korda Enerji Uretim Pazarlama Ithalat ve Ihracat A.S.,Energy industries (renewable/non-renewable sources),,ACM0002,Registered,Turkey,"105,524",Asia,2022-01-11,2019-09-13,2029-09-12
1909,Santa Ana Hydroelectric Plant - CER Conversion,Credits transferred from approved GHG program,Energy industries (renewable/non-renewable sources),,AMS-I.D.,Units Transferred from Approved GHG Program,Colombia,"20,642",Latin America,,,
1910,"Bionersis landfill project in Pasto, Colombia",Credits transferred from approved GHG program,Energy industries (renewable/non-renewable sources),,ACM0001,Late to verify,Colombia,"54,343",,2019-06-27,,
386,La Cascada 2.3 MW Hydroelectric Project,Prestadora de Servicios Públicos La Cascada SA ESP,Energy industries (renewable/non-renewable sources),,ACM0002,Late to verify,Colombia,"5,139",Latin America,2020-04-06,,
1905,"Kocalar Wind Power Project, Turkey",Isider Enerji Uretim Pazarlama Ithalat ve Ihracat A.S.,Energy industries (renewable/non-renewable sources),,ACM0002,Registered,Turkey,"58,118",Asia,2022-01-11,2019-03-14,2029-03-13
1906,"Hasanoba Wind Power Project, Turkey",Kovanci Enerji Uretim Pazarlama Ithalat ve Ihracat A.S.,Energy industries (renewable/non-renewable sources),,ACM0002,Registered,Turkey,"87,290",Asia,2022-01-11,2019-09-06,2029-09-05
1907,"Üçpinar Wind Power Project, Turkey",Derbent Enerji Uretim Pazarlama Ithalat ve Ihracat A.S.,Energy industries (renewable/non-renewable sources),,ACM0002,Registered,Turkey,"180,032",Asia,2022-01-11,2019-06-18,2029-06-17
1904,Wind Power Project in Tamil Nadu by Green Infra Renewable Energy Limited,Green Infra Renewable Energy Limited,Energy industries (renewable/non-renewable sources),,ACM0002,Registered,India,"707,515",Asia,2020-09-07,2018-10-08,2028-10-07
1903,VTRM Renewable Energy 2,AUREN ENERGIA S.A.,Energy industries (renewable/non-renewable sources),,ACM0002,Registered,Brazil,"439,950",Latin America,2020-04-06,2017-08-02,2027-08-01
1902,Salvador da Bahia Landfill Gas Management Project - CER Conversion,Credits transferred from approved GHG program,Energy industries (renewable/non-renewable sources),,ACM0002,Units Transferred from Approved GHG Program,Brazil,"242,950",Latin America,,,
1901,CECIC Zhangbei Gaojialiang Wind farm Project,"CECIC Wind Power (Zhangbei) Yunwei Co., Ltd",Energy industries (renewable/non-renewable sources),,ACM0002,Under development,China,"89,366",Asia,,,
1898,50 MW Tsetsii Wind Farm in Mongolia,Clean Energy Asia LLC.,Energy industries (renewable/non-renewable sources),,ACM0002,Registered,Mongolia,"175,767",Asia,2019-11-11,2017-11-27,2027-11-26
1893,"18 MW Kemphole Mini Hydel Scheme (KMHS), by International Power Corporation Limited, India",International Power Corporation Limited,Energy industries (renewable/non-renewable sources),,ACM0002,Registered,India,"44,548",Asia,2019-07-29,,
1891,Kishanganga Hydroelectric Project,NHPC Ltd,Energy industries (renewable/non-renewable sources),,ACM0002,Registered,India,"1,563,247",Asia,2019-07-09,2018-03-13,2028-03-12
1892,SOLAR GROUPED PROJECT BY EPSA-CELSIA,Multiple Proponents,Energy industries (renewable/non-renewable sources),,ACM0002; AMS-I.D.,Verification approval requested,Colombia,"103,799",Latin America,2019-09-04,2017-09-03,2027-09-02
1890,Grid Connected Solar Energy Project,Apraava Energy Private Limited,Energy industries (renewable/non-renewable sources),,ACM0002,Verification approval requested,India,"289,503",Asia,2019-05-08,2017-08-07,2027-08-06
722,Guangdong Huizhou LNG Power Generation Project,"Guangdong Huizhou LNG Power Co., Ltd.",Energy industries (renewable/non-renewable sources),,AM0029,Late to verify,China,"630,484",Asia,2020-04-06,,
1885,Ejuva One and Ejuva Two Solar Projects,Multiple Proponents,Energy industries (renewable/non-renewable sources),,AMS-I.D.,Registered,Namibia,"26,265",Africa,2019-07-24,2017-09-27,2027-09-26
1886,Nanyang Danjiang River Solar Cooker Project Phase I,Credits transferred from approved GHG program,Energy industries (renewable/non-renewable sources),,AMS-I.C.,Late to verify,China,"129,914",Asia,2019-04-11,,
1887,Nanyang Danjiang River Solar Cooker Project Phase II,Credits transferred from approved GHG program,Energy industries (renewable/non-renewable sources),,AMS-I.C.,Late to verify,China,"93,962",Asia,2019-04-11,,
447,"12.5 MW Bundled grid-connected wind electricity generation project in Karnataka, India",Multiple Proponents,Energy industries (renewable/non-renewable sources),,AMS-I.D.,Late to verify,India,"26,905",Asia,2020-04-06,,
1877,Thangarabalu Small Hydel Project at Karnataka,Kare Power Resources Private Limited. (KPRPL),Energy industries (renewable/non-renewable sources),,ACM0002,Late to verify,India,"53,983",Asia,2021-03-12,,
1878,"Bundled renewable energy project in Gujarat and Karnataka, India",Multiple Proponents,Energy industries (renewable/non-renewable sources),,AMS-I.D.,Registered,India,"11,842",Asia,2019-03-20,2018-03-08,2028-03-07
1879,"Adavikanda, Kuruwita Division Mini Hydro Power Project - CER Conversion",Credits transferred from approved GHG program,Energy industries (renewable/non-renewable sources),,AMS-I.D.,Units Transferred from Approved GHG Program,Sri Lanka,"20,000",Asia,,,
1875,Guangxi Fusui Qiquan biomass power generation project,"Guangxi Fusui Qiquan biomass power generation Co., Ltd.",Energy industries (renewable/non-renewable sources),,ACM0018,Registered,China,"117,822",Asia,2019-03-15,2018-12-11,2028-12-10
1870,Gezin Solar Power Project,Solarges Elektrik Üretim A.Ş,Energy industries (renewable/non-renewable sources),,AMS-I.D.,Registered,Turkey,"3,952",Asia,2020-04-06,2018-01-15,2028-01-14
1874,Zhangjiakou Chabei Wind Farm Project,Credits transferred from approved GHG program,Energy industries (renewable/non-renewable sources),,ACM0002,Withdrawn,China,"203,090",,,,
1867,Ningxia Xiangshan Wind Farm Project,"Ningxia Zhongwei Aluminum New Energy Co., Ltd",Energy industries (renewable/non-renewable sources),,ACM0002,Registered,China,"727,982",Asia,2019-04-11,2017-04-15,2027-04-14
1868,GUACHICONO SMALL HYDROELECTRIC PROJECT,GELEC GUACHICONO S.A.S .E.S.P,Energy industries (renewable/non-renewable sources),,AMS-I.D.,Late to verify,Colombia,"20,049",Latin America,2021-03-10,2021-07-01,2031-06-30
1364,Hydroelectric Project PCH Luzma,ISAGEN S.A. E.S.P,Energy industries (renewable/non-renewable sources),,ACM0002,Registered,Colombia,"99,992",Latin America,2020-08-24,2017-10-07,2027-10-06
1862,Bundled Wind Power Project in Gujarat and Tamil Nadu,Multiple Proponents,Energy industries (renewable/non-renewable sources),,AMS-I.D.,Registered,India,"29,987",Asia,2021-02-23,,
1163,Wind Power Project in Tirupur District,NSL WInd Power Company Phoolwadi Private Limited,Energy industries (renewable/non-renewable sources),,ACM0002,Registered,India,"109,306",Asia,2020-04-06,,
1861,3.5MW Manuni Hydro Electric Project in Himanchal Pradesh by Winsome Textile Industries Ltd,Winsome Textile Industries Limited,Energy industries (renewable/non-renewable sources),,AMS-I.D.,Registered,India,"17,619",Asia,2020-07-09,2017-03-31,2027-03-30
1859,Heqing Solar Cooker Project II,"Clean Air Trade, Inc.",Energy industries (renewable/non-renewable sources),,AMS-I.C.,Registered,China,"143,762",Asia,2019-02-14,2016-12-01,2026-11-30
1860,Heqing Solar Cooker Project I,"Clean Air Trade, Inc.",Energy industries (renewable/non-renewable sources),,AMS-I.C.,Registered,China,"143,762",Asia,2019-02-14,,
700,Wind power project at Tamilnadu by Powerica Limited,POWERICA LIMITED,Energy industries (renewable/non-renewable sources),,ACM0002,Registered,India,"32,956",Asia,2020-06-04,,
701,Wind power project at Gujarat by Powerica Limited,POWERICA LIMITED,Energy industries (renewable/non-renewable sources),,AMS-I.D.,Registered,India,"29,443",Asia,2020-04-06,,
1210,Green Energy Project at Kutch by Powerica Limited,POWERICA LIMITED,Energy industries (renewable/non-renewable sources),,ACM0002,Registered,India,"53,122",,2020-04-06,,
1211,Green Energy Project at Gujarat by Powerica Limited,POWERICA LIMITED,Energy industries (renewable/non-renewable sources),,ACM0002,Registered,India,"61,360",,2014-08-04,,
777,8.6 MW Captive Wind Energy Project in Tamil Nadu,Loyal Textiles Mills Ltd.,Energy industries (renewable/non-renewable sources),,AMS-I.D.,Late to verify,India,"11,976",Asia,2012-02-17,2019-04-08,2026-04-07
391,"Gullubag 96 MW Hydro Electric Power Plant Project, Turkey",Multiple Proponents,Energy industries (renewable/non-renewable sources),,ACM0002,Registered,Turkey,"144,895",Middle East,2020-04-06,,
1857,Grouped OFF-GRID Renewable Energy Project in India,Multiple Proponents,Energy industries (renewable/non-renewable sources),,AMS-I.F.,Registered,India,"38,366",Asia,2019-04-01,2017-04-01,2027-03-31
1856,Bundled Wind Power Project by Sembcorp Green Infra Limited in India,Green Infra Wind Energy Limited,Energy industries (renewable/non-renewable sources),,ACM0002,Registered,India,"191,006",Asia,2019-05-08,2017-03-02,2027-03-01
1854,20 MWAC (22 MWDC) SKCIL SOLAR POWER PLANT PROJECT,Shri Keshav Cements & Infra Ltd.,Energy industries (renewable/non-renewable sources),,ACM0002,Registered,India,"33,707",Asia,2020-04-23,2018-04-01,2028-03-31
1853,9.9 MW Wind Power Project by KPL International Ltd. in Gujarat,KPL International Limited,Energy industries (renewable/non-renewable sources),,AMS-I.D.,Registered,India,"24,232",Asia,2019-01-17,2017-02-28,2027-02-27
794,Dahao Wind Power Project,"China Resources Windpower Development (Shantou Haojiang) Co., Ltd.",Energy industries (renewable/non-renewable sources),,ACM0002,Registered,China,"40,000",Asia,2020-04-06,,
1851,Renewable Solar Power Project by ReNew Solar Power Private Limited,ReNew Solar Power Private Limited,Energy industries (renewable/non-renewable sources),,ACM0002,Verification approval requested,India,"1,767,281",Asia,2019-02-12,2017-02-13,2027-02-12
1214,Vajrakarur Wind Power Project in Andhra Pradesh,Mytrah Vayu (Pennar) Private Limited,Energy industries (renewable/non-renewable sources),,ACM0002,Crediting Period Renewal Requested,India,"124,363",Asia,2020-06-04,,
728,CECIC Gansu Yumen Changma No.3 Wind Farm Project,"CECIC Wind-power (Gansu) Co., Ltd.",Energy industries (renewable/non-renewable sources),,ACM0002,Registered,China,"348,411",Asia,2020-04-06,,
1850,Pesqueiro Energia Small Hydroelectric Project (PESHP) - CER Conversion,Credits transferred from approved GHG program,Energy industries (renewable/non-renewable sources),,AMS-I.D.,Units Transferred from Approved GHG Program,Brazil,"17,927",Latin America,,,
1849,"Ranchland Solar, LLC","Ranchland Solar, LLC",Energy industries (renewable/non-renewable sources),,ACM0002,Registration requested,United States,"30,267",North America,,2019-01-04,2029-01-03
1842,100 MW SOLAR PROJECT IN BHADLA IN RAJASTHAN.,Clean Sustainable Energy Pvt. Ltd.,Energy industries (renewable/non-renewable sources),,ACM0002,Registered,India,"176,539",Asia,2019-01-03,2018-09-16,2028-09-15
1843,100 MW SOLAR BY GIRIRAJ RENEWABLES PVT. LTD.- SATARA.,Giriraj Renewables Private Limited,Energy industries (renewable/non-renewable sources),,ACM0002,Withdrawn,India,"135,329",Asia,,2018-04-16,2028-04-15
1844,80 MW SOLAR BY FERMI SOLAR FARMS PVT LTD - CHALISGAON.,Fermi Solar Farms Pvt. Ltd.,Energy industries (renewable/non-renewable sources),,ACM0002,Registered,India,"206,705",Asia,2018-12-31,2018-04-14,2028-04-13
1845,30 MW SOLAR BY AVAADA SUSTAINABLE ENERGY PVT LTD – HANAGAL.,Avaada Sustainable Energy Pvt. Ltd.,Energy industries (renewable/non-renewable sources),,ACM0002,Withdrawn,India,"43,825",,,,
1846,30 MW SOLAR BY SOLARSYS NON CONVENTIONAL ENERGY PVT. LTD. - BANAVIKAL.,Solarsys Non conventional Energy Pvt. Ltd.,Energy industries (renewable/non-renewable sources),,ACM0002,Withdrawn,India,"43,825",,,,
1841,Santa Teresa Hydropower Plant,INLAND ENERGY,Energy industries (renewable/non-renewable sources),,ACM0002,Registered,Peru,"293,121",Latin America,2020-04-06,,
410,"6.85 MW Bundled grid-connected wind electricity generation project in Tamil Nadu and Karnataka, India",Multiple Proponents,Energy industries (renewable/non-renewable sources),,AMS-I.D.,Crediting Period Renewal Requested,India,"16,634",Asia,2010-05-04,,
1840,Ovejería Photovoltaic Power Plant,Colbun S.A.,Energy industries (renewable/non-renewable sources),,AMS-I.D.,Verification approval requested,Chile,"13,103",Latin America,2020-04-06,2018-05-25,2028-05-24
1838,Renewable Energy Wind Power Project in Karnataka,Vish Wind Infrastructure LLP,Energy industries (renewable/non-renewable sources),,AMS-I.D.,Registration requested,India,"12,294",Asia,,2017-07-01,2027-06-30
1839,CECIC HKC Danjinghe Wind Farm Project,"CECIC HKE Wind Power CO.,LTD",Energy industries (renewable/non-renewable sources),,ACM0002,Late to verify,China,"471,661",Asia,2019-01-04,,
693,"Erkenek 12 MW Hydropower Plant, Turkey",Tektuð Elektrik Üretim A.Þ.,Energy industries (renewable/non-renewable sources),,ACM0002; AMS-I.D.,Late to verify,Turkey,"32,195",Middle East,2020-04-06,2019-02-26,2029-02-25
1836,Guanaquitas 9.74 MW Hydroelectric Project,Guanaquitas S.A.S .ES.P.,Energy industries (renewable/non-renewable sources),,AMS-I.D.,Late to verify,Colombia,"21,973",Latin America,2018-12-11,2020-06-30,2030-06-29
1834,60 MW Solar by Solarsys Non Conventional Energy Pvt. Ltd. - Ilkal.,WeAct Pty Ltd,Energy industries (renewable/non-renewable sources),,ACM0002,Withdrawn,India,"87,651",Asia,,2018-03-31,2028-03-30
1835,Caruquia 9.76 MW Hydroelectric Project,Caruquia S.A.S .ES.P.,Energy industries (renewable/non-renewable sources),,AMS-I.D.,Late to verify,Colombia,"20,303",Latin America,2018-12-11,2020-01-28,2030-01-27
1831,"Wind Energy Project at Devbhoomi Dwaraka,Gujarat by Powerica Limited",POWERICA LIMITED,Energy industries (renewable/non-renewable sources),,ACM0002,Registered,India,"42,210",Asia,2019-03-21,,
1207,Sinner Wind Power Project in Maharashtra,M/s Bindu Vayu Urja Private Limited,Energy industries (renewable/non-renewable sources),,ACM0002,Crediting Period Renewal Requested,India,"53,038",Asia,2020-06-04,,
1197,Chakala Wind Power Project in Maharashtra,M/s Bindu Vayu Urja Private Limited,Energy industries (renewable/non-renewable sources),,ACM0002,Registered,India,"74,307",Asia,2014-07-17,,
1827,Mahuangliang Wind Project,"Yulin Yihong New Energy Co., Ltd.",Energy industries (renewable/non-renewable sources),,ACM0002,Under development,China,"165,686",Asia,,2017-01-29,2027-01-28
1828,"Biomass based independent power project at Malwa Power Private Limited, Mukatsar, Punjab",Malwa Power Private Limited,Energy industries (renewable/non-renewable sources),,AMS-I.D.,Under development,India,"43,854",Asia,,,
1829,"Biomass based power project in Punjab, India",Dee Development Engineers Pvt. Ltd.,Energy industries (renewable/non-renewable sources),,AMS-I.D.,Under development,India,"42,657",Asia,,2020-06-08,2030-06-07
1830,Wind Power Project at Theni by Powerica Limited,POWERICA LIMITED,Energy industries (renewable/non-renewable sources),,AMS-I.D.,Registered,India,"21,864",Asia,2018-11-28,,
1824,"Liucheng Biomass Power Generation Project in Guangxi Zhuang Autonomous Region, China","Liuzhou City Xin’neng Biomass Power Generation Co., Ltd.",Energy industries (renewable/non-renewable sources),,ACM0006,Registered,China,"58,277",Asia,2020-04-06,,
1822,10 MW wind power project by Powerica at BDS - Gujarat,POWERICA LIMITED,Energy industries (renewable/non-renewable sources),,AMS-I.D.,Registered,India,"24,816",Asia,2019-10-17,2017-02-04,2027-02-03
1823,"21.8 MW Wind Power Project at Jangi Vandhiya, Gujarat by Powerica Limited",POWERICA LIMITED,Energy industries (renewable/non-renewable sources),,ACM0002,Registered,India,"50,207",Asia,2018-11-21,,
1819,"19.2 MWp Solar Power Project by HZL at Debari and Dariba, Rajasthan",Hindustan Zinc Limited,Energy industries (renewable/non-renewable sources),,ACM0002,Withdrawn,India,"23,859",Asia,2019-10-17,2017-03-25,2027-03-24
1820,Manantiales Behr Wind Farm,YPF Energia Electrica S.A.,Energy industries (renewable/non-renewable sources),,ACM0002,Registered,Argentina,"251,000",Latin America,2019-04-17,2018-08-01,2028-07-31
32,Luara Ceramic Fuel Switching Project,Luara Indústria e Comércio de Materiais Ltda,Energy industries (renewable/non-renewable sources),,AMS-I.C.; AMS-III.E.,Late to verify,Brazil,"9,450",Latin America,2020-04-06,,
1814,"Wind Power Project in Gujarat, India",Vish Wind Infrastructure LLP,Energy industries (renewable/non-renewable sources),,ACM0002,Rejected by Administrator,India,"57,170",Asia,,,
1815,Renewable Solar Power Project by Adani Green Energy Limited,Adani Green Energy Limited,Energy industries (renewable/non-renewable sources),,ACM0002,Verification approval requested,India,"1,553,021",Asia,2019-10-17,2017-09-28,2027-09-27
1816,Wind power project in Tirunelveli Tamilnadu,Vaayu Renewable Energy (Tapti) Private Limited,Energy industries (renewable/non-renewable sources),,AMS-I.D.,Registered,India,"16,347",Asia,2020-04-17,2017-12-02,2027-12-01
345,Wind power project by HZL in Karnataka.,Hindustan Zinc Limited,Energy industries (renewable/non-renewable sources),,ACM0002,Withdrawn,India,"65,036",Asia,2010-03-09,,
344,Wind power project by HZL in Gujarat.,Hindustan Zinc Limited,Energy industries (renewable/non-renewable sources),,ACM0002,Withdrawn,India,"158,127",Asia,2020-04-06,,
120,Aydin Salavatli Dora-1 Geothermal Power Plant,Menderes Geothermal Elektrik Uretim A.S,Energy industries (renewable/non-renewable sources),,AMS-I.D.,Registered,Turkey,"30,309",Middle East,2023-03-09,2018-07-01,2028-06-30
1812,VTRM Renewable Energy,AUREN ENERGIA S.A.,Energy industries (renewable/non-renewable sources),,ACM0002,Registered,Brazil,"409,442",Latin America,2020-04-06,2016-12-09,2026-12-08
1810,"Tri-Mid, LLC",Southern Power Company,Energy industries (renewable/non-renewable sources),,ACM0002,Under development,United States,"375,765",North America,,2021-12-31,2031-12-30
1808,"Ruso Wind Partners, LLC",Southern Power Company,Energy industries (renewable/non-renewable sources),,ACM0002,Under development,United States,"675,077",North America,,2021-12-31,2031-12-30
1807,"Biomass based thermal energy generation project by Dynamic Fine Paper Mill at Polai Kalan, Deegod, Kota",Dynamic Fine Paper Mill Pvt. Ltd.,Energy industries (renewable/non-renewable sources),,AMS-I.C.,Registered,India,"43,938",Asia,2018-10-15,2016-11-21,2026-11-20
746,Pawan Urja Vistaran: Small entities combined wind power project in India - 2004,Multiple Proponents,Energy industries (renewable/non-renewable sources),,AMS-I.D.,Late to verify,India,"21,539",Asia,2020-04-06,,
768,Dalmia Chini Mills Jawaharpur Project,Dalmia Bharat Sugar and Industries Limited,Energy industries (renewable/non-renewable sources),,ACM0006,Late to verify,India,"34,581",Asia,2012-02-07,,
1805,Solar Energy Project(s) by SB Energy Private Limited,Adani Renewable Energy Devco Private Limited,Energy industries (renewable/non-renewable sources),,ACM0002,Registered,India,"4,354,646",Asia,2018-09-24,2017-02-27,2027-02-26
436,Bundled Wind Power Project structured by KKSK,RADE WIND ENERGY PRIVATE LIMITED,Energy industries (renewable/non-renewable sources),,AMS-I.D.,Late to verify,India,"28,961",Asia,2020-04-06,,
1804,Combio Renewable Biomass Project - Três Marias,Combio Energia S.A.,Energy industries (renewable/non-renewable sources),,AMS-I.C.,Registered,Brazil,"58,519",Latin America,2019-03-11,2017-04-01,2027-03-31
1802,"Philip Wind Partners, LLC",Southern Power Company,Energy industries (renewable/non-renewable sources),,ACM0002,Under development,United States,"747,057",North America,,2020-12-31,2030-12-30
1191,Jamanwada Wind Power Project in Gujarat,Bindu Vayu Urja Private Limited (BVUPL),Energy industries (renewable/non-renewable sources),,ACM0002,Crediting Period Renewal Requested,India,"53,662",Asia,2020-04-06,,
1190,Wind power project in Gujarat,Mytrah Energy (India) Limited,Energy industries (renewable/non-renewable sources),,ACM0002,Registered,India,"48,273",Asia,2020-04-06,,
1195,Wind Power Project in Rajasthan,Mytrah Energy (INDIA) Ltd.,Energy industries (renewable/non-renewable sources),,ACM0002,Registered,India,"70,677",Asia,2020-04-06,,
1800,12 MW Raura Hydro Project by DLI Power,DLI Power (India) Private Limited,Energy industries (renewable/non-renewable sources),,AMS-I.D.,Registered,India,"38,464",Asia,2021-02-25,2019-09-09,2029-09-08
420,"Bundled 13.75 MW Wind Power Project in the state of Rajasthan and Maharashtra, India.",Multiple Proponents,Energy industries (renewable/non-renewable sources),,AMS-I.D.,Late to verify,India,"21,879",Asia,2010-05-14,,
663,"8.0 MW Wind Power Project activity by Sree Iswarya Textiles Private Limited, at Dist Erode, Tamil Nadu",Sree Iswarya Textiles Pvt Ltd,Energy industries (renewable/non-renewable sources),,AMS-I.D.,Late to verify,India,"17,219",Asia,2011-08-12,2016-06-09,2026-06-08
1798,Hydroelectric projects at Oibita River,PCH San Bartolomé S.A.S .ES.P.,Energy industries (renewable/non-renewable sources),,ACM0002,Verification approval requested,Colombia,"100,508",Latin America,2020-10-02,2020-09-01,2030-08-31
1796,Santa Rosa - Altamira hydroelectric projects,Desarrollo de Energías Renovables S.A.S .ES.P.,Energy industries (renewable/non-renewable sources),,ACM0002,Late to verify,Colombia,"99,804",Latin America,2020-11-23,2020-07-01,2030-06-30
1797,El Molino-San Matias hydroelectric projects,Multiple Proponents,Energy industries (renewable/non-renewable sources),,ACM0002,Verification approval requested,Colombia,"90,393",Latin America,2020-04-06,2017-04-17,2027-04-16
1794,Interwaste Landfill gas Grouped Project,Interwaste (Pty) Ltd,Energy industries (renewable/non-renewable sources); Waste handling and disposal,,ACM0001,Registered,South Africa,"41,396",Africa,2020-04-06,2016-10-28,2026-10-27
1787,Renewable Power Project by Animala Wind Power Private Limited,Animala Wind Power Private Limited,Energy industries (renewable/non-renewable sources),,ACM0002,Registered,India,"163,843",Asia,2019-05-21,2017-03-30,2027-03-29
1788,Renewable Power Project by Saipuram Wind Energies Private Limited,Saipuram Wind Energies Private Limited,Energy industries (renewable/non-renewable sources),,ACM0002,Registered,India,"266,287",Asia,2018-08-14,2017-03-31,2027-03-30
1789,Renewable Power Project by SEI Kathiravan Power Private Limited,SEI Kathiravan Power Private Limited,Energy industries (renewable/non-renewable sources),,ACM0002,Registered,India,"77,356",Asia,2019-08-19,2017-03-09,2027-03-08
1790,Renewable Power Project by Axis Wind Farms (MPR Dam) Private Limited,Axis Wind Farms (MPR Dam) Private Limited,Energy industries (renewable/non-renewable sources),,ACM0002,Registered,India,"195,052",Asia,2018-08-14,2017-03-30,2027-03-29
1791,Pavagada Solar Renewable Power Project by Greenko Group,SEI Suryashakti Power Private Limited,Energy industries (renewable/non-renewable sources),,ACM0002,Registered,India,"139,239",Asia,2019-08-19,2017-03-30,2027-03-29
1792,Ghani Solar Renewable Power Project by Greenko Group,Zuvan Energy Private Limited,Energy industries (renewable/non-renewable sources),,ACM0002,Registered,India,"996,010",Asia,2018-08-14,2017-03-31,2027-03-30
1793,Renewable Power Project by Devarahipparigi Wind Power Private Limited,Devarahipparigi Wind Power Private Limited,Energy industries (renewable/non-renewable sources),,ACM0002,Registered,India,"195,052",Asia,2018-12-10,2017-03-25,2027-03-24
760,"Rice Husk Fired Boiler of 8 ton capacity for process steam generation, at Sara Textiles Limited, Baddi, Nalagarh, Himachal Pradesh",Sara Textiles Ltd.,Energy industries (renewable/non-renewable sources),,AMS-I.C.,Late to verify,India,"13,645",Asia,2012-01-13,,
1782,"Solar PV Power Project by Prayatna Developers Pvt. Ltd. at Bhatinda, Punjab",Prayatna Developers Private Limited,Energy industries (renewable/non-renewable sources),,ACM0002,Verification approval requested,India,"167,973",Asia,2018-08-02,2016-09-17,2026-09-16
1783,72 MWac Ramnad Renewable Energy Project,Ramnad Renewable Energy Ltd,Energy industries (renewable/non-renewable sources),,ACM0002,Verification approval requested,India,"115,817",Asia,2018-08-02,2016-09-18,2026-09-17
1784,Solar Power Project by Mytrah Energy India Private Limited,JSW NEO ENERGY LIMITED,Energy industries (renewable/non-renewable sources),,ACM0002,Registered,India,"638,520",Asia,2020-04-06,2017-06-19,2027-06-18
1786,Solar Photovoltaic Project by Giriraj Renewables Private Limited,Avaada Energy Private Limited,Energy industries (renewable/non-renewable sources),,ACM0002,Registered,India,"234,677",Asia,2020-07-29,2018-03-02,2028-03-01
1781,MRMPL Wind Power Project,Modern Road Makers Pvt Ltd.,Energy industries (renewable/non-renewable sources),,ACM0002,Withdrawn,India,"32,788",Asia,2018-02-08,,
250,"Bundled Wind Power Project in Tamil Nadu, India, Co-ordinated by Tamil Nadu Spinning Mills Association(TASMA-V1)",TAMILNADU SPINNING MILLS ASSOCIATION (TASMA),Energy industries (renewable/non-renewable sources),,ACM0002,Registered,India,"82,064",Asia,2020-04-06,,
1778,Lahendong Unit 5 & Unit 6 Geothermal Project,Multiple Proponents,Energy industries (renewable/non-renewable sources),,ACM0002,Withdrawn,Indonesia,"181,030",Asia,2018-07-17,2016-09-15,2026-09-14
1774,Grid-connected Solar PV project in Bokhol,Senergy 2 SAS,Energy industries (renewable/non-renewable sources),,ACM0002,Registered,Senegal,"28,130",Africa,2020-04-13,2016-11-11,2026-11-10
1776,Wind Power Project by Green Infra Wind Power Generation Limited,Green Infra Wind Power Generation Limited,Energy industries (renewable/non-renewable sources),,ACM0002,Registered,India,"79,147",Asia,2020-12-10,2016-08-12,2026-08-11
982,"Combined cycle natural gas based grid connected power plant at Jegurupadu, India",GVK Industries Limited,Energy industries (renewable/non-renewable sources),,AM0029,Late to verify,India,"630,005",Asia,2013-03-01,,
1772,Solar and Wind Power Project by NTPC Limited,NTPC GREEN ENERGY LIMITED,Energy industries (renewable/non-renewable sources),,ACM0002,Registered,India,"940,891",Asia,2018-06-29,2016-08-10,2026-08-09
837,"Natural Gas Based Combined Cycle Power Generation, at Kothapeta, East Godavari, Andhra Pradesh, India",Konaseema Gas Power Ltd,Energy industries (renewable/non-renewable sources),,AM0029,Late to verify,India,"1,358,857",Asia,2012-06-07,2019-06-04,2029-06-03
1388,"Biomass based cogeneration project at Bihar, India",Multiple Proponents,Energy industries (renewable/non-renewable sources),,AMS-I.C.,Under validation,India,"75,764",Asia,,,
198,J L Silva Ceramic Fuel Switching Project,Multiple Proponents,Energy industries (renewable/non-renewable sources),,AMS-I.E.,Registered,Brazil,"20,941",Latin America,2020-04-06,2016-10-01,2026-09-30
34,Cavalcante Ceramic fuel switching project,Multiple Proponents,Energy industries (renewable/non-renewable sources),,AMS-I.E.,Registered,Brazil,"17,139",Latin America,2020-04-06,2017-01-01,2026-12-31
1771,46 MW Mangoli Wind Power Project in Karnataka,Vena Energy KN Wind Power Private Limited,Energy industries (renewable/non-renewable sources),,ACM0002,Verification approval requested,India,"120,268",Asia,2019-08-13,2016-07-23,2026-07-22
1770,Bundled Solar Power Project by Vector Green Energy Private Limited,Multiple Proponents,Energy industries (renewable/non-renewable sources),,ACM0002,Verification approval requested,India,"163,888",Asia,2020-04-06,2016-06-28,2026-06-27
1768,216 MWac Kamuthi Solar Power Project,Kamuthi Solar Power Limited,Energy industries (renewable/non-renewable sources),,ACM0002,Verification approval requested,India,"346,117",Asia,2020-04-13,2016-09-18,2026-09-17
1167,Shri Bajrang RE Project,Shri Bajrang Power and Ispat Ltd,Energy industries (renewable/non-renewable sources),,AMS-I.D.,Late to verify,India,"37,717",Asia,2020-04-06,,
764,Yunnan Maguan Laqi Hydropower Project,"Maguan Laqi Power Generation Co., Ltd.",Energy industries (renewable/non-renewable sources),,ACM0002,Registered,China,"174,517",Asia,2020-04-06,2008-08-17,2029-08-16
1767,Bundled Solar Power Project by Mahindra Susten Private Limited,Multiple Proponents,Energy industries (renewable/non-renewable sources),,ACM0002,Registered,India,"329,360",Asia,2019-05-16,2016-06-29,2026-06-28
1766,Outapi Pv Plant,Camelthorm Business Ventures No. 2,Energy industries (renewable/non-renewable sources),,AMS-I.D.,Registered,Namibia,"10,372",Africa,2022-05-26,2018-07-01,2028-06-30
309,"Bundled grid-connected wind electricity generation project identified as Bundle E3 in Maharashtra and Gujarat, India",UIC UDYOG LIMITED,Energy industries (renewable/non-renewable sources),,AMS-I.D.,Late to verify,India,"11,922",Asia,2010-02-08,,
1181,CGN Inner Mongolia Zhurihe Phase II Wind Farm Project,"CGN Wind Power Co., Ltd.",Energy industries (renewable/non-renewable sources),,ACM0002,Registered,China,"119,319",Asia,2014-02-01,,
1182,CGN Inner Mongolia Zhurihe Phase I Wind Farm Project,"CGN Wind Power Co., Ltd.",Energy industries (renewable/non-renewable sources),,ACM0002,Registered,China,"130,755",,2014-01-14,,
1183,Xinjiang Jimunai CGN Phase I Wind Farm Project,"Xinjiang Jimunai CGN Wind Power Co., Ltd.",Energy industries (renewable/non-renewable sources),,ACM0002,Registered,China,"107,695",Asia,2013-12-27,,
1762,Bundled Solar Power Project by Solararise India Projects PVT. LTD.,SolarArise India Projects Pvt. Ltd.,Energy industries (renewable/non-renewable sources),,ACM0002,Verification approval requested,India,"244,968",Asia,2018-07-20,2016-06-23,2026-06-22
1758,Dereli Hydroelectric Power Plant,Aydem Yenilenebilir Enerji A.S.,Energy industries (renewable/non-renewable sources),,ACM0002,Registered,Turkey,"69,489",Asia,2018-04-25,2024-01-10,2034-01-09
766,Teesta- V Hydro Power project in Sikkim,NHPC Ltd,Energy industries (renewable/non-renewable sources),,ACM0002,Registered,India,"2,044,442",Asia,2020-04-06,,
730,Electricity generation from 17.10 MW bundled wind energy project in Maharashtra aggregated by Resurge Energy Private Limited,RESURGE ENERGY PRIVATE LIMITED,Energy industries (renewable/non-renewable sources),,ACM0002,Late to verify,India,"26,730",Asia,2020-04-06,2016-10-01,2026-09-30
368,Sulige Natural Gas based Power Generation Project,"Sulige Fuel Gas Power Generation Co., Ltd.",Energy industries (renewable/non-renewable sources),,ACM0002; AM0029,Late to verify,China,"504,618",,2020-04-06,,
1753,Bundled Solar Photovoltaic Project by ACME,Multiple Proponents,Energy industries (renewable/non-renewable sources),,ACM0002; AMS-I.D.,Registered,India,"2,078,589",Asia,2020-04-06,2017-02-10,2027-02-09
1754,"Reading Wind Energy, LLC",Southern Power Company,Energy industries (renewable/non-renewable sources),,ACM0002,Registered,United States,"512,840",North America,2018-07-20,2020-05-21,2030-05-20
1751,"Bundled Wind power project in Tamilnadu, India co-ordinated by the TamilNadu Spinning Mills Association (TASMA) - CER Conversion",Credits transferred from approved GHG program,Energy industries (renewable/non-renewable sources),,ACM0002,Units Transferred from Approved GHG Program,India,"686,697",,,,
249,"Bundled Wind Power Project in Tamilnadu, India, Co-ordinated by Tamilnadu Spinning Mills Association(TASMA-II)",TAMILNADU SPINNING MILLS ASSOCIATION (TASMA),Energy industries (renewable/non-renewable sources),,ACM0002,Registered,India,"758,093",Asia,2020-04-06,,
974,"Sarbari II hydro power project by DSL Hydrowatt Limited in Kullu, Himachal Pradesh",DSL HYDROWATT PRIVATE LIMITED,Energy industries (renewable/non-renewable sources),,AMS-I.D.,Registered,India,"28,635",Asia,2020-04-06,,
1002,"Natural Gas based grid connected power project at Peddapuram, A.P. by Gautami Power Limited",GVK Industries Limited,Energy industries (renewable/non-renewable sources),,AM0029,Late to verify,India,"1,293,422",Asia,2020-04-06,2019-06-05,2029-06-04
483,"Sarbari-I small hydro project of DSL Hydrowatt Limited (DSLHL), Himachal Pradesh, India",DSL HYDROWATT PRIVATE LIMITED,Energy industries (renewable/non-renewable sources),,AMS-I.D.,Registered,India,"23,425",Asia,2020-04-06,,
1746,108 MW Fatanpur Wind Power Project in Madhya Pradesh,Multiple Proponents,Energy industries (renewable/non-renewable sources),,ACM0002,Verification approval requested,India,"212,745",Asia,2018-03-09,,
725,"Shibeishan Wind Power Generation Project in Huilai County, Guangdong Province",Guangdong Yudean Shibeishan Wind Power Development,Energy industries (renewable/non-renewable sources),,ACM0002,Late to verify,China,"120,288",Asia,2020-04-06,2016-03-31,2026-03-30
1744,4 MW Biomass based cogeneration plant by Godrej Agrovet Ltd.,Godrej Agrovet Limited,Energy industries (renewable/non-renewable sources),,AMS-I.C.,Registered,India,"97,671",Asia,2018-08-20,2018-10-01,2028-09-30
1745,Bundled Solar Power Project by Vector Green Sunshine Private Limited and Polepally Solar Parks Private Limited,Multiple Proponents,Energy industries (renewable/non-renewable sources),,ACM0002,Registered,India,"70,073",Asia,2018-04-18,,
1742,Hydroelectric Project in Kinnaur District in Himachal Pradesh,JSW Hydro Energy Limited,Energy industries (renewable/non-renewable sources),,ACM0002,Registered,India,"3,541,917",Asia,2018-05-14,,
290,Lee County Waste To Energy Facility 2007 Capital Expansion Project VCU,Lee County Board of County Commissioners SW Div.,Energy industries (renewable/non-renewable sources); Waste handling and disposal,,ACM0022,Verification approval requested,United States,"10,864",North America,2020-04-06,2017-08-18,2027-08-17
913,"Siam Quality Starch Wastewater Treatment and Energy Generation Project in Chaiyaphum, Thailand","Siam Quality Starch Co., Ltd.",Energy industries (renewable/non-renewable sources); Waste handling and disposal,,AMS-I.C.,Late to verify,Thailand,"98,372",Asia,2020-04-06,,
1741,Yumrutepe Regulator and 15.013 MW Hydroelectric Power Plant Project,YUMRUTEPE ENERJI URETIM ANONIM SIRKETI,Energy industries (renewable/non-renewable sources),,ACM0002,Registered,Turkey,"26,224",Asia,2021-06-10,2016-10-31,2026-10-30
918,BALKUSAN HYDROELECTRIC POWER PLANT,KAREN Kahramanmaraş Elektrik Üretim AŞ,Energy industries (renewable/non-renewable sources),,ACM0002,Registered,Turkey,"58,080",Middle East,2020-04-06,2022-08-04,2032-08-03
773,8MW Waste Heat Recovery Based Power Project by Sree Rengaraaj Power India Private Limited,Multiple Proponents,Energy industries (renewable/non-renewable sources); Manufacturing industries,,ACM0012,Registered,India,"43,179",Asia,2011-12-18,,
1739,3 MW Hydro Power Project by Darjeeling Power Pvt. Ltd.,Darjeeling Power Pvt. Ltd,Energy industries (renewable/non-renewable sources),,AMS-I.D.,Registered,India,"16,404",Asia,2018-01-30,2016-04-15,2026-04-14
1736,Grid connected electricity generation plant using natural gas at Jurong Island in Singapore,Pacificlight Power Pte. Ltd.,Energy industries (renewable/non-renewable sources),,AM0029,Verification approval requested,Singapore,"57,991",Asia,2018-09-05,,
1737,Pampeana and Terra Santa Small Hydropower Plants Project Activity - CER Conversion,Credits transferred from approved GHG program,Energy industries (renewable/non-renewable sources),,ACM0002,Units Transferred from Approved GHG Program,Brazil,"25,194",Latin America,,,
1219,Xinjiang Bazhou Haermodun 15MW Hydropower Project,Xinjiang Bazhou Xinhua Hydropower Development Co.,Energy industries (renewable/non-renewable sources),,AMS-I.D.,Late to verify,China,"66,321",Asia,2014-01-23,,
1735,Negros Island Solar Power Inc.,Negros Island Solar Power Inc.,Energy industries (renewable/non-renewable sources),,ACM0002,Registered,Philippines,"66,039",Asia,2018-02-22,,
1734,Large scale grid connected solar PV Project in Toujounine (Nouakchott),SOMELEC,Energy industries (renewable/non-renewable sources),,ACM0002,Registered,Mauritania,"34,705",Africa,2019-01-29,2017-11-07,2027-11-06
92,300MW Hydropower project by JHPL,JSW Hydro Energy Limited,Energy industries (renewable/non-renewable sources),,ACM0002,Registered,India,"1,052,463",Asia,2020-06-04,2006-04-01,2026-03-31
1733,Nouakchott 30 MW wind power plant,SOMELEC,Energy industries (renewable/non-renewable sources),,ACM0002,Registered,Mauritania,"70,358",Africa,2020-04-13,,
381,Bundled wind power project in Harshnath managed by Enercon (India) Limited,Wind World (India) Ltd.,Energy industries (renewable/non-renewable sources),,AMS-I.D.,Registered,India,"12,176",Asia,2020-04-06,,
543,Inner Mongolia Wuliji Wind Farm Project,"CGN Wind Power CO.,Ltd.",Energy industries (renewable/non-renewable sources),,ACM0002,Registered,China,"124,076",Asia,2020-04-06,,
1732,Kinik Wind Power Plant,Esinti Enerji Uretim Ticaret ve Sanayi Anonim Sirketi.,Energy industries (renewable/non-renewable sources),,ACM0002,Verification approval requested,Turkey,"90,271",Asia,2020-04-06,2016-12-05,2026-12-04
876,Shree Nakoda Ispat Ltd 12MW Biomass power generation project,Shree Nakoda Ispat Ltd,Energy industries (renewable/non-renewable sources),,AMS-I.D.,Late to verify,India,"36,000",Asia,2020-04-06,,
853,5 MW Wind power project by UIC Udyog Limited,"UIC UDYOG LIMITED,KOLKATA",Energy industries (renewable/non-renewable sources),,AMS-I.D.,Late to verify,India,"10,655",Asia,2020-04-06,,
954,Kepezkaya Hydroelectric Power Plant Project,ENTEK ELEKTRIK URETIMI ANONIM SIRKETI,Energy industries (renewable/non-renewable sources),,ACM0002,Crediting Period Renewal Requested,Turkey,"61,389",Middle East,2020-04-06,2020-10-01,2030-09-30
620,LKPPL Fuel Switch Project for Generation of Cleaner Power,Lanco Kondapalli Power Private Limited,Energy industries (renewable/non-renewable sources),,ACM0011,Verification approval request denied,India,"302,611",Asia,2020-04-06,,
486,"50 MW Sipansihaporas Hydro Power Plant, North Sumatra",PT. PLN (Persero),Energy industries (renewable/non-renewable sources),,ACM0002,Registered,Indonesia,"185,392",Asia,2020-04-06,2016-04-01,2026-03-31
1730,Bundled Solar PV based power generation by JKLCL,JK Lakshmi Cement Ltd.,Energy industries (renewable/non-renewable sources),,AMS-I.D.,Registered,India,"9,263",Asia,2017-11-29,2017-01-08,2027-01-07
1728,Bundled Wind Power Project by Mytrah Group,Multiple Proponents,Energy industries (renewable/non-renewable sources),,ACM0002,Crediting Period Renewal Requested,India,"678,193",Asia,2020-04-06,,
10,BAESA Project,Multiple Proponents,Energy industries (renewable/non-renewable sources),,ACM0002,Registered,Brazil,"608,686",Latin America,2020-04-06,,
384,Grid connected bundled wind power project in Karnataka managed by Enercon (India) Limited,Enercon (India) Limited,Energy industries (renewable/non-renewable sources),,ACM0002,Late to verify,India,"43,036",Asia,2020-04-06,,
1129,3 MW bundled wind Power Project in Tamil Nadu,Multiple Proponents,Energy industries (renewable/non-renewable sources),,AMS-I.D.,Late to verify,India,"6,115",Asia,2019-02-13,,
1727,Biomass Power Projects by Spark Green Energy Group India,Multiple Proponents,Energy industries (renewable/non-renewable sources),,ACM0018,Registration requested,India,"263,244",Asia,2018-01-09,,
1188,Shandong Wendeng Zhangjiachan Wind Farm Project,"Wendeng Zhangjiachan Wind Power Co., Ltd.",Energy industries (renewable/non-renewable sources),,ACM0002,Registered,China,"84,709",Asia,2014-01-13,,
1189,Shandong Taipingshan Wind Farm Project,"Anqiu Taipingshan Wind Power Co., Ltd.",Energy industries (renewable/non-renewable sources),,ACM0002,Registered,China,"84,740",,2014-01-10,,
1187,Shandong Yishui Tangwangshan Wind Farm Project,"Yishui Tangwangshan Wind Power Co., Ltd.",Energy industries (renewable/non-renewable sources),,ACM0002,Registered,China,"35,438",,2020-04-06,,
1723,Escuela de Minas Hydroelectric Project,HIDROELECTRICA DEL ALTO PORCE S.A.S E.S.P,Energy industries (renewable/non-renewable sources),,ACM0002,Registered,Colombia,"83,524",Latin America,2017-11-02,2019-07-22,2029-07-21
669,Wind Energy project by Ramco group in india,Multiple Proponents,Energy industries (renewable/non-renewable sources),,ACM0002,Late to verify,India,"299,591",Asia,2020-04-06,2016-03-28,2026-03-27
727,CECIC HKE Zhangbei Lvnaobao Wind Power Project,"CECIC HKE Wind Power CO.,LTD",Energy industries (renewable/non-renewable sources),,ACM0002,Registered,China,"210,457",Asia,2020-04-06,,
810,CEYHAN 61.7 MW Hydropower Project,Enova Enerji Üretim A.Ş.,Energy industries (renewable/non-renewable sources),,ACM0002,Registered,Turkey,"118,275",Asia,2012-04-04,,
1716,Matebe Hydroelectric plant,Virunga Energies,Energy industries (renewable/non-renewable sources),,AMS-I.L.,Registered,"Congo, The Democratic Republic of The","46,414",Africa,2017-09-25,,
1291,"Hydro Power Project in backward district of Andhra Pradesh, India",Andhra Pradesh Power Generation Corporation Limited,Energy industries (renewable/non-renewable sources),,ACM0002,Registered,India,"364,520",Asia,2014-03-24,2018-08-18,2028-08-17
534,Feke II 69.58 MW Hydroelecrtic Power Plant,Akenerji Elektrik Uretim A.S,Energy industries (renewable/non-renewable sources),,ACM0002,Registered,Turkey,"103,126",Middle East,2020-04-06,,
1709,140 MW Solar Photovoltaic Project in Rajasthan,Multiple Proponents,Energy industries (renewable/non-renewable sources),,ACM0002,Verification approval requested,India,"241,573",Asia,2019-08-19,2017-07-18,2027-07-17
1022,"Grid Connected Wind Power Project by M/s. D. J. Malpani at Ratan Ka Bas (RKB), Rajasthan",M/s D. J. Malpani,Energy industries (renewable/non-renewable sources),,AMS-I.D.,Verification approval requested,India,"7,497",Asia,2013-09-02,2021-12-06,2031-12-05
724,"53.75 MW Bundled wind Power project in Tamil Nadu  and Karnataka by KBD Group, India",Multiple Proponents,Energy industries (renewable/non-renewable sources),,ACM0002,Registered,India,"119,382",Asia,2020-04-06,,
1706,3MW Solar PV based power generation by Jindal Poly Films,Jindal Poly Films Limited,Energy industries (renewable/non-renewable sources),,AMS-II.F.,Late to verify,India,"4,274",Asia,2017-07-28,2016-10-08,2026-10-07
679,Bundled Wind Power Project by Rajendra Exim Pvt. Ltd.,Multiple Proponents,Energy industries (renewable/non-renewable sources),,AMS-I.D.,Late to verify,India,"124,549",Asia,2020-04-06,,
77,Yangcun Hydropower Station Project,"Sichuan Daduhe Power Co., Ltd",Energy industries (renewable/non-renewable sources),,ACM0002,Late to verify,China,"243,725",Asia,2020-04-06,,
52,Nascente Ceramic Fuel Switching Project,Multiple Proponents,Energy industries (renewable/non-renewable sources),,AMS-I.E.,Late to verify,Brazil,"9,040",Latin America,2020-04-06,,
708,Engenheiro Ernesto Jorge Dreher and Engenheiro Henrique Kotzian SHPs VCS Project (JUN1120),Multiple Proponents,Energy industries (renewable/non-renewable sources),,ACM0002,Registered,Brazil,"52,686",Latin America,2020-04-06,2019-07-01,2029-06-30
1700,Incomex Hydroelectric Project,Multiple Proponents,Energy industries (renewable/non-renewable sources),,AMS-I.D.,Late to verify,Brazil,"91,220",Latin America,2020-11-05,,
1701,Nam Mo 3 Hydro Power Project - CER Conversion,Credits transferred from approved GHG program,Energy industries (renewable/non-renewable sources),,AMS-I.D.,Units Transferred from Approved GHG Program,Viet Nam,"21,817",Asia,,,
1703,Huadian Ningxia Ningdong Yangjiayao 45MW Wind-farm Project - CER Conversion,Credits transferred from approved GHG program,Energy industries (renewable/non-renewable sources),,ACM0002,Units Transferred from Approved GHG Program,China,"93,938",Asia,,,
1696,22.5 MW Bhilangana Hydro Power Project (BHPP) - CER Conversion,Credits transferred from approved GHG program,Energy industries (renewable/non-renewable sources),,ACM0002,Units Transferred from Approved GHG Program,India,"32,574",Asia,,,
1697,"24 MW Perla Mini Hydel Project, Karnataka, India - CER Conversion",Credits transferred from approved GHG program,Energy industries (renewable/non-renewable sources),,ACM0002,Units Transferred from Approved GHG Program,India,"6,719",Asia,,,
1698,"5 MW Sahu Hydro Electric Project for a grid connected system in Himachal Pradesh, India - CER Conversion",Credits transferred from approved GHG program,Energy industries (renewable/non-renewable sources),,AMS-I.D.,Units Transferred from Approved GHG Program,India,"9,880",Asia,,,
1699,Song Chung Hydropower Project - CER Conversion,Credits transferred from approved GHG program,Energy industries (renewable/non-renewable sources),,ACM0002,Units Transferred from Approved GHG Program,Viet Nam,"8,561",Asia,,,
1036,Hillsborough County Waste to Energy (WtE) Facility 2009 Capital Expansion Unit 4,Hillsborough County,Energy industries (renewable/non-renewable sources); Waste handling and disposal,,AM0025,Late to verify,United States,"35,000",North America,2020-04-06,2019-07-13,2029-07-12
361,"5.725 MW Bundled grid-connected wind electricity generation project, Tamil Nadu, India",Multiple Proponents,Energy industries (renewable/non-renewable sources),,AMS-I.D.,Late to verify,India,"11,985",Asia,2020-04-06,,
251,Biomass Based Cogeneration Project at Nectar Life Sciences Ltd,Nectar Lifesciences Ltd,Energy industries (renewable/non-renewable sources),,AMS-I.C.,Late to verify,India,"47,704",Asia,2020-04-06,,
1692,15 MW Wind Power Project by RSPL Ltd (EKIESL-CDM-May-16-04),RSPL Limited,Energy industries (renewable/non-renewable sources),,AMS-I.D.,Withdrawn,India,"29,758",Asia,2017-08-04,,
1693,"Wind Power Project in Maharashtra State, India",Baidyanath Power Private Limited,Energy industries (renewable/non-renewable sources),,AMS-I.D.,Late to verify,India,"16,223",Asia,2017-10-10,,
1691,5 MW Upper Awa Hydro Power Project in Himachal Pradesh by M/s Astha Projects (India) Limited,M/s Astha Projects (India) Limited,Energy industries (renewable/non-renewable sources),,AMS-I.D.,Registered,India,"19,411",Asia,2017-06-08,,
682,"Wind Power Project at Anthiyur, Tamil Nadu",Windage Power Company (P) LTD,Energy industries (renewable/non-renewable sources),,AMS-I.D.,Registered,India,"30,928",Asia,2020-06-04,2016-04-01,2026-03-31
83,"Guaraí, Itabira and Santa Izabel Ceramics Fuel Switching Project",Multiple Proponents,Energy industries (renewable/non-renewable sources),,AMS-I.C.,Late to verify,Brazil,"42,304",Latin America,2020-04-06,,
1120,"Vaayu India Wind Power Project in Jaisalmer, Rajasthan",Vaayu (India) Power Corporation Private Limited,Energy industries (renewable/non-renewable sources),,ACM0002,Late to verify,India,"87,159",Asia,2020-04-06,,
1687,Grid connected bundled wind projects in Gujarat and Tamil Nadu,Multiple Proponents,Energy industries (renewable/non-renewable sources),,AMS-I.D.,Under validation,India,"6,762",Asia,,,
494,Zhangjiagang Nature Gas Power Generation Project,"Zhangjiagang Huaxing Power Co., Ltd.",Energy industries (renewable/non-renewable sources),,AM0029,Late to verify,China,"1,231,243",Asia,2020-04-06,2019-06-08,2026-06-07
513,Salto Pilão Hydropower Plant Project Activity,Consórcio Empresarial Salto Pilão – CESAP,Energy industries (renewable/non-renewable sources),,ACM0002,Registered,Brazil,"186,810",Latin America,2020-04-06,2020-01-19,2030-01-18
535,AKOCAK HYDROELECTRIC POWER PLANT,Multiple Proponents,Energy industries (renewable/non-renewable sources),,ACM0002,Crediting Period Renewal Requested,Turkey,"117,598",Middle East,2020-04-06,,
530,Zhumadian Zhongyuan Gas-Steam Combined Cycle Power Project in Henan China,Henan Zhongyuan Gas Power Company Ltd.,Energy industries (renewable/non-renewable sources),,AM0029,Late to verify,China,"858,165",Asia,2020-04-06,2021-08-25,2028-08-24
635,Dak Rung Hydropower Project,Viet Nguyen Construction Works Joint Stock Company,Energy industries (renewable/non-renewable sources),,AMS-I.D.,Late to verify,Viet Nam,"7,136",Asia,2020-04-06,,
602,Maguary Ceramic Fuel Switching Project,Multiple Proponents,Energy industries (renewable/non-renewable sources),,AMS-I.E.,Registered,Brazil,"11,677",Latin America,2020-04-06,,
603,Sirma Run-of-River Hydro Project,Elen Enerji Uretimi Sanayi Ticaret A.S.,Energy industries (renewable/non-renewable sources),,AMS-I.D.,Registered,Turkey,"12,780",Middle East,2020-04-06,,
604,Rajwakti Small Scale Hydropower Project,Him Urja Private Limited,Energy industries (renewable/non-renewable sources),,AMS-I.D.,Registered,India,"19,569",Asia,2020-04-06,2016-04-01,2026-03-31
592,Utilization of jute biomass process waste & other biomass as fuel substituting fossil fuels in steam generation for use on site,East India Commercial Co. Ltd.,Energy industries (renewable/non-renewable sources),,AMS-I.C.,Late to verify,India,"7,983",Asia,2020-04-06,,
656,Guizhou Qingshuihe Gelibridge Hydropower Project,"Guizhou Wujiang Qingshuihe Hydropower Development Co., Ltd",Energy industries (renewable/non-renewable sources),,ACM0002,Registered,China,"387,570",Asia,2020-04-06,,
657,"Grid connected electricity generation from renewable sources:Bagisli 29.57 MW Hydroelectric Power Plant Project, Turkey",Ceykar Elektrik Üretim A.S.,Energy industries (renewable/non-renewable sources),,ACM0002,Late to verify,Turkey,"64,138",Middle East,2020-04-06,2019-06-01,2029-05-31
661,"8.4 MW Wind Energy Project by Sanwaria Agro Oils Limited, India",Sanwaria Agro Oils Limited,Energy industries (renewable/non-renewable sources),,AMS-I.D.,Late to verify,India,"14,875",Asia,2020-04-06,,
698,CAYKARA HYDROELECTRIC POWER PLANT,REDAS Elektrik Uretim Dagitim Pazarlama Sanayi,Energy industries (renewable/non-renewable sources),,ACM0002,Verification approval requested,Turkey,"59,018",Middle East,2020-04-06,,
536,Uluabat Hydroelectric Power Plant,Akenerji Elektrik Uretim A.S,Energy industries (renewable/non-renewable sources),,ACM0002,Registered,Turkey,"199,467",Middle East,2020-04-06,,
560,Low pressure steam generation by recovering waste heat using Heat Re-claimers at Emirates CMS Power,Emirates CMS Power Company,Energy industries (renewable/non-renewable sources),,ACM0012,Late to verify,United Arab Emirates,"119,069",Middle East,2020-04-06,,
565,40.0 MW DEGIRMENUSTU Hydroelectric Power Plant,DEGIRMENUSTU ENERJI URETIM TICARET VE SANAYI AS,Energy industries (renewable/non-renewable sources),,ACM0002,Verification approval requested,Turkey,"62,386",Middle East,2020-04-06,,
557,Kadamane Mini Hydel Scheme-1 (KMHS-1),Paschim Hydro Energy Pvt. Ltd.,Energy industries (renewable/non-renewable sources),,AMS-I.D.,Registered,India,"32,128",,2020-04-06,2017-05-07,2027-05-06
717,CECIC HKC Gansu Changma Wind Power project,"CECIC HKC Gansu Wind Power Co., LTD.",Energy industries (renewable/non-renewable sources),,ACM0002,Registered,China,"431,949",Asia,2020-04-06,2019-11-21,2029-11-20
518,Fujian Nanridao 16.15MW Wind Power Project in China,Fujian Putian Nanri Houshanzai Wind Power Generati,Energy industries (renewable/non-renewable sources),,ACM0002,Late to verify,China,"38,476",Asia,2020-04-06,2019-09-22,2026-09-21
1685,Grid connected 25 MW PV solar power project at Charanka in Gujarat,GMR Gujarat Solar Power Private Limited,Energy industries (renewable/non-renewable sources),,ACM0002,Registered,India,"34,462",Asia,2021-03-11,2022-03-04,2032-03-03
719,Yunnan Dali Zhemoshan Wind Power Project,Sinohydro 14th Bureau Dali Juneng Investment Co.Lt,Energy industries (renewable/non-renewable sources),,ACM0002,Late to verify,China,"58,623",Asia,2020-04-06,,
577,AYRANCILAR HYDROELECTRIC POWER PLANT,Multiple Proponents,Energy industries (renewable/non-renewable sources),,ACM0002,Registered,Turkey,"68,095",Middle East,2020-04-06,,
578,Menge Dam and Hydroelectric Plant,Enerjisa Enerji Uretim  A.S.,Energy industries (renewable/non-renewable sources),,ACM0002,Registered,Turkey,"100,132",Middle East,2020-04-06,,
580,Coc Dam Hydropower Project,Hoang Son Construction Company Limited,Energy industries (renewable/non-renewable sources),,AMS-I.D.,Late to verify,Viet Nam,"16,472",Asia,2020-04-06,2022-06-10,2029-06-09
623,12.55 MW Wind Power Project In India,Walden Properties Pvt. Ltd.,Energy industries (renewable/non-renewable sources),,AMS-II.D.,Late to verify,India,"27,182",Asia,2020-04-06,,
740,PrairieWinds ND1 (PWND1) Emissions Reduction Project,Basin Electric Power Cooperative,Energy industries (renewable/non-renewable sources),,ACM0002,Registered,United States,"308,580",North America,2020-04-06,,
747,Sefakoy Hydroelectric Power Plant,DEGIRMENUSTU ENERJI URETIM TICARET VE SANAYI AS,Energy industries (renewable/non-renewable sources),,ACM0002,Registered,Turkey,"58,172",Middle East,2020-04-06,,
750,10.2 MW Wind Power Project by Ruchi Infrastructure Limited,Ruchi Infrastructure Limited,Energy industries (renewable/non-renewable sources),,AMS-I.D.,Late to verify,India,"20,031",Asia,2020-04-06,,
751,"22.5 MW Wind Power Project by Ruchi Soya Industries Limited at Palsodi, District-Ratlam, Madhya Pradesh",Ruchi Soya Industries Limited,Energy industries (renewable/non-renewable sources),,ACM0002,Registered,India,"46,323",Asia,2020-04-06,,
752,YEDISU 22.71 MW HYDROELECTRIC POWER PLANT PROJECT,Multiple Proponents,Energy industries (renewable/non-renewable sources),,ACM0002,Registered,Turkey,"48,006",Middle East,2020-04-06,2022-02-03,2032-02-02
753,The Cevizlik Run-of-River Hydroelectric Power Plant,SANKO Enerji Sanayi ve Ticaret A.Ş,Energy industries (renewable/non-renewable sources),,ACM0002,Registered,Turkey,"187,471",Middle East,2020-04-06,2020-05-29,2030-05-28
754,Hubei Lichuan Longqiao Hydropower Station,"Lichuan Yu River Hydropower Co., Ltd.",Energy industries (renewable/non-renewable sources),,ACM0002,Late to verify,China,"158,686",Asia,2020-04-06,,
761,Doruk HPP Run-of-River Hydro Project,Yeni Doruk Enerji Elektrik Uretim A.S.,Energy industries (renewable/non-renewable sources),,ACM0002,Registered,Turkey,"44,303",Middle East,2020-04-06,,
762,"Grid connected electricity generation from renewable sources: Uzuncayir 82.0 MW Hydroelectric Power Plant Project, Turkey",Limak Yatirim Enerji Uretim Isletme Hizmetleri,Energy industries (renewable/non-renewable sources),,ACM0002,Registered,Turkey,"98,484",Middle East,2020-04-06,2019-12-02,2029-12-01
763,Dogancay HPPs run-of-river hydro project,Elen Enerji Uretimi Sanayi Ticaret A.S.,Energy industries (renewable/non-renewable sources),,ACM0002,Registered,Turkey,"94,454",Middle East,2020-04-06,,
771,Sarigüzel Dam and Hydroelectric Power Plants,Enerjisa Enerji Uretim  A.S.,Energy industries (renewable/non-renewable sources),,ACM0002,Registered,Turkey,"185,811",Middle East,2020-04-06,2023-09-20,2033-09-19
710,Shandong Changdao 27.2 MW Wind Power Project,Huaneng Zhongdian Changdao Wind Power Co. Ltd,Energy industries (renewable/non-renewable sources),,ACM0002,Late to verify,China,"58,705",Asia,2020-04-06,2021-10-01,2028-09-30
713,KOYULHISAR HYDRO ELECTRICITY POWER PLANT,Aydem Yenilenebilir Enerji A.Ş.,Energy industries (renewable/non-renewable sources),,ACM0002,Registered,Turkey,"116,217",Middle East,2020-04-06,2019-11-17,2029-11-16
704,BHL Biogas and Bagasse based cogeneration project activity at Kinauni,Bajaj Hindusthan Ltd,Energy industries (renewable/non-renewable sources),,AMS-I.C.,Late to verify,India,"67,805",Asia,2020-04-06,,
1194,Kaladonger Wind Power Project in Rajasthan,M/s Bindu Vayu Urja Private Limited,Energy industries (renewable/non-renewable sources),,ACM0002,Registered,India,"1,268,170",,2020-06-04,2022-02-18,2032-02-17
778,Pirinclik HPP run-of-river hydro project,Enbati Elektrik Uretim Sanayi ve Ticaret A.S,Energy industries (renewable/non-renewable sources),,ACM0002,Registered,Turkey,"42,280",Middle East,2020-04-06,,
779,Tongcheng Kaidi Biomass Power Project,"Tongcheng Kaidi Green Energy Development Co., Ltd.",Energy industries (renewable/non-renewable sources),,ACM0006,Late to verify,China,"106,573",Asia,2020-04-06,,
811,Nam Ngan Hydropower Project,Multiple Proponents,Energy industries (renewable/non-renewable sources),,AMS-I.D.,Late to verify,Viet Nam,"29,322",Asia,2020-04-06,,
805,Waste Heat based 10 MW captive power project “GPIL- WHRB 2” CDM PROJECT ACTIVITY,Godawari Power and Ispat Ltd.,Energy industries (renewable/non-renewable sources),,ACM0012,Late to verify,India,"50,620",Asia,2020-04-06,,
802,Tra Linh 3 Hydropower Project,Multiple Proponents,Energy industries (renewable/non-renewable sources),,AMS-I.D.,Late to verify,Viet Nam,"15,083",Asia,2020-04-06,,
836,Song Ong Hydropower Project,Song Ong Hydropower Joint Stock Company,Energy industries (renewable/non-renewable sources),,AMS-I.D.,Registered,Viet Nam,"21,416",Asia,2020-04-06,,
822,BATICIM BATI ANADOLU CIMENTO SANAYII A.S. 9 MW Cement WHR Project,Baticim Bati Anadolu Cimento Sanayii A.S.,Energy industries (renewable/non-renewable sources); Manufacturing industries,,ACM0012,Registered,Turkey,"25,180",Asia,2020-04-06,,
831,Amayo Phase II Wind Power Project,Consorcio Eólico Amayo (Fase II) S.A.,Energy industries (renewable/non-renewable sources),,ACM0002,Late to verify,Nicaragua,"69,915",Latin America,2020-04-06,,
906,Fujian Zhangpu Liuao 3rd phase Wind Power Project,Datang Zhangzhou Wind Power Co. Ltd,Energy industries (renewable/non-renewable sources),,ACM0002,Late to verify,China,"47,867",Asia,2020-04-06,,
912,"Gunder Hydro Power Project, Turkey",Arik Enerji Uretim A.S.,Energy industries (renewable/non-renewable sources),,ACM0002,Registered,Turkey,"38,760",Asia,2020-04-06,,
917,ASLANCIK HYDRO POWER PLANT PROJECT,Aslancik Elektrik Üretim A.S.,Energy industries (renewable/non-renewable sources),,ACM0002,Registered,Turkey,"222,884",Middle East,2020-04-06,,
950,Liaoning Linghai Nanxiaoliu Wind Farm Project,"Guodian Linghai Wind Power Co., Ltd",Energy industries (renewable/non-renewable sources),,ACM0002,Late to verify,China,"122,764",Asia,2020-04-06,,
939,Thermal Energy Substitution using Landfill Gas at Saint-Étienne-des-Grès,Les Serres du St-Laurent Inc,Energy industries (renewable/non-renewable sources),,AMS-I.C.,Late to verify,Canada,"7,046",North America,2020-04-06,,
1683,Kahone Solar PV Plant,ENERGY RESOURCES SENEGAL SA,Energy industries (renewable/non-renewable sources),,ACM0002,Registered,Senegal,"21,521",,2017-07-05,2018-02-23,2028-02-22
843,Ban Coc Hydropower Project,Que Phong Hydropower Joint Stock Company,Energy industries (renewable/non-renewable sources),,ACM0002,Late to verify,Viet Nam,"40,010",Asia,2020-04-06,,
848,Jilin Changling Wind Farm Phase II Project,"SinoHydro CLP Wind Power Co., Ltd",Energy industries (renewable/non-renewable sources),,ACM0002,Late to verify,China,"114,212",Asia,2020-04-06,,
851,Nam Soi & Nam Cong Hydropower Project,North-West Electric Investment & Development JSC,Energy industries (renewable/non-renewable sources),,ACM0002,Late to verify,Viet Nam,"40,296",Asia,2020-04-06,,
859,Bataan 2020 12.5 MW Power Rice Hull Cogeneration Project,"Bataan 2020, Inc",Energy industries (renewable/non-renewable sources),,AMS-I.C.,Late to verify,Philippines,"38,652",Asia,2020-04-06,,
882,"Sichuan Huadian Xixi River Hydro-electricity Development Co., Ltd. Diluo Hydroelectric Project","Sichuan Huadian Xixi River Hydroelec. Dev. Co., Lt",Energy industries (renewable/non-renewable sources),,ACM0002,Late to verify,China,"337,572",Asia,2020-04-06,,
905,The Yokuslu- Kalkandere Hydroelectric Power Plant,SANKO Enerji Sanayi ve Ticaret A.Ş,Energy industries (renewable/non-renewable sources),,ACM0002,Registered,Turkey,"97,770",Middle East,2020-04-06,2021-01-01,2030-12-31
893,Kale HES Hydro Power Project,Kale Enerji Üretim Ticaret Sanayi A.S.,Energy industries (renewable/non-renewable sources),,ACM0002,Registered,Turkey,"52,089",Middle East,2020-04-06,2020-06-17,2030-06-16
900,Za Hung Hydropower Project,Za Hung Joint Stock Company,Energy industries (renewable/non-renewable sources),,ACM0002,Late to verify,Viet Nam,"69,309",Asia,2020-04-06,,
901,Los Caracoles Hydroelectric Project,Energía Provincial Sociedad del Estado (EPSE),Energy industries (renewable/non-renewable sources),,ACM0002,Late to verify,Argentina,"243,987",Latin America,2020-04-06,,
951,Liaoning Linghai Shengli Wind Farm Project,"Guodian Linghai Wind Power Co., Ltd",Energy industries (renewable/non-renewable sources),,ACM0002,Late to verify,China,"116,862",Asia,2020-04-06,,
952,Liaoning Xingcheng Liutaizi Wind Farm Project,"Guodian Xingcheng Wind Power Co., Ltd",Energy industries (renewable/non-renewable sources),,ACM0002,Late to verify,China,"117,731",Asia,2020-04-06,,
1127,Bucakkisla HPP Run-Of-River Hydro Project,Bilgin Guc Santralleri Enerji Uretim A.S.,Energy industries (renewable/non-renewable sources),,ACM0002,Registered,Turkey,"77,837",Middle East,2020-04-06,,
1677,Vaayu India Wind Power Project in Gujarat - CER Conversion,Credits transferred from approved GHG program,Energy industries (renewable/non-renewable sources),,ACM0002,Units Transferred from Approved GHG Program,India,"26,188",Asia,,,
1678,Grid Connected Wind Energy Generation at Andhra Pradesh.,Credits transferred from approved GHG program,Energy industries (renewable/non-renewable sources),,ACM0002,Rejected by Administrator,India,"18,161",Asia,,,
1679,"Bundled Wind Power Project in Madhya Pradesh, Gujarat and Kerala by D.J. Malpani",D. J Malpani,Energy industries (renewable/non-renewable sources),,ACM0002,Verification approval requested,India,"127,207",Asia,2020-04-28,2016-03-28,2026-03-27
932,"Cakrak 31.29 MW Hydroelectric Power Plant Project, Turkey",Kalen Enerji Elektrik Uretim A.S.,Energy industries (renewable/non-renewable sources),,ACM0002,Late to verify,Turkey,"60,728",Middle East,2020-04-06,2018-06-01,2028-05-31
921,Inner Mongolia Jingneng Saihan Wind Farm Phase II Project,"Beijing International New Energy Co., Ltd.",Energy industries (renewable/non-renewable sources),,ACM0002,Registered,China,"112,655",Asia,2020-04-06,,
936,Shiyazi Hydro power Project in Guizhou Province China,Guizhou Zhongshui Energy Co.Ltd.,Energy industries (renewable/non-renewable sources),,ACM0002,Late to verify,China,"131,143",Asia,2020-04-06,,
967,Bantargebang Landfill Gas Management & Power Generation,PT Navigat Organic Energy Indonesia,Energy industries (renewable/non-renewable sources); Waste handling and disposal,,ACM0001,Late to verify,Indonesia,"708,300",Asia,2020-04-06,2019-08-01,2026-07-31
949,Guodian Linghai Qingsong Wind Farm Project,"Guodian Linghai Wind Power Co., Ltd",Energy industries (renewable/non-renewable sources),,ACM0002,Late to verify,China,"115,069",Asia,2020-04-06,,
972,40 MW Grid Connected Wind Power Project,Green Infra Wind Energy Limited,Energy industries (renewable/non-renewable sources),,ACM0002,Late to verify,India,"70,327",Asia,2020-04-06,,
1079,"Bundled Wind Power Project in Jamnagar, Gujarat",Multiple Proponents,Energy industries (renewable/non-renewable sources),,AMS-I.D.,Late to verify,India,"18,541",Asia,2013-08-05,,
1096,Renewable Energy Wind Power Project in Rajasthan,Vish Wind Infrastructure LLP,Energy industries (renewable/non-renewable sources),,ACM0002,Late to verify,India,"42,747",Asia,2013-06-29,,
599,Enercon Wind Farms in Karnataka Bundled Project-30.40 MW,Enercon (India) Limited,Energy industries (renewable/non-renewable sources),,ACM0002,Late to verify,India,"65,774",Asia,2011-04-21,,
1676,Çiçekli HEPP Project,Kurtal Elektrik Uretim A.S.,Energy industries (renewable/non-renewable sources),,AMS-I.D.,Under development,Turkey,"10,417",Middle East,,2017-06-14,2027-06-13
1675,University of Wisconsin Milwaukee Campus Wide Clean Energy & Energy Efficiency Project,University of Wisconsin Milwaukee (UWM),Energy demand; Energy industries (renewable/non-renewable sources),,VM0025,Registered,United States,"3,156",North America,2017-09-13,,
709,Katuntsi Small Hydro Power Project,VEC Energy Limited,Energy industries (renewable/non-renewable sources),,AMS-I.D.,Late to verify,Bulgaria,"10,000",Europe,2020-04-06,,
790,Roaring 40s Wind Farms (Khandke) Private Limited - Phase III,CLP Wind Farms (Khandke) Private Limited,Energy industries (renewable/non-renewable sources),,ACM0002,Late to verify,India,"24,085",Asia,2012-03-07,,
791,Roaring 40s Wind Farms (Khandke) Private Limited – Phase II,CLP Wind Farms (Khandke) Private Limited,Energy industries (renewable/non-renewable sources),,ACM0002,Late to verify,India,"33,319",Asia,2020-04-06,2020-03-31,2030-03-30
975,Chongqing Chengkou County Bashan Hydropower Station Project,"Chongqing Bashan Hydropower Development Co., Ltd.",Energy industries (renewable/non-renewable sources),,ACM0002,Late to verify,China,"382,839",Asia,2020-04-06,,
976,Xinjiang Huaneng Toksun Baiyanghe Phase II Wind Power project,"Huaneng Turpan Wind Power Co., Ltd.",Energy industries (renewable/non-renewable sources),,ACM0002,Late to verify,China,"93,156",Asia,2020-04-06,2019-08-26,2026-08-25
980,Kaiyuan Yemin 49.5 MW Wind Power Project,Multiple Proponents,Energy industries (renewable/non-renewable sources),,ACM0002,Late to verify,China,"110,668",Asia,2020-04-06,,
1092,"SOLAR POWER PROJECT IN GUJARAT, INDIA BY WAA SOLAR LIMITED",Waa Solar Limited,Energy industries (renewable/non-renewable sources),,AMS-I.D.,Registered,India,"13,712",Asia,2020-06-04,,
1093,Solar Power Project by Sai Sudhir Energy Limited,Saisudhir Energy Limited,Energy industries (renewable/non-renewable sources),,AMS-I.D.,Registered,India,"8,117",Asia,2020-04-06,,
1098,Anhui Suzhou 2X12.5 MW Biomass Power Generation Project,"Huadian Suzhou Biomass Power Industrial Co., Ltd",Energy industries (renewable/non-renewable sources),,ACM0006,Late to verify,China,"123,447",Asia,2020-04-06,,
1109,Mithapur Solar Power Project,Tata Power Renewable Energy Limited,Energy industries (renewable/non-renewable sources),,ACM0002,Registered,India,"37,696",Asia,2020-04-06,,
1199,Bugoye 13.0 MW Run-of-River Hydropower Project,Bugoye Hydro Limited,Energy industries (renewable/non-renewable sources),,AMS-I.D.,Registered,Uganda,"51,074",Africa,2020-04-06,,
1205,Tatar Hydro Electricity Power Plant,Darenhes Elektrik Uretimi A.S.,Energy industries (renewable/non-renewable sources),,ACM0002,Registered,Turkey,"231,898",Middle East,2020-04-06,2023-11-14,2033-11-13
1222,"Kaiyang 15100 Rural Methane Digesters Project in Guizhou Province, China","Guizhou Haikang Marsh gas Material Trade Co,Ltd.","Energy industries (renewable/non-renewable sources); Livestock, enteric fermentation, and manure management",,AMS-III.R.,Late to verify,China,"48,486",,2020-04-06,,
1226,Anhui Zhongxing Shouchuang Energy-Saving Service Co. Ltd. Biomass Boiler Retrofitting Project,Anhui Zhongxing Shouchuang Energy-saving Service,Energy industries (renewable/non-renewable sources),,AMS-I.C.,Late to verify,China,"33,281",,2020-04-06,,
1204,Guohua Wulate Zhongqi Phase I 49.5 MW Wind farm Project,"Guohua Bayannaoer (Wulate Zhongqi) Wind Power Co., Ltd",Energy industries (renewable/non-renewable sources),,ACM0002,Registered,China,"133,685",,2020-04-06,,
1208,Nam Chim Hydro Power Project,Song Lam Construction and Investment Company Ltd,Energy industries (renewable/non-renewable sources),,ACM0002,Late to verify,Viet Nam,"26,748",Asia,2020-04-06,,
1100,SANIBEY DAM AND HYDROELECTRIC POWER PLANT,SANKO Enerji Sanayi ve Ticaret A.Ş,Energy industries (renewable/non-renewable sources),,ACM0002,Registered,Turkey,"524,729",Middle East,2020-04-06,2020-12-02,2030-12-01
1119,RFC Grouped Wind Projects Phase II,Multiple Proponents,Energy industries (renewable/non-renewable sources),,AMS-I.D.,Late to verify,United States,"3,160",North America,2020-04-06,,
1148,Luofan 24MW Hydropower Project in Guizhou Province China,Guizhou Zhongshui Energy Co.Ltd.,Energy industries (renewable/non-renewable sources),,ACM0002,Late to verify,China,"55,857",,2020-04-06,2021-12-05,2031-12-04
1173,San Andres Hydroelectric project,Celsia Colombia S.A. E.S.P.,Energy industries (renewable/non-renewable sources),,ACM0002,Withdrawn,Colombia,"47,317",Latin America,2020-04-06,,
1156,Kiran Energy Solar PV Project,Solarfield Energy Private Limited,Energy industries (renewable/non-renewable sources),,ACM0002,Late to verify,India,"17,203",Asia,2020-04-06,,
1157,Saraff Energy EFB to electricity project,Saraff Energies Ltd.,Energy industries (renewable/non-renewable sources),,AMS-I.D.,Late to verify,Thailand,"28,104",Asia,2020-04-06,2019-06-01,2026-05-31
1231,"Mordogan Wind Power Project, Turkey",Egenda Ege Enerji Uretim A.S,Energy industries (renewable/non-renewable sources),,AMS-I.D.,Registered,Turkey,"26,593",Middle East,2020-04-06,2016-06-24,2026-06-23
1232,"Yaylaköy Wind Power Project, Turkey",Yaylaköy RES Elektrik Üretim A.Ş.,Energy industries (renewable/non-renewable sources),,AMS-I.D.,Registered,Turkey,"24,302",Middle East,2020-04-06,,
1229,Fronteira and Novicel Ceramics Fuel Switching Project,Multiple Proponents,Energy industries (renewable/non-renewable sources),,AMS-I.E.,Late to verify,Brazil,"23,713",,2020-04-06,2021-01-01,2030-12-31
1296,Tuana 7.66 MW Hydroelectric Power Plant,AÞKALE Elektrik Üretim A.Þ,Energy industries (renewable/non-renewable sources),,AMS-I.D.,Late to verify,Turkey,"7,713",Middle East,2020-04-06,,
1287,Kavsakbendi Hydroelectric Power Plant,Enerjisa Enerji Uretim  A.S.,Energy industries (renewable/non-renewable sources),,ACM0002,Verification approval requested,Turkey,"349,888",Middle East,2020-04-06,2023-12-19,2033-12-18
1288,Bundled small scale wind energy VCS project activity by Envarrior Consulting Services-I,Multiple Proponents,Energy industries (renewable/non-renewable sources),,AMS-I.D.,Late to verify,India,"3,277",Asia,2020-04-06,,
1322,"Buyukduz Hydroelectric Power Plant, Turkey",Ayen Enerji A.S.,Energy industries (renewable/non-renewable sources),,ACM0002,Registered,Turkey,"88,708",Middle East,2020-04-06,,
933,6.25 MW wind power project by VELATAL SPINNING MILLS PVT LTD,VELATAL SPINNING MILLS PRIVATE LIMITED,Energy industries (renewable/non-renewable sources),,AMS-I.D.,Inactive,India,"12,476",Asia,2012-12-05,,
1355,4.2 MW renewable energy based power generation project in Andhra Pradesh by Hi- Tech,Multiple Proponents,Energy industries (renewable/non-renewable sources),,AMS-I.D.,Registered,India,"8,152",Asia,2020-04-06,,
1336,Oylat Hydroelectric Power Plant,ETKEN Elektrik Uretim Ltd.Şti.,Energy industries (renewable/non-renewable sources),,AMS-I.D.,Registered,Turkey,"4,281",Middle East,2020-04-06,,
1333,Dagbasi Hydroelectric Power Plant,ALPEREN A.S.,Energy industries (renewable/non-renewable sources),,AMS-I.D.,Registered,Turkey,"20,370",Asia,2020-04-06,,
1352,"Bundled Wind Power Project in Tamilnadu, India, co-ordinated by Tamilnadu Spinning Mills Association (TASMA V1A)",TAMILNADU SPINNING MILLS ASSOCIATION (TASMA),Energy industries (renewable/non-renewable sources),,ACM0002,Late to verify,India,"83,772",Asia,2014-08-07,,
1241,Veer (NLBC) Small Hydro Power Project,Mahati Hydro Power Projects Private Limited,Energy industries (renewable/non-renewable sources),,AMS-I.D.,Registered,India,"10,067",Asia,2020-04-06,2022-05-20,2032-05-19
1671,"Wind based power generation by Panama Wind Energy Private Limited in Maharashtra, India",Panama Wind Energy Private Limited,Energy industries (renewable/non-renewable sources),,ACM0002,Registered,India,"186,270",Asia,2020-04-06,,
1670,Bundled Solar Power Project by D.J. Malpani and Giriraj Enterprises,Multiple Proponents,Energy industries (renewable/non-renewable sources),,ACM0002,Verification approval requested,India,"93,022",Asia,2020-04-06,,
1669,Bundled Wind Power Project by Giriraj Enterprises,Giriraj Enterprises,Energy industries (renewable/non-renewable sources),,ACM0002,Verification approval requested,India,"83,279",Asia,2020-04-06,,
1012,"Umut-I Hydropower Plant, Turkey",RHG Enerturk Enerji Uretim ve Tic. A.S.,Energy industries (renewable/non-renewable sources),,AMS-I.D.,Registered,Turkey,"7,673",Asia,2013-04-01,,
1368,Urla Wind Power Plant,Hassas Teknik Enerji Elektrik Uretim Sanayi ve Ticaret A.S.,Energy industries (renewable/non-renewable sources),,ACM0002,Registered,Turkey,"34,298",Middle East,2020-04-06,2016-10-20,2026-10-19
488,"82 MW Lau Renun Hydro Power Plant, North Sumatra",PT. PLN (Persero),Energy industries (renewable/non-renewable sources),,ACM0002,Registered,Indonesia,"270,019",Asia,2011-12-21,2016-09-01,2026-08-31
1416,Umurlu GeoThermal Power Plant,KARYEK KARADENIZ ELEKTRIK URETIM A.S.,Energy industries (renewable/non-renewable sources),,ACM0002,Registered,Turkey,"95,422",Middle East,2020-04-06,,
471,"The Bogeda 40.5 MW Wind-Farm Project in Urumqi, Xinjiang, China",The CECIC Wind Power (Xinjiang) Co. Ltd.,Energy industries (renewable/non-renewable sources),,ACM0002,Late to verify,China,"118,786",Asia,2020-04-06,,
759,"Camlica-3 HPP, Run-of-River Hydro Project, Turkey",Elen Enerji Uretimi Sanayi Ticaret A.S.,Energy industries (renewable/non-renewable sources),,ACM0002,Registered,Turkey,"48,232",Middle East,2020-04-06,,
1286,Ishasha 6.6 MW Small Hydropower Project,Multiple Proponents,Energy industries (renewable/non-renewable sources),,AMS-I.D.,Registered,Uganda,"19,027",Africa,2015-02-11,,
497,"18.86 MW Bundled Wind Power Project, India",Multiple Proponents,Energy industries (renewable/non-renewable sources),,ACM0002,Late to verify,India,"30,398",Asia,2020-04-06,2022-01-01,2028-12-31
1667,Çerçikaya Wind Power Project,ZT Enerji Elektrik Üretim San. Ve Tic. A.S.,Energy industries (renewable/non-renewable sources),,ACM0002,Verification approval requested,Turkey,"101,473",Asia,2021-09-20,,
1035,Inner Mongolia Keshiketeng County Wutaohai South Wind Farm 49.5 MW Project,"Keshiketeng County Huifeng New Energy Co., Ltd.",Energy industries (renewable/non-renewable sources),,ACM0002,Late to verify,China,"128,803",Asia,2020-04-06,2019-11-01,2026-10-31
1665,HPP Project Liberia,Liberian Agricultural Company,Energy industries (renewable/non-renewable sources),,Methodology Under Development,Registered,Liberia,"3,580",Africa,2020-04-06,2016-06-19,2026-06-18
716,Gansu Guazhou Xiangyang Phase II Wind Power Project,"Gansu Xinan Wind Power Co., Ltd.",Energy industries (renewable/non-renewable sources),,ACM0002,Registered,China,"429,403",Asia,2020-04-06,,
1661,Costa Rica Grouped Wind Project,"Alisios Holdings, S.A.",Energy industries (renewable/non-renewable sources),,ACM0002,Registered,Costa Rica,"92,710",Latin America,2017-01-08,2016-12-09,2026-12-08
1660,Wind bundle project in Maharashtra by Sispara,M/s Sispara Renewable Power Private Limited,Energy industries (renewable/non-renewable sources),,ACM0002,Verification approval requested,India,"60,746",Asia,2017-02-14,,
1143,Ningxia Angli Lingwu Photovoltaic Grid Connected Power Plant Project,"Datang Angli (Lingwu) New Energy Co., Ltd.",Energy industries (renewable/non-renewable sources),,ACM0002,Registered,China,"48,402",,2013-11-12,2021-12-28,2031-12-27
143,Bandeira and Capelli Ceramics Fuel Switching Project,Multiple Proponents,Energy industries (renewable/non-renewable sources),,AMS-I.E.,Registered,Brazil,"14,882",Latin America,2020-04-06,2016-04-01,2026-03-31
201,Barbosa Ceramic Fuel Switching Project,Multiple Proponents,Energy industries (renewable/non-renewable sources),,AMS-I.E.,Verification approval requested,Brazil,"19,971",Latin America,2020-06-04,2017-12-01,2027-11-30
1658,Tugela Mill Fuel Switching Project - CER Conversion,Credits transferred from approved GHG program,Energy industries (renewable/non-renewable sources),,AMS-I.C.,Units Transferred from Approved GHG Program,South Africa,"55,912",Africa,,,
1656,Zhangbei Manjing Windfarm Project - CER Conversion,Credits transferred from approved GHG program,Energy industries (renewable/non-renewable sources),,ACM0002,Units Transferred from Approved GHG Program,China,"94,095",Asia,,,
758,Saracbendi HPP Run-of-River Hydro Project,Elen Enerji Uretimi Sanayi Ticaret A.S.,Energy industries (renewable/non-renewable sources),,ACM0002,Registered,Turkey,"55,170",Middle East,2020-04-06,2021-05-06,2031-05-05
558,Ituiutaba Ceramic Fuel Switching Project,Multiple Proponents,Energy industries (renewable/non-renewable sources),,AMS-I.E.,Registered,Brazil,"13,623",Latin America,2020-06-04,2018-07-01,2028-06-30
1652,Centrale Solaire de Malicounda - Groupe Solaria,SENELEC,Energy industries (renewable/non-renewable sources),,ACM0002,Under development,Senegal,"26,547",Africa,,2016-09-07,2026-09-06
1644,Larimar Wind Farm Project,EMPRESA GENERADORA DE ELECTRICIDAD HAINA S.A. (EGE HAINA),Energy industries (renewable/non-renewable sources),,ACM0002,Registered,Dominican Republic,"265,391",Latin America,2017-06-15,2016-08-01,2026-07-31
1624,"Biomass Based Cogeneration Project by CG GROUP, NEPAL",CG Brewery (Nepal) Pvt. Ltd,Energy industries (renewable/non-renewable sources),,AMS-I.C.,Registered,Nepal,"47,925",Asia,2023-07-20,2016-09-01,2026-08-31
869,"2 x 3.5 MW Ullunkal Hydro Power Project in Kerala, India.",EDCL Power Projects Limited,Energy industries (renewable/non-renewable sources),,AMS-I.D.,Late to verify,India,"16,125",Asia,2020-04-06,,
133,15 MW grid-connected wind power project by MMTC in Karnataka,MMTC Limited,Energy industries (renewable/non-renewable sources),,AMS-I.D.,Late to verify,India,"21,927",Asia,2020-04-06,,
568,"15 MW grouped grid connected wind energy project in Gujarat, India",C. Mahendra Exports Limited,Energy industries (renewable/non-renewable sources),,AMS-I.D.,Late to verify,India,"27,384",Asia,2011-02-17,,
590,2.25 MW rice husk based cogeneration plant at Siddeshwari Industries Pvt. Ltd.,Siddeshwari Industries Pvt Ltd,Energy industries (renewable/non-renewable sources),,AMS-I.C.,Late to verify,India,"17,814",Asia,2020-04-06,2020-10-01,2027-09-30
678,"16.45 MW bundled grid connected renewable energy project in Tamil Nadu, India.",Multiple Proponents,Energy industries (renewable/non-renewable sources),,ACM0002,Registered,India,"36,518",Asia,2020-06-04,,
643,"16.0 MW bagasse based cogeneration project at Ahmadnagar, Maharashtra by M/s Mula Sahakari Sakhar Karkhana Ltd.",M/s Mula Sahakari Sakhar Karkhana Ltd.,Energy industries (renewable/non-renewable sources),,ACM0006,Late to verify,India,"33,452",Asia,2020-04-06,,
644,"27.95MW Wind Energy Project in Coimbatore District in Tamilnadu, India.",LAKSHMI MACHINE WORKS LTD,Energy industries (renewable/non-renewable sources),,ACM0002,Registered,India,"60,778",Asia,2011-07-08,,
266,18.2 MW Grouped Wind Power Project in Maharashtra by Navalakha Translines,Multiple Proponents,Energy industries (renewable/non-renewable sources),,ACM0002,Late to verify,India,"27,830",Asia,2009-12-31,2016-04-01,2026-03-31
292,"150 MW grid connected Wind Power based electricity generation project in Gujarat, India.",Vayu (Project 1) private limited,Energy industries (renewable/non-renewable sources),,ACM0002,Registered,India,"326,203",Asia,2020-04-06,,
308,"2.45 MW Wind Power Project in Rajasthan, India by Yamuna Power and Infrastructure Ltd.",Yamuna Power & Infrastructure Limited,Energy industries (renewable/non-renewable sources),,AMS-I.D.,Registered,India,"3,921",Asia,2020-04-06,,
1366,2 x 2MW wind project by Bansal Windmills Pvt. Ltd.,Bansal WindMill Pvt. Ltd.,Energy industries (renewable/non-renewable sources),,AMS-I.D.,Late to verify,India,"8,885",Asia,2015-06-18,,
1623,Denizli Bundled Solar Project,Yesilvadi Elektrik Üretim A.S.,Energy industries (renewable/non-renewable sources),,AMS-I.D.,Registered,Turkey,"6,818",Asia,2020-04-06,,
154,"Shunchang Yangkou Hydro Power Project, Fujian, China",Xiamen HSE Environmental Engineering Consulting,Energy industries (renewable/non-renewable sources),,ACM0002,Late to verify,China,"147,709",Asia,2009-10-23,,
487,"210 MW Musi Hydro Power Plant, Bengkulu",PT. PLN (Persero),Energy industries (renewable/non-renewable sources),,ACM0002,Registered,Indonesia,"953,128",Asia,2020-04-06,2016-08-01,2026-07-31
688,Wayang Windu Phase 2 Geothermal Power Project,Star Energy Geothermal (Wayang Windu) Limited,Energy industries (renewable/non-renewable sources),,ACM0002,Late to verify,Indonesia,"794,832",Oceania,2020-04-06,,
1077,Cerro de Hula Wind Project,"Energia Eolica de Honduras, S.A.",Energy industries (renewable/non-renewable sources),,ACM0002,Late to verify,Honduras,"226,978",Latin America,2020-04-06,,
1587,Fatma WEPP,Derne Temiz Enerji A.S.,Energy industries (renewable/non-renewable sources),,ACM0002,Verification approval requested,Turkey,"110,484",Asia,2021-06-11,2016-10-21,2026-10-20
877,"Sichuan Huadian Xixi River Hydro-electricity Development Co., Ltd. Luogu Hydroelectric Project","Sichuan Huadian Xixi River Hydroelec. Dev. Co., Lt",Energy industries (renewable/non-renewable sources),,ACM0002,Late to verify,China,"176,372",Asia,2012-08-10,,
945,Chongqing Youyang County Youchou Hydropower Project,Multiple Proponents,Energy industries (renewable/non-renewable sources),,ACM0002,Late to verify,China,"334,000",Asia,2020-04-06,,
909,Grid Connected Wind Power Project in Tamil Nadu,Apraava Renewable Energy Private Limited,Energy industries (renewable/non-renewable sources),,ACM0002,Verification approval requested,India,"54,105",Asia,2012-05-11,2020-07-02,2030-07-01
927,"13.75 MW wind power project in Davangere, Karnataka, India",Sargam Retails Pvt. Limited,Energy industries (renewable/non-renewable sources),,AMS-I.D.,Registered,India,"26,475",Asia,2020-04-06,,
1582,Wind Grouped project by Hero Future Energies Private Limited (EKIESL-VCS-Aug-16-03),Hero Future Energies Private Limited,Energy industries (renewable/non-renewable sources),,ACM0002,Verification approval requested,India,"171,293",Asia,2017-06-08,2016-03-29,2026-03-28
1583,Solar Grouped project by Hero Future Energies Private Limited (EKIESL-VCS-Aug-16-02),Clean Solar Power (Dhar) Private Limited,Energy industries (renewable/non-renewable sources),,ACM0002,Under development,India,"55,242",Asia,,,
1584,Solar VCS Project by RSMML (EKIESL-VCS -Nov 2016-01),Rajasthan State Mines & Minerals Ltd,Energy industries (renewable/non-renewable sources),,AMS-I.D.,Late to verify,India,"8,500",Asia,2017-02-11,,
630,13.65 MW Captive Wind Energy Project in Tirunelveli,Loyal Textiles Mills Ltd.,Energy industries (renewable/non-renewable sources),,AMS-I.D.,Late to verify,India,"16,249",Asia,2020-04-06,,
624,"15 MW Biomass Residue Based Power Project at Ghazipur, India",Sukhbir Agro Energy Limited,Energy industries (renewable/non-renewable sources),,ACM0006,Registered,India,"67,259",Asia,2020-04-06,,
8,15 MW Wind Energy Project in Maharashtra,M/s D. J. Malpani,Energy industries (renewable/non-renewable sources),,AMS-I.D.,Registered,India,"25,848",Asia,2009-03-19,2016-04-01,2026-03-31
1293,"14.4 MW Grid Connected Wind Power Project of Vaibhavlaxmi Clean Energy in Madhya Pradesh and Tamil Nadu, India",Vaibhavlaxmi Clean Energy LLP,Energy industries (renewable/non-renewable sources),,AMS-I.D.,Late to verify,India,"45,421",Asia,2020-04-06,,
314,"15 MW Bundled grid-connected wind electricity generation project in  Radhapuram Taluk of Tirunelveli District in Tamil Nadu, India",Multiple Proponents,Energy industries (renewable/non-renewable sources),,AMS-I.D.,Registered,India,"25,305",Asia,2010-02-10,,
225,"15 MW bundled gird connected renewable energy project in Maharashtra, India.",Multiple Proponents,Energy industries (renewable/non-renewable sources),,AMS-I.D.,Late to verify,India,"22,203",Asia,2020-04-06,2016-04-01,2026-03-31
234,14 MW Wind Power Project in Maharashtra,Shah Promoters and Developers,Energy industries (renewable/non-renewable sources),,AMS-I.D.,Late to verify,India,"21,094",Asia,2009-12-08,2017-06-08,2027-06-07
1131,"13.65 MW Wind Power Project of Khatau Narbheram & Co. in Tamil Nadu, India.",KHATAU NARBHERAM & CO.,Energy industries (renewable/non-renewable sources),,AMS-I.D.,Late to verify,India,"26,813",Asia,2013-09-06,,
1159,"14.7 MW Bundled Wind Power Project in the state of Maharashtra and Rajasthan, India.",Gangadhar Narsingdas Agrawal (HUF),Energy industries (renewable/non-renewable sources),,AMS-I.D.,Late to verify,India,"24,288",Asia,2020-04-06,,
1155,"14.70 MW Wind Power Project at Jath, Maharashtra",Agrawal Renewable Energy Private Limited,Energy industries (renewable/non-renewable sources),,AMS-I.D.,Late to verify,India,"23,411",Asia,2020-04-06,,
347,"8.5 MW Bundled grid-connected wind electricity generation project at Tirunelveli, Tamil Nadu, India",Multiple Proponents,Energy industries (renewable/non-renewable sources),,AMS-I.D.,Late to verify,India,"19,456",Asia,2020-04-06,,
628,Generation of electricity in Maharashtra from Bundled Wind Energy Project Activity,RESURGE ENERGY PRIVATE LIMITED,Energy industries (renewable/non-renewable sources),,ACM0002,Late to verify,India,"61,494",Asia,2020-04-06,2016-04-01,2026-03-31
1041,OAxaca IV Wind Energy Project,CE OAXACA CUATRO S. DE R.L. DE C.V.,Energy industries (renewable/non-renewable sources),,ACM0002,Registered,Mexico,"245,015",Latin America,2020-04-06,,
1042,Oaxaca III Wind Energy Project,CE OAXACA TRES S. DE R.L. DE C.V.,Energy industries (renewable/non-renewable sources),,ACM0002,Registered,Mexico,"399,288",Latin America,2013-05-20,,
1043,Oaxaca II Wind Energy Project,CE OAXACA DOS S. DE R.L. DE C.V.,Energy industries (renewable/non-renewable sources),,ACM0002,Registered,Mexico,"240,159",Latin America,2013-05-31,,
610,"4.50 MW Akkihebbal Mini Hydel Scheme, Cauvery Hydro Energy Ltd., India",Cauvery Hydro Energy Limited,Energy industries (renewable/non-renewable sources),,AMS-I.D.,Registered,India,"10,000",Asia,2020-04-06,,
423,"2.225 MW wind power project in Tamil Nadu, India.",Frontline Corporation Limited,Energy industries (renewable/non-renewable sources),,AMS-I.D.,Late to verify,India,"4,600",Asia,2020-04-06,,
477,20 MW Enercon Windfarms (SAI) Pvt. Limited in Maharashtra,Enercon (India) Limited,Energy industries (renewable/non-renewable sources),,ACM0002,Late to verify,India,"27,593",Asia,2010-08-04,2017-05-01,2027-04-30
631,"13.25 MW Wind Power Generation by RMTL, in Kutch, Gujarat",Ratnamani Metals & Tubes Limited,Energy industries (renewable/non-renewable sources),,AMS-I.D.,Registered,India,"23,960",Asia,2020-04-06,,
147,"9.75 MW WIND POWER PROJECT AT CHITRADURGA, KARNATAKA, INDIA BY ESWARI GROUP.",Multiple Proponents,Energy industries (renewable/non-renewable sources),,AMS-I.D.,Late to verify,India,"19,280",Asia,2020-04-06,,
857,9.9 MW Bundled Wind Power Project in Maharashtra by REI Agro Limited,Multiple Proponents,Energy industries (renewable/non-renewable sources),,ACM0002,Late to verify,India,"15,710",Asia,2012-07-12,2016-04-01,2026-03-31
369,"12.25 MW Bundled grid-connected wind electricity generation project, Tamil Nadu, India",Multiple Proponents,Energy industries (renewable/non-renewable sources),,AMS-I.D.,Late to verify,India,"27,386",Asia,2010-03-24,2016-03-28,2026-03-27
1580,Solar Grouped project by ACME Group (EKIESL-VCS-Aug-16-01),Multiple Proponents,Energy industries (renewable/non-renewable sources),,ACM0002; AMS-I.D.,Verification approval requested,India,"730,457",Asia,2020-04-06,,
894,Yunnan Sinanjiang Hydropower Project,Yunnan Dianneng Sinanjiang Hydropower Development,Energy industries (renewable/non-renewable sources),,ACM0002,Late to verify,China,"696,245",Asia,2012-09-14,,
437,"12 MW Wind Power Project in Kutch, Gujarat",Gautam Freight Pvt. Ltd (GFPL),Energy industries (renewable/non-renewable sources),,AMS-I.D.,Late to verify,India,"21,699",Asia,2020-04-06,,
311,"12.15 MW Wind Power Project located at Kutch, Gujarat",ERA LANDMARKS LTD,Energy industries (renewable/non-renewable sources),,AMS-I.D.,Late to verify,India,"24,497",Asia,2010-02-08,,
1579,Renewable Energy Project in Rajasthan & Maharashtra,LNB Renewable Energy Private Limited,Energy industries (renewable/non-renewable sources),,AMS-I.D.,Registered,India,"25,616",Asia,2017-01-20,,
1578,15 MW Solar Photovoltaic Power Project at Gujarat,ACME Solar Technologies (Gujarat) Private Limited,Energy industries (renewable/non-renewable sources),,AMS-I.D.,Late to verify,India,"24,520",Asia,2020-04-06,2022-03-13,2032-03-12
432,"Xiaoshan Power Plant’s NG Power Generation Project of Zhejiang Southeast Electric Power Co., Ltd.","Zhejiang Southeast Electric Power Co., Ltd.",Energy industries (renewable/non-renewable sources),,ACM0002,Registered,China,"937,067",Asia,2020-04-06,,
911,Grid Connected Wind Energy Project in Tamil Nadu,Apraava Wind Energy (Theni - Project II) Private Limited,Energy industries (renewable/non-renewable sources),,ACM0002,Registered,India,"108,219",Asia,2020-06-04,2020-06-25,2030-06-24
400,"Zhejiang Provincial Energy Group Zhenhai Natural Gas Power Generation Co., Ltd.’s NG Power Generation Project","Zhejiang Southeast Electric Power Co., Ltd.",Energy industries (renewable/non-renewable sources),,AM0029,Registered,China,"937,067",Asia,2020-04-06,2017-01-09,2027-01-08
1161,Bali Landfill Gas Recovery to Electricity Project,Environmental Protection Bureau of Taipei County,Energy industries (renewable/non-renewable sources),,AMS-I.D.,Late to verify,Taiwan,"1,574",Asia,2020-04-06,,
1023,Grid Connected Wind Power Project by M/s Giriraj Enterprises in Madhya Pradesh,M/s Giriraj Enterprises,Energy industries (renewable/non-renewable sources),,AMS-I.D.,Registered,India,"23,859",Asia,2014-01-14,,
988,“Hot Air Generation Using Renewable Biomass Fuel for Spray Drying Application in Orient Ceramics & Industries Limited (OCIL)”,Orient Bell Limited,Energy industries (renewable/non-renewable sources),,AMS-I.C.,Late to verify,India,"10,612",Asia,2013-03-07,,
1110,10.5 MW wind mill project of ICF in the state of Tamil Nadu,Integral Coach Factory,Energy industries (renewable/non-renewable sources),,AMS-I.D.,Late to verify,India,"24,009",Asia,2013-07-24,,
224,"10 MW Grouped Wind Power Project in Maharashtra State, India",M/s Nagreeka Foils Limited,Energy industries (renewable/non-renewable sources),,AMS-I.D.,Late to verify,India,"15,872",Asia,2020-04-06,2016-04-01,2026-03-31
237,7.5 MW Wind Power Project by M/s. NITCO Limited in Maharashtra,M/s. NITCO Limited,Energy industries (renewable/non-renewable sources),,AMS-I.D.,Late to verify,India,"11,903",Asia,2009-12-08,,
373,"“Surplus power generation for grid” at Vayyuru, Andhra Pradesh",K.C.P SUGAR AND INDUSTRIES CORPORATION LIMITED,Energy industries (renewable/non-renewable sources),,ACM0006,Late to verify,India,"16,217",Asia,2010-03-30,,
310,10 MW Bundled Wind Power Project by Era Infra Engineering Limited,ERA INFRA ENGINEERING LTD,Energy industries (renewable/non-renewable sources),,AMS-I.D.,Late to verify,India,"14,630",Asia,2010-02-08,2016-09-30,2026-09-29
858,"10.2 MW Grid Connected Wind Energy Project in Gujarat, India",Multiple Proponents,Energy industries (renewable/non-renewable sources),,AMS-I.D.,Late to verify,India,"15,000",Asia,2012-07-12,2017-07-01,2027-06-30
566,10 MW Wind Power Project in Maharashtra by Deepak Fertilizers and Petrochemicals Corporation Limited,Deepak Fertilisers and Petrochemical Corp. Ltd.,Energy industries (renewable/non-renewable sources),,AMS-I.D.,Registered,India,"14,313",Asia,2020-04-06,,
564,"12 MW Grid connected Wind Power Project, Gujarat State, India",Ansal Properties & Infrastructure Limited,Energy industries (renewable/non-renewable sources),,AMS-I.D.,Late to verify,India,"21,000",Asia,2020-04-06,,
731,“Bundle-V bundled grid connected wind power project in the state of Gujarat”,RESURGE ENERGY PRIVATE LIMITED,Energy industries (renewable/non-renewable sources),,ACM0002,Late to verify,India,"31,220",Asia,2020-04-06,,
801,"10 MW Biomass Based Power Generation Project by Rake Power Limited at Ramtek, Nagpur",Rake Power Limited,Energy industries (renewable/non-renewable sources),,AMS-I.D.,Late to verify,India,"40,244",Asia,2020-04-06,,
129,10 MW biomass based power project of Ind Power Limited.,Ind Power Limited,Energy industries (renewable/non-renewable sources),,AMS-I.D.,Late to verify,India,"34,129",Asia,2009-09-24,,
111,"Kalealti 15 MW Hydropower Plant, Turkey",Tektuð Elektrik Üretim A.Þ.,Energy industries (renewable/non-renewable sources),,AMS-I.D.,Late to verify,Turkey,"29,885",Middle East,2020-04-06,2016-11-30,2026-11-29
637,12 MW Wind Electricity Generation Farm at Radhapuram by M/s Surana Industries Limited,SURANA INDUSTRIES LTD,Energy industries (renewable/non-renewable sources),,AMS-I.D.,Late to verify,India,"25,812",Asia,2020-04-06,2016-04-01,2026-03-31
619,15 MW Grid Connected Renewable Energy Wind Turbine in Karnataka,MINERAL ENTERPRISES LIMITED,Energy industries (renewable/non-renewable sources),,AMS-I.D.,Registered,India,"32,275",Asia,2020-04-06,2016-04-01,2026-03-31
1212,"10 MWp Grid Interactive Solar Power Project in Gujarat Solar Park, India",M/s. Emami Cement Limited.,Energy industries (renewable/non-renewable sources),,AMS-I.D.,Under validation,India,"14,958",Asia,,2019-12-01,2026-11-30
1140,Henan Xinxiang 24MW Biomass based Cogeneration Project,"Xinxiang Tianjie Bio-Power Generation Co., Ltd",Energy industries (renewable/non-renewable sources),,ACM0006,Registered,China,"55,874",Asia,2013-09-11,2019-10-28,2029-10-27
1574,Bundled Solar VCS Project by EKIESL (EKIESL- VCS.Oct 2016-01),Multiple Proponents,Energy industries (renewable/non-renewable sources),,AMS-I.D.,Verification approval requested,India,"131,339",Asia,2022-07-29,,
1347,KSAIL Bagasse Power Project,Kibos Sugar and Allied Industries Limited,Energy industries (renewable/non-renewable sources),,ACM0006,Registered,Kenya,"45,118",Africa,2016-10-20,,
786,Hyundai Steel Waste Energy Cogeneration Project,Multiple Proponents,Energy industries (renewable/non-renewable sources); Manufacturing industries,,ACM0012,Registered,South Korea,"1,774,699",Asia,2020-04-06,2020-03-24,2030-03-23
1314,Guohua Tongliao Kezuo Zhongqi Phase II 49.5 MW Wind Farm Project,"Guohua (Tongliao) Wind Power Co., Ltd.",Energy industries (renewable/non-renewable sources),,ACM0002,Under validation,China,"120,475",Asia,,,
304,Fundao Santa-Clara Energetic Complex Project (FSCECP),Centrais Eletricas do Rio Jordao S.A. - ELEJOR,Energy industries (renewable/non-renewable sources),,ACM0002,Late to verify,Brazil,"265,585",Latin America,2020-04-06,2021-10-01,2028-09-30
1572,Maldonado II Wind Farm,"R DEL ESTE, S.A.",Energy industries (renewable/non-renewable sources),,ACM0002,Registered,Uruguay,"84,718",Latin America,2017-02-27,2016-06-16,2026-06-15
197,Kamiranga Ceramic Fuel Switching Project,Multiple Proponents,Energy industries (renewable/non-renewable sources),,AMS-I.E.,Verification approval requested,Brazil,"29,828",Latin America,2020-04-06,2018-01-01,2027-12-31
158,Menegalli Ceramic Fuel Switching Project,Multiple Proponents,Energy industries (renewable/non-renewable sources),,AMS-I.E.,Verification approval requested,Brazil,"26,503",Latin America,2020-06-04,2018-04-01,2028-03-31
1024,"Grid Connected Wind Power Project by M/s. Giriraj Enterprises at Tejuva, Rajasthan",M/s Giriraj Enterprises,Energy industries (renewable/non-renewable sources),,AMS-I.D.,Verification approval requested,India,"13,600",Asia,2014-01-14,2021-03-31,2031-03-30
1570,BUNDLED WIND VCS PROJECT BY EKIESL (EKIESL- VCS.SEPT 2016-01),Multiple Proponents,Energy industries (renewable/non-renewable sources),,ACM0002,Late to verify,India,"309,616",Asia,2020-04-06,,
431,6.2 MW Bundled Wind Power Project in India,Multiple Proponents,Energy industries (renewable/non-renewable sources),,AMS-I.D.,Late to verify,India,"9,246",Asia,2020-04-06,,
1134,52.50 MW Wind energy farm at Mokla Rajasthan by HZL,Hindustan Zinc Limited,Energy industries (renewable/non-renewable sources),,ACM0002,Withdrawn,India,"85,863",Asia,2020-06-04,,
1135,27.3 MW Wind energy farm at Mokla Rajasthan by HZL,Hindustan Zinc Limited,Energy industries (renewable/non-renewable sources),,ACM0002,Withdrawn,India,"44,627",Asia,2020-06-04,,
1136,25.5 MW Wind Energy Farm at Nandurbar Maharashtra by HZL,Hindustan Zinc Limited,Energy industries (renewable/non-renewable sources),,ACM0002,Withdrawn,India,"42,912",Asia,2020-06-04,,
1137,"21 MW Wind energy farm at Palladam, TamilNadu by HZL",Hindustan Zinc Limited,Energy industries (renewable/non-renewable sources),,ACM0002,Withdrawn,India,"42,131",Asia,2020-06-04,,
1138,9 MW Wind Energy Farm at Jodhpur Rajasthan by HZL,Hindustan Zinc Limited,Energy industries (renewable/non-renewable sources),,AMS-I.D.,Withdrawn,India,"14,846",Asia,2020-06-04,,
1139,"15 MW Wind energy farm at Gopalpura, Karnataka by HZL",Hindustan Zinc Limited,Energy industries (renewable/non-renewable sources),,AMS-I.D.,Withdrawn,India,"31,875",Asia,2020-04-06,,
677,9 MW grid-connected wind electricity generation by GNFC,Gujarat Narmada Valley Fertilizers Company Ltd.,Energy industries (renewable/non-renewable sources),,AMS-I.D.,Late to verify,India,"16,000",Asia,2011-08-03,,
1409,Yalnizardiç Dam and Berat HEPP,AKKOY ENERJI A.S.,Energy industries (renewable/non-renewable sources),,ACM0002,Registered,Turkey,"30,519",Middle East,2022-01-17,,
1569,Karacabey Wind Power Project,Yalova Rüzgar Enerjisinden Elektrik Üretim Anonim Sirketi,Energy industries (renewable/non-renewable sources),,ACM0002,Registered,Turkey,"108,181",Asia,2020-04-06,2016-10-21,2026-10-20
1567,Wind Power Project in Rajasthan by LWEPL,Lalpur Wind Energy Private Limited,Energy industries (renewable/non-renewable sources),,ACM0002,Registered,India,"73,290",Asia,2016-09-22,,
1568,"Wind Power Project by ASTRA LIFECARE (INDIA) PRIVATE LIMITED at GUJARAT, INDIA",Multiple Proponents,Energy industries (renewable/non-renewable sources),,AMS-I.D.,Under validation,India,"7,333",Asia,,,
1061,Kentilux Wind Farm,Kentilux S.A.,Energy industries (renewable/non-renewable sources),,ACM0002,Late to verify,Uruguay,"30,996",Latin America,2020-04-06,2019-12-15,2026-12-14
1070,Buenos Aires Ceramic Fuel Switching Project,Multiple Proponents,Energy industries (renewable/non-renewable sources),,AMS-I.E.,Late to verify,Brazil,"40,971",Latin America,2020-04-06,,
1066,Damlapinar Hydroelectric Power Plant Project,Cenay Elektrik Uretim Ins.San. ve Tic. Ltd,Energy industries (renewable/non-renewable sources),,ACM0002,Crediting Period Renewal Requested,Turkey,"44,292",Middle East,2020-04-06,,
370,Grid connected bundled wind power project in Gujarat managed by Enercon (India) Limited,Wind World (India) Ltd.,Energy industries (renewable/non-renewable sources),,ACM0002,Registered,India,"29,562",Asia,2020-04-06,,
339,"Utilization of renewable biomass in various thermal energy generating equipments at Shirdi Industries Limited. (SIL), Uttarakhand, India",SHIRDI INDUSTRIES LTD,Energy industries (renewable/non-renewable sources),,AMS-I.C.,Late to verify,India,"82,004",Asia,2010-03-05,,
122,17.45 MW Bundled Wind Power Project in India,Multiple Proponents,Energy industries (renewable/non-renewable sources),,ACM0002,Late to verify,India,"31,362",Asia,2009-08-04,,
1040,Inner Mongolia Hangjin Yihewusu Wind Power Project,"Inner Mongolia Xinjin Wind Power Co., Ltd.",Energy industries (renewable/non-renewable sources),,ACM0002,Late to verify,China,"113,411",Asia,2020-04-06,,
1053,FUEL REPLACEMENT WITH WASTE GAS STREAM CONTAINING HYDROGEN AND BIOMASS AT THE CMPC,CMPC Celulosa S.A.,Energy industries (renewable/non-renewable sources); Manufacturing industries,,ACM0012; AMS-I.C.,Late to verify,Chile,"30,646",Latin America,2020-04-06,,
1054,MRO Grouped Wind Projects Phase II,Lake Region State College,Energy industries (renewable/non-renewable sources),,AMS-I.D.,Late to verify,United States,"5,469",North America,2020-04-06,,
1044,Ziqiang 18MW Hydropower Project in Guizhou Province China,Guizhou Zhijn Ouhua Developent Co.Ltd.,Energy industries (renewable/non-renewable sources),,ACM0002,Late to verify,China,"80,181",Asia,2020-04-06,2019-11-01,2026-10-31
1038,Chile: Hornitos Hydroelectric Project,Colbun S.A.,Energy industries (renewable/non-renewable sources),,AM0026,Late to verify,Chile,"66,318",Latin America,2020-04-06,2022-07-01,2029-06-30
1031,Dak Psi 3 and 4 Hydropower Project,Dak Psi Hydropower Investment and Development JSC,Energy industries (renewable/non-renewable sources),,ACM0002,Registered,Viet Nam,"89,961",Asia,2020-04-06,,
1029,San Pedro Hydropower Plant,Colbun S.A.,Energy industries (renewable/non-renewable sources),,ACM0002,Late to verify,Chile,"610,724",Latin America,2020-04-06,2017-05-01,2027-04-30
1014,Yamanli III Hydoeletric Power Plant,Akenerji Elektrik Uretim A.S.,Energy industries (renewable/non-renewable sources),,ACM0002,Registered,Turkey,"112,277",Asia,2020-04-06,2022-08-01,2032-07-31
1003,Dogançay Weir and Hydroelectric Power Plant,Enerjisa Enerji Uretim  A.S.,Energy industries (renewable/non-renewable sources),,ACM0002,Registered,Turkey,"90,518",Asia,2020-04-06,2017-03-31,2027-03-30
1004,Yamanli II Hydroelectric Power Plant,Enerjisa Enerji Uretim  A.S.,Energy industries (renewable/non-renewable sources),,ACM0002,Registered,Turkey,"118,265",Asia,2020-04-06,,
925,Bundled Wind Power Project by M/s D. J Malpani,M/s D. J. Malpani,Energy industries (renewable/non-renewable sources),,AMS-I.D.,Verification approval requested,India,"11,233",Asia,2020-06-04,,
72,Heilongjiang Mulan Windfarm Project,"Heilongjiang Huafu Mulan Wind power Co., Ltd.",Energy industries (renewable/non-renewable sources),,AMS-I.D.,Late to verify,China,"27,749",Asia,2020-04-06,,
412,"Bundled wind energy generation projects in Gujarat, India",Wind World (India) Ltd.,Energy industries (renewable/non-renewable sources),,ACM0002,Registered,India,"91,266",Asia,2020-04-06,,
429,Grouped Wind Power Project in India,Multiple Proponents,Energy industries (renewable/non-renewable sources),,ACM0002,Late to verify,India,"140,590",Asia,2020-04-06,2016-04-01,2026-03-31
259,"R.S.J OZONE BUNDLED WIND FARM EMISSION OFFSET PROJECT, - PHASE IV",R.S.J.Ozone Private Limited,Energy industries (renewable/non-renewable sources),,ACM0002,Late to verify,India,"74,041",Asia,2009-12-25,,
835,"44.40 MW Wind Energy Project by Ruchi Soya Industries Limited, India",Ruchi Soya Industries Limited,Energy industries (renewable/non-renewable sources),,ACM0002,Registered,India,"81,853",Asia,2020-04-06,,
1563,"Adani Enterprises Limited Solar PV Power Project in Gujarat, India",Adani Enterprises Limited,Energy industries (renewable/non-renewable sources),,ACM0002,Late to verify,India,"15,327",Asia,2016-09-08,,
550,"1.5 MW Rice Husk Based Cogeneration Project at Rajaram Maize Products, Mohad, Dist. Rajnandgaon (CG), India",Rajaram maize Products,Energy industries (renewable/non-renewable sources),,AMS-I.C.,Late to verify,India,"20,000",Asia,2010-11-01,,
248,"1.25 MW Wind Power Project by M/s. Garden Court Distilleries Pvt. Ltd. at Sangli, Maharashtra, India",M/s. Garden Court Distilleries Pvt. Ltd.,Energy industries (renewable/non-renewable sources),,AMS-I.D.,Late to verify,India,"1,984",Asia,2009-12-16,2016-03-31,2026-03-30
389,1.2 MW World Institute of Sustainable Energy Wind Farm in Karnataka,World Institute of Sustainable Energy,Energy industries (renewable/non-renewable sources),,AMS-I.D.,Late to verify,India,"2,595",Asia,2020-04-06,,
1353,"Bundled Wind Power Project in Tamilnadu, India, co-ordinated by Tamilnadu Spinning Mills Association (TASMA-V2)",TAMILNADU SPINNING MILLS ASSOCIATION (TASMA),Energy industries (renewable/non-renewable sources),,ACM0002,Registered,India,"417,392",Asia,2020-04-06,,
1562,Hydroelectric Project Aures Bajo,Aures Bajo S.A E.S.P,Energy industries (renewable/non-renewable sources),,ACM0002,Under development,Colombia,"38,148",Latin America,,,
1203,Suzlon 8.40 MW Wind Power Project,Kishangarh Hi-tech Textile Park Ltd,Energy industries (renewable/non-renewable sources),,AMS-I.D.,Registered,India,"13,081",Africa,2020-06-04,2020-12-31,2030-12-30
1186,Viñales biomass power plant,Celulosa Arauco y Constitución S.A.,Energy industries (renewable/non-renewable sources),,ACM0006,Registered,Chile,"258,093",Latin America,2020-04-06,,
1560,Tejuva-Chandgarh Wind Project,CLP Wind Farms (India) Private Limited,Energy industries (renewable/non-renewable sources),,ACM0002,Registered,India,"261,891",Asia,2020-04-06,,
1209,Wind Power Project at Bhachau by Powerica Limited,POWERICA LIMITED,Energy industries (renewable/non-renewable sources),,ACM0002,Registered,India,"22,398",,2020-04-06,,
324,"Bundled wind power project by KMSPL, Bangalore",Multiple Proponents,Energy industries (renewable/non-renewable sources),,ACM0002,Late to verify,India,"83,350",Asia,2020-04-16,2016-04-01,2026-03-31
64,Gomes de Mattos Ceramic Fuel Switching Project,Multiple Proponents,Energy industries (renewable/non-renewable sources),,AMS-I.E.,Registered,Brazil,"47,997",Latin America,2020-04-06,2016-05-01,2026-04-30
66,Karakurt 10.8 MW Wind Farm,Deniz Elektrik Uretim Ltd. Sti.,Energy industries (renewable/non-renewable sources),,AMS-I.D.,Registered,Turkey,"24,381",Middle East,2009-06-05,2021-05-28,2028-05-27
166,Dachunhe Sanji 6MW Hydropower Project in Yunnan Province,"Yunnan New View Power Co.,Ltd.",Energy industries (renewable/non-renewable sources),,AMS-I.D.,Late to verify,China,"22,668",Asia,2020-04-06,,
943,Rio Negro Ceramic  Fuel Switching Project,Multiple Proponents,Energy industries (renewable/non-renewable sources),,AMS-I.E.,Registered,Brazil,"11,256",Latin America,2020-04-06,2019-03-01,2029-02-28
1559,49.5 MW Wind Power Project by Master Wind Energy Limited in Pakistan,M/s. Master Wind Energy Limited,Energy industries (renewable/non-renewable sources),,ACM0002,Registered,Pakistan,"105,255",Asia,2020-04-06,2016-10-14,2026-10-13
84,BEIJING 48 MW GUANTING WIND POWER PROJECT,Beijing Jingeng Energy Technology Investment Compa,Energy industries (renewable/non-renewable sources),,ACM0002,Late to verify,China,"100,720",Asia,2020-04-06,2018-01-18,2028-01-17
1557,Arenal Etapa I-II Hydroelectric Project,Energias Limpias del Yaguala S.A. de C.V.,Energy industries (renewable/non-renewable sources),,ACM0002,Late to verify,Honduras,"150,881",Latin America,2017-01-10,2019-02-28,2029-02-27
928,Yunnan Mangli Hydropower Project,Datang Mangli Hydropower Development Company Limit,Energy industries (renewable/non-renewable sources),,ACM0002,Registered,China,"51,887",Asia,2012-11-23,,
36,China Xiaogushan Hydropower Project,"Xiaogushan Hydropower Co., Ltd.",Energy industries (renewable/non-renewable sources),,ACM0002,Registered,China,"39,947",Asia,2009-04-09,,
1554,La Mina Hydropower Plant,Colbun S.A.,Energy industries (renewable/non-renewable sources),,ACM0002,Verification approval requested,Chile,"97,535",Latin America,2020-04-06,2018-02-21,2028-02-20
1419,Wind Power Project by Rajasthan Gum Private Limited (EKI.CDM.July-11-01),Rajasthan Gum Private Limited,Energy industries (renewable/non-renewable sources),,AMS-I.D.,Registered,India,"20,357",Asia,2020-04-06,2021-09-24,2031-09-23
1300,Papart Large Scale Run-of-River Hydro Powerplant Project,Elite Elektrik Üretim ve Makine San. Tic. A.S.,Energy industries (renewable/non-renewable sources),,ACM0002,Registered,Turkey,"39,543",Middle East,2020-04-06,2022-03-02,2032-03-01
1553,Santa Vitória Cogeneration Project,ERB MG Energias S/A,Energy industries (renewable/non-renewable sources),,ACM0006,Late to verify,Brazil,"27,577",Latin America,2020-04-06,,
1552,"Bundled run-of-river mini hydro power projects at Sungai Sia and Sungai Benus, Pahang, Malaysia",Multiple Proponents,Energy industries (renewable/non-renewable sources),,AMS-I.D.,Late to verify,Malaysia,"35,185",Asia,2017-03-15,2017-08-04,2027-08-03
1551,Wind Power Project by Rajasthan Gum Private Limited (EKIESL-CDM.September-12-02),Rajasthan Gum Private Limited,Energy industries (renewable/non-renewable sources),,AMS-I.D.,Registered,India,"24,213",Asia,2020-04-06,,
914,Golova and Sevindik HPPs of Subehri Hydropower Project,YPM Elektrik Uretim A.p,Energy industries (renewable/non-renewable sources),,AMS-I.D.,Registered,Turkey,23,Middle East,2020-04-06,,
986,"Kumköy Hydroelectric Power Plant, Samsun",ENTEK ELEKTRIK URETIMI ANONIM SIRKETI,Energy industries (renewable/non-renewable sources),,ACM0002,Registered,Turkey,"49,037",Middle East,2020-04-06,2021-03-03,2031-03-02
1309,Clean Energy Project in India,Evergreen Ecotech Private Limited,Energy industries (renewable/non-renewable sources),,ACM0002,Under development,India,"50,120",Asia,,2022-04-30,2032-04-29
510,4 MW Kirloskar Wind Farms in Maharashtra,Wind World (India) Ltd.,Energy industries (renewable/non-renewable sources),,AMS-I.D.,Registered,India,"6,851",Asia,2020-04-06,,
757,Enercon Wind Farms in Karnataka Bundled Project  73.60 MW,Enercon (India) Limited,Energy industries (renewable/non-renewable sources),,ACM0002,Late to verify,India,"159,244",Asia,2012-01-03,,
489,44 MW Bundled Wind Power Project in Maharashtra managed by Enercon India Limited.,Wind World (India) Ltd.,Energy industries (renewable/non-renewable sources),,ACM0002,Registered,India,"75,368",Asia,2020-04-06,2016-04-01,2026-03-31
1019,Niksar Hydroelectric Power Plant,İçtaş Yenilenebilir Enerji Üretim ve Ticaret A.Ş,Energy industries (renewable/non-renewable sources),,ACM0002,Registered,Turkey,"99,337",Middle East,2020-04-06,2022-05-24,2032-05-23
1372,Saf I Hepp,SAF ENERJİ ELEKTRİK ÜRETİM SAN.VE TİC. A.Ş.,Energy industries (renewable/non-renewable sources),,ACM0002,Registered,Turkey,"24,627",Middle East,2021-03-29,,
1547,5MW Biomass Based Cogeneration Project at Sainsons,Multiple Proponents,Energy industries (renewable/non-renewable sources),,ACM0006,Registered,India,"28,442",Asia,2016-11-07,2017-01-01,2026-12-31
380,MRF wind power project in Tamilnadu managed by Enercon India Limited,Wind World (India) Ltd.,Energy industries (renewable/non-renewable sources),,ACM0002,Registered,India,"28,156",Asia,2020-04-06,,
706,51 MW Wind Power Project at Chitradurga,M/s. NSL Renewable Power Private Limited,Energy industries (renewable/non-renewable sources),,ACM0002,Registered,India,"127,993",Asia,2020-04-06,2018-06-06,2028-06-05
472,"The Wulabo 30 MW Wind-Farm Project in Urumqi, Xinjiang of China",The CECIC Wind Power (Xinjiang) Co. Ltd.,Energy industries (renewable/non-renewable sources),,ACM0002,Late to verify,China,"83,468",Asia,2010-07-20,2021-06-28,2028-06-27
1315,Biomass based cogeneration plant at Godrej Agrovet Ltd. Chintampalli,Godrej Agrovet Limited,Energy industries (renewable/non-renewable sources),,AMS-I.C.,Registered,India,"86,509",Asia,2014-08-14,,
1546,Usak Wind Power Plant,Aydem Yenilenebilir Enerji A.Ş.,Energy industries (renewable/non-renewable sources),,ACM0002,Verification approval requested,Turkey,"505,122",Asia,2020-07-21,,
1545,One True Measure (Pty) Ltd Solar PV Grouped Project in South Africa,One True Measure (Pty) Ltd,Energy industries (renewable/non-renewable sources),,AMS-II.F.,Under validation,South Africa,"1,220",Africa,,,
1539,Gangakhed Sugar & Energy Private Ltd (GSEPL) 30 MW Bagasse Based Co-generation Power Project,Gangakhed Sugar & Energy Private Limited (GSEPL),Energy industries (renewable/non-renewable sources),,ACM0006,Registered,India,"64,480",Asia,2020-04-06,,
1349,Peralta I Wind Power Project,Palmatir S.A.,Energy industries (renewable/non-renewable sources),,ACM0002,Registered,Uruguay,"91,705",Latin America,2020-04-06,,
1065,HYDROELECTRIC PROJECT ITUANGO,Empresas Públicas de Medellín E.S.P,Energy industries (renewable/non-renewable sources),,ACM0002,Registered,Colombia,"4,383,088",Latin America,2013-07-09,2023-01-01,2032-12-31
935,"Saving the Planet, one stew at a time",TAKE BACK THE FUTURE CC,Energy industries (renewable/non-renewable sources),,AMS-II.C.,Registered,South Africa,"56,870",Africa,2020-04-06,,
1537,"6.25 MW grid-connected Sattegala Mini Hydel Scheme at SLS Power Industries Ltd., in Chamarajanagar District, Karnataka - CER Conversion",Credits transferred from approved GHG program,Energy industries (renewable/non-renewable sources),,AMS-I.D.,Units Transferred from Approved GHG Program,India,"12,884",Asia,,,
141,Babilonia Hydroelectric Project,ENERGISA S.A.,Energy industries (renewable/non-renewable sources),,AMS-I.D.,Late to verify,Honduras,"7,390",Latin America,2020-04-06,,
1536,Grid Connected Solar Power Project at Rajasthan by Roha Dychem Private Limited,Roha Dyechem Private Limited,Energy industries (renewable/non-renewable sources),,ACM0002,Rejected by Administrator,India,"41,082",Asia,,,
1308,Parque Eolico Maldonado,"R del Sur, S.A.",Energy industries (renewable/non-renewable sources),,ACM0002,Verification approval requested,Uruguay,"109,818",Latin America,2016-04-05,,
1535,Biomass/Biogas based heat and power generation at Everest Starch,Everest Starch India Private Limited,Energy industries (renewable/non-renewable sources),,AMS-I.C.,Registered,India,"26,457",Asia,2020-04-06,,
174,Shilong Small-Scale Hydro Power Project,"GUONENG SPDDR NEWENERGY&INVESTMENT CO.,LTD",Energy industries (renewable/non-renewable sources),,AMS-I.D.,Inactive,China,"43,824",Asia,2015-10-06,,
175,Siliping Small-Scale Hydro Power Project,"GUONENG SPDDR NEWENERGY&INVESTMENT CO.,LTD",Energy industries (renewable/non-renewable sources),,AMS-I.D.,Inactive,China,"17,144",Asia,2015-10-06,,
1534,Wind Based Power Generation by Rajasthan Gum Pvt ltd (EKIESL-VCS-March- 16-01),Rajasthan Gum Private Limited,Energy industries (renewable/non-renewable sources),,ACM0002,Under development,India,"67,925",Asia,,,
1152,Arca Hydro Electricity Power Plant,GURSU TEMIZ ENERJI URETIM A.S.,Energy industries (renewable/non-renewable sources),,ACM0002,Registered,Turkey,"31,405",Middle East,2020-04-06,2022-04-06,2032-04-05
1348,Las Pizarras Project,Empresa Electrica Rio Doble,Energy industries (renewable/non-renewable sources),,ACM0002,Registered,Peru,"37,602",Latin America,2014-09-09,2023-04-30,2033-04-29
783,Bangkok Kamphaeng Saen East: Landfill Gas to Electricity Project,"Bangkok Green Power Co., Ltd.",Energy industries (renewable/non-renewable sources); Waste handling and disposal,,ACM0001,Withdrawn,Thailand,"273,086",Asia,,,
93,86 MW Hydro Project in Himachal Pradesh,Malana Power Company Limited,Energy industries (renewable/non-renewable sources),,ACM0002,Registered,India,"251,283",Asia,2020-04-06,2001-07-05,2031-07-04
1026,Solar Power Plant of 5 MW in Rajasthan by Essel Mining and Refex Refrigerants Limited,Essel Mining & Industries Limited,Energy industries (renewable/non-renewable sources),,AMS-I.D.,Registered,India,"8,706",Asia,2013-09-26,,
1020,Solar Power Plant of 15MW in Gujarat by Palace Solar Energy Private Limited,Palace Solar Energy Private Limited.,Energy industries (renewable/non-renewable sources),,AMS-I.D.,Registered,India,"23,072",Asia,2020-04-06,,
1350,New Ulsan 950MW LNG power generation project,"Korea East-West Power Co., Ltd",Energy industries (renewable/non-renewable sources),,AM0029,Under validation,South Korea,"1,141,743",Asia,,,
1525,Wind power project at Jaibhim by SIIL,Serum Institute of India Limited,Energy industries (renewable/non-renewable sources),,ACM0002,Registered,India,"52,898",Asia,2020-04-06,,
1526,Wind energy project in different locations of India,Evergreen Ecotech Private Limited,Energy industries (renewable/non-renewable sources),,ACM0002,Registered,India,"258,767",Asia,2022-01-04,,
1523,"Wind Based Power Generation by Panama Wind Energy Godawari Private Limited, Pune in the State of Maharashtra, India",Panama Wind Energy Godawari Private Limited,Energy industries (renewable/non-renewable sources),,ACM0002,Registered,India,"131,077",Asia,2020-04-06,2024-03-31,2034-03-30
1521,Wind Based Power Generation by Mytrah Energy (India) Limited (EKIESL-VCS-January-16-01),JSW NEO ENERGY LIMITED,Energy industries (renewable/non-renewable sources),,ACM0002,Crediting Period Renewal Requested,India,"369,594",Asia,2020-04-06,,
1522,Soubre Hydropower Project,CI-ENERGIES,Energy industries (renewable/non-renewable sources),,ACM0002,Registered,Cote D'Ivoire,"607,720",Africa,2016-12-02,2017-05-25,2027-05-24
173,Vishnuprayag Hydro-electric Project (VHEP) by Jaiprakash Power Ventures Ltd.(JPVL),Jaiprakash Power Ventures Limited,Energy industries (renewable/non-renewable sources),,ACM0002,Registered,India,"1,468,106",Asia,2020-04-06,,
1520,"Wind Project in Maharashtra, India by Kayathar and Jath",M/s NSL Wind Power Company (Kayathar) Pvt. Ltd.,Energy industries (renewable/non-renewable sources),,ACM0002,Registered,India,"118,598",Asia,2020-04-06,,
910,"Wind energy project in Samana, Gujarat and Saundatti, Karnataka",Apraava Renewable Energy Private Limited,Energy industries (renewable/non-renewable sources),,ACM0002,Registered,India,"105,736",Asia,2020-04-06,,
1324,Lighting up Africa,Standard Bank Plc,Energy industries (renewable/non-renewable sources),,ACM0002,Late to verify,South Africa,"38,883",Africa,2020-04-06,,
144,"Capacity Upgrade of Gunung Salak Geothermal Power Plant Project, Indonesia",PT Indonesia Power,Energy industries (renewable/non-renewable sources),,ACM0002,Late to verify,Indonesia,"104,620",Asia,2020-04-06,,
1519,"Satara Wind Power Project in Maharashtra, India",NSL Wind Power Company (Satara) Pvt. Ltd.,Energy industries (renewable/non-renewable sources),,ACM0002,Registered,India,"51,335",Asia,2020-04-06,,
1518,"7.5 MW wind power project by Dhanji Developers at Nashik, Maharashtra, India",Zaveri and Company (Gujarat) LLP,Energy industries (renewable/non-renewable sources),,AMS-I.D.,Registered,India,"12,120",Asia,2021-06-02,,
1289,Talas de Maciel II Wind Farm,Cadonal S.A.,Energy industries (renewable/non-renewable sources),,ACM0002,Registered,Uruguay,"121,834",Latin America,2016-01-20,,
1385,Yaprak Weir and HEPP,AKKOY ENERJI A.S.,Energy industries (renewable/non-renewable sources),,AMS-I.D.,Registered,Turkey,"12,060",Middle East,2020-04-06,,
1513,Eurus Wind Farm - CER Conversion,Credits transferred from approved GHG program,Energy industries (renewable/non-renewable sources),,ACM0002,Units Transferred from Approved GHG Program,Mexico,"599,571",Latin America,,,
1303,Biomass based Renewable Energy Generation at Karnal,Modern Dairies Limited,Energy industries (renewable/non-renewable sources),,AMS-I.C.,Registered,India,"47,043",Asia,2022-05-12,2022-10-03,2032-10-02
1509,Erik 15.02 MW Hydroelectric Power Plant Project,Kıyı Enerji Elektrik Uretim Anonim Sirketi,Energy industries (renewable/non-renewable sources),,ACM0002,Under development,Turkey,"21,584",Middle East,,2016-04-01,2026-03-31
1508,Pakarab Fertiliser Co-generation Power Project - CER Conversion,Credits transferred from approved GHG program,Energy industries (renewable/non-renewable sources); Manufacturing industries,,AM0014,Units Transferred from Approved GHG Program,Pakistan,"119,481",Asia,,,
1507,Monte Rosa Bagasse Cogeneration - CER Conversion,Credits transferred from approved GHG program,Energy industries (renewable/non-renewable sources),,ACM0002; ACM0006,Units Transferred from Approved GHG Program,Nicaragua,"115,509",Latin America,,,
1506,Cirakdami Hydro Electricity Power Plant,Aydem Yenilenebilir Enerji A.Ş.,Energy industries (renewable/non-renewable sources),,ACM0002,Registered,Turkey,"64,624",Asia,2018-01-11,2022-06-28,2032-06-27
1386,Recast Energy Louisville Fuel Switch from Coal to Biomass for Thermal Energy,"RECAST ENERGY LOUISVILLE, LLC 2",Energy industries (renewable/non-renewable sources),,AMS-I.C.,Crediting Period Renewal and Verification Approval Requested,United States,"53,610",North America,2014-12-08,,
413,Hebei Yuxian Kongzhongcaoyuan 49.5MW Wind Farm Project,"Hebei Construction Investment Yuzhou Wind Energy Co., Ltd.",Energy industries (renewable/non-renewable sources),,ACM0002,Registered,China,"118,735",Asia,2020-04-06,,
414,Hebei Haixing 49.5MW Wind Farm Project,"Hebei Construction Investment Zhongxing Wind Energy CO., LTD",Energy industries (renewable/non-renewable sources),,ACM0002,Registered,China,"96,650",Asia,2020-04-06,,
807,Hebei Chongli County Qingsanying Second Phase 49.3MW Wind Power Project,"Chongli Construction Investment Huashi Wind Energy Co., Ltd",Energy industries (renewable/non-renewable sources),,ACM0002,Registered,China,"108,101",Asia,2020-04-06,,
808,Yuxian Baiyantuo 49.3 MW Wind Power Project,"Hebei Construction Investment Yuzhou Wind Energy Co., Ltd.",Energy industries (renewable/non-renewable sources),,ACM0002,Registered,China,"86,587",Asia,2020-04-06,,
814,Hebei Yuxian Second Phase 49.5MW Wind Power Project,"Hebei Construction Investment Yuzhou Wind Energy Co., Ltd.",Energy industries (renewable/non-renewable sources),,ACM0002,Registered,China,"111,243",Asia,2020-04-06,,
736,Guyuan Wuhuaping 49.5 MW Wind Power Project,Construction Investment Yanshan (Guyuan) Wind Energy,Energy industries (renewable/non-renewable sources),,ACM0002,Registered,China,"117,322",Asia,2020-04-06,,
697,Hebei Kangbao Sanxiatian Wind Farm Project,"Hebei Construction Investment New Energy Co., Ltd.",Energy industries (renewable/non-renewable sources),,ACM0002,Registered,China,"124,846",Asia,2020-04-06,,
892,Hebei Chengde Weichang Yudaokou Pasture 150MW Wind Farm Project,"Hebei Construction Investment New Energy Co., Ltd.",Energy industries (renewable/non-renewable sources),,ACM0002,Registered,China,"258,571",Asia,2020-04-06,,
1063,Clean energy generation from wind energy in the state of Rajasthan,Multiple Proponents,Energy industries (renewable/non-renewable sources),,ACM0002,Late to verify,India,"33,392",Asia,2020-04-06,,
131,Sol Nascente Ceramic Fuel Switching Project,"Milton A. Salzedas Panorama - ""ME”",Energy industries (renewable/non-renewable sources),,AMS-I.E.,Late to verify,Brazil,"10,411",Latin America,2020-04-06,,
1319,Small-Scale Hydropower Project Sahanivotry In Madagascar.,Hydelec Madagascar,Energy industries (renewable/non-renewable sources),,ACM0002,Registered,Madagascar,"46,490",Africa,2020-04-06,2018-10-01,2028-09-30
1505,Bujagali Hydropower Project - CER Conversion,Credits transferred from approved GHG program,Energy industries (renewable/non-renewable sources),,ACM0002,Units Transferred from Approved GHG Program,Uganda,"858,173",Africa,,,
1504,Xinjiang Alashankou Phase II Wind Power Project - CER Conversion,Credits transferred from approved GHG program,Energy industries (renewable/non-renewable sources),,ACM0002,Units Transferred from Approved GHG Program,China,"97,241",Asia,,,
1502,"Reduction of GHG emissions in Propylene Oxide production at MTP HPPO Manufacturing Co., Ltd",MTP HPPO Manufacturing Co.,Energy industries (renewable/non-renewable sources),,VM0023,Late to verify,Thailand,"239,356",Asia,2015-09-29,,
1334,Yunnan Tengzhong New Energy Technology Co. Ltd. Biomass Heating System Retrofitting and Biomass Collection Station Project,Yunnan Tengzhong New Energy Technology Co. Ltd.,Energy industries (renewable/non-renewable sources),,AMS-I.C.,Late to verify,China,"1,678",Asia,2020-04-06,2019-07-01,2026-06-30
393,Qingdao Huawei Windpower (QHW) Project,Qingdao Huawei Wind Power Co. Ltd,Energy industries (renewable/non-renewable sources),,ACM0002,Late to verify,China,"20,000",Asia,2010-04-12,2019-01-01,2028-12-31
1056,CECIC Zhangbei Gaojialiang Wind farm Project.,"CECIC Wind Power (Zhangbei) Yunwei Co., Ltd",Energy industries (renewable/non-renewable sources),,ACM0002,Late to verify,China,"89,366",Asia,2020-04-06,,
1499,Toros Hydroelectric Power Plant,Aydem Yenilenebilir Enerji A.Ş.,Energy industries (renewable/non-renewable sources),,ACM0002,Registered,Turkey,"96,275",Middle East,2015-11-09,2023-05-17,2033-05-16
1500,Reis Enerji Grouped HEPP Project,Reis Rs Enerji Elektrik Üretim Sanayi ve Ticaret A.Ş.,Energy industries (renewable/non-renewable sources),,ACM0002,Registered,Turkey,"16,518",Middle East,2015-12-28,2016-04-29,2026-04-28
1497,VCS Grouped Project for Renewable Power Generation by Essel Mining and Industries Limited,Multiple Proponents,Energy industries (renewable/non-renewable sources),,ACM0002; AMS-I.D.; AMS-I.F.,Registered,India,"247,123",Asia,2020-04-06,,
1495,Selco Clean Energy Products Grouped Project,Selco Solar Pvt. Ltd.,Energy industries (renewable/non-renewable sources),,AMS-I.J; AMS-I.F.; AMS-III.AR,Registered,India,"34,551",Asia,2015-12-07,,
726,"Lamas III-IV 37.3 MW Hydroelectric Power Plant Project, Turkey",TGT Enerji Üretim ve Tic. A.Ş.,Energy industries (renewable/non-renewable sources),,ACM0002,Registered,Turkey,"69,372",Middle East,2020-04-06,2019-06-05,2029-06-04
1297,Eren 37 MW Hydroelectric Power Plant,IRMAK Enerji. Üretim San. ve Tic. Ltd. Sti.,Energy industries (renewable/non-renewable sources),,ACM0002,Registered,Turkey,"73,787",Middle East,2020-04-06,,
1494,Tsiazompaniry Hydropower Project in Madagascar,HENRI FRAISE FILS & Cie,Energy industries (renewable/non-renewable sources),,AMS-I.D.,Under development,Madagascar,"8,309",Africa,,,
1492,Astidey - Talas del Maciel I,Astidey S.A,Energy industries (renewable/non-renewable sources),,ACM0002,Under validation,Uruguay,"121,330",Latin America,,,
1491,São Domingos II Hydroelectric Project,Multiple Proponents,Energy industries (renewable/non-renewable sources),,ACM0002,Under development,Brazil,"41,428",Latin America,,,
1294,"Electric Power Generation from Renewable Sources - Barra da Paciência, Ninho da Águia, Corrente Grande, Paiol, São Gonçalo and Várzea Alegre Small Hydropower Plants",CPFL Energias Renováveis S.A.,Energy industries (renewable/non-renewable sources),,ACM0002,Late to verify,Brazil,"79,670",Latin America,2020-04-06,,
438,"Grouped Hydropower Plants in Chongqing, Yunnan,Sichuan and Guizhou Provinces, P.R. China",Multiple Proponents,Energy industries (renewable/non-renewable sources),,AMS-I.D.,Registered,China,"369,699",Asia,2012-12-19,2016-04-01,2026-03-31
33,Kitambar Switching Fuel Project,Multiple Proponents,Energy industries (renewable/non-renewable sources),,AMS-I.E.,Registered,Brazil,"35,588",Latin America,2020-04-06,2017-01-01,2026-12-31
1489,CECIC Urumqi Tuoli Phase I Wind Farm Project - CER Conversion,Credits transferred from approved GHG program,Energy industries (renewable/non-renewable sources),,ACM0002,Units Transferred from Approved GHG Program,China,"116,644",Asia,,,
1490,Nanjing Jinling Grid Connected Natural Gas Combined Cycle Power Plant Project,"Huaneng Nanjing Jinling Power Generation Co., Ltd",Energy industries (renewable/non-renewable sources),,AM0029,Late to verify,China,"1,044,328",Asia,2015-09-16,,
1126,Jilin Liaoyuan 50MW Level Biomass Cogeneration Project,"National Bio Energy Co., Ltd",Energy industries (renewable/non-renewable sources),,ACM0006,Late to verify,China,"190,139",Asia,2020-04-06,,
1486,10.9 MW Bundled Solar Power Project,Infinite Solutions,Energy industries (renewable/non-renewable sources),,AMS-I.D.,Late to verify,India,"17,567",Asia,2020-04-06,,
1206,Montanitas Hydroelectric Project,Celsia Colombia S.A. E.S.P.,Energy industries (renewable/non-renewable sources),,ACM0002,Registered,Colombia,"55,851",,2020-04-06,2022-06-16,2032-06-15
1426,Parbati Hydroelectric Project (Stage-II),NHPC Ltd,Energy industries (renewable/non-renewable sources),,ACM0002,Late to verify,India,"2,977,872",Asia,2016-03-17,2019-03-01,2029-02-28
1423,"Teesta Low Dam Project, Stage-IV",NHPC Ltd,Energy industries (renewable/non-renewable sources),,ACM0002,Registered,India,"696,816",Asia,2016-03-17,,
1425,Parbati Hydroelectric Project Stage III,NHPC Ltd,Energy industries (renewable/non-renewable sources),,ACM0002,Registered,India,"708,572",Asia,2016-03-17,,
1424,Uri II Hydroelectric Project,NHPC Ltd,Energy industries (renewable/non-renewable sources),,ACM0002,Registered,India,"1,048,427",Asia,2016-03-17,,
1387,"Biomass Based Co generation Project in Paper Mill at Village Rupana, Punjab, India",Satia Industries Limited,Energy industries (renewable/non-renewable sources),,ACM0006,Late to verify,India,"86,282",,2020-04-06,,
1050,Cermikler 25.00 MW Hydroelectric Power Plant Project,Cermikler Elektrik Uretim A. S.,Energy industries (renewable/non-renewable sources),,ACM0002,Registered,Turkey,"37,906",Middle East,2015-08-14,,
1091,SENA HYDROELECTRIC POWER PLANT,Aşiyan Enerji Üretim İnşaat Sanayi ve Ticaret A.Ş.,Energy industries (renewable/non-renewable sources),,ACM0002,Registered,Turkey,"27,584",Asia,2013-02-07,,
1485,Chorokhi Hydro Power Plant Project,Achar Energy 2007 Ltd. Co.,Energy industries (renewable/non-renewable sources),,ACM0002,Registered,Georgia,"423,245",Asia,2020-04-06,2017-02-23,2027-02-22
1479,Wind Power Project of CLP Wind Farms (India) Private Limited at Jath,Apraava Renewable Energy Private Limited,Energy industries (renewable/non-renewable sources),,ACM0002,Crediting Period Renewal Requested,India,"97,400",Asia,2020-04-06,,
1480,"Wind power project in Maharashtra, India - Andhra Lake Phase - I",Apraava Renewable Energy Private Limited,Energy industries (renewable/non-renewable sources),,ACM0002,Registered,India,"82,885",Asia,2020-04-06,2021-08-19,2031-08-18
1481,"Wind power project in Maharashtra, India - Andhra Lake Phase - II",Apraava Renewable Energy Private Limited,Energy industries (renewable/non-renewable sources),,ACM0002,Registered,India,"113,226",Asia,2020-04-06,2021-08-19,2031-08-18
1482,"Wind Energy Project in Harapanahalli, Karnataka",Apraava Renewable Energy Private Limited,Energy industries (renewable/non-renewable sources),,ACM0002,Verification approval requested,India,"75,597",Asia,2015-09-07,2021-01-21,2031-01-20
1483,La Ferme - Bambous solar photovoltaic power plant,Sarako Pvp Co Ltd,Energy industries (renewable/non-renewable sources),,ACM0002,Registered,Mauritius,"22,226",Africa,2020-04-06,,
1484,"Grouped Hydro Power Project near Shanag Village in District Kullu of Himachal Pradesh, India",Kalima Hydro Power Private Limited,Energy industries (renewable/non-renewable sources),,AMS-I.D.,Under validation,India,"37,195",Asia,,,
1321,Alto Maipo Hydroelectric Project,Alto Maipo SpA,Energy industries (renewable/non-renewable sources),,ACM0002,Verification approval requested,Chile,"1,688,164",Latin America,2015-11-02,2022-03-26,2032-03-25
573,Corinth Abandoned Mine Methane Recovery Project,"Keyrock Energy, LLC",Energy industries (renewable/non-renewable sources),,VMR0002,Late to verify,United States,"122,285",North America,2011-03-04,,
1383,University of Wisconsin - Stevens Point Campus Wide Clean Energy & Energy Efficiency Project,University of Wisconsin,Energy industries (renewable/non-renewable sources),,VM0025,Late to verify,United States,"1,238",North America,2015-08-05,,
1413,Grid Interactive Solar Photovoltaic Power Project in Gujarat,Samta Energy Private Limited,Energy industries (renewable/non-renewable sources),,ACM0002,Registered,India,"41,034",Asia,2015-08-03,,
748,MRO Grouped Wind Projects Phase I,Multiple Proponents,Energy industries (renewable/non-renewable sources),,AMS-I.D.,Late to verify,United States,"10,104",North America,2020-04-06,,
29,Gansu Zhouqu Shimenping 15 MW Hydropower Station Project,Gansu Diantou Darong Shimenping Power Generation,Energy industries (renewable/non-renewable sources),,ACM0002; AMS-I.D.,Late to verify,China,"66,659",Asia,2020-04-06,2020-05-01,2027-04-30
1062,FOUM EL OUED WIND FARM PROJECT,Energie Eolienne du Maroc,Energy industries (renewable/non-renewable sources),,ACM0002,Withdrawn,Morocco,"141,991",Africa,,,
1478,"Wind Energy Project in Dewas, Madhya Pradesh (India)",Multiple Proponents,Energy industries (renewable/non-renewable sources),,AMS-I.D.,Late to verify,India,"23,338",Asia,2020-04-06,,
1363,Doosan Heavy Industrys photovoltaic power plant VCS project,Multiple Proponents,Energy industries (renewable/non-renewable sources),,AMS-I.D.,Late to verify,South Korea,"3,041",Asia,2014-11-20,,
1261,Grid connected electricity generation using natural gas by Lanco Kondapalli Power Limited,Lanco Kondapalli Power Limited,Energy industries (renewable/non-renewable sources),,AM0029,Registered,India,"830,133",Asia,2020-04-06,,
1476,Guodian Xinjiang Alashankou Phase II Wind Power Project - CER Conversion,Credits transferred from approved GHG program,Energy industries (renewable/non-renewable sources),,ACM0002,Units Transferred from Approved GHG Program,China,"103,551",Asia,,,
1417,"Aura Solar I Solar Project in Baja California Sur, Mexico",Servicios Comerciales de Energia S.A. de C.V.,Energy industries (renewable/non-renewable sources),,ACM0002,Late to verify,Mexico,"36,676",North America,2015-07-28,,
1473,Hydroelectric Project MULATOS II,Energía del Suroeste S.A E.S.P,Energy industries (renewable/non-renewable sources),,ACM0002,Registered,Colombia,"18,529",Latin America,2015-10-02,2019-08-26,2029-08-25
1471,Jamb Wind Power Project in Maharashtra,Re_New Wind Energy Delhi Private Limited,Energy industries (renewable/non-renewable sources),,ACM0002,Late to verify,India,"46,974",Asia,2018-05-31,,
1472,"Wind Power Project at Chikodi, Karnataka",ReNew Wind Energy (AP) Private Limited,Energy industries (renewable/non-renewable sources),,ACM0002,Late to verify,India,"33,255",Asia,2018-05-31,2020-06-29,2027-06-28
1469,"Bhud Wind Power Project, Maharashtra",ReNew Wind Energy (Rajasthan) Private Limited,Energy industries (renewable/non-renewable sources),,ACM0002,Late to verify,India,"59,096",Asia,2018-06-29,,
1470,Welturi I Wind Power Project in Maharashtra,ReNew Wind Energy (Varekarwadi) Private Limited,Energy industries (renewable/non-renewable sources),,ACM0002,Late to verify,India,"72,644",Asia,2018-06-29,,
1111,PER 1 AND PER 2 WIND POWER PLANTS (UMBRELLA PROJECT),GENNEIA S.A.,Energy industries (renewable/non-renewable sources),,ACM0002,Late to verify,Argentina,"189,429",Latin America,2020-04-06,,
589,Cai Be Rice Husk Thermal Energy Generation Project,Wilmar International Limited,Energy industries (renewable/non-renewable sources),,AMS-I.C.; AMS-III.E.,Late to verify,Viet Nam,"22,321",Asia,2020-04-06,,
1467,Wind Energy Project in Maharashtra by M/s Shah Promoters & Developers,Shah Promoters and Developers,Energy industries (renewable/non-renewable sources),,AMS-I.D.,Late to verify,India,"11,416",Asia,2015-07-22,,
908,Rice Husk Based Thermal Energy Generation Project at Thot Not,Wilmar International Limited,Energy industries (renewable/non-renewable sources),,AMS-I.C.; AMS-III.E.,Late to verify,Viet Nam,"44,232",Asia,2012-10-29,,
288,Red Hills Wind Project,Multiple Proponents,Energy industries (renewable/non-renewable sources),,ACM0002,Late to verify,United States,"293,839",North America,2010-01-15,,
903,Hebei Guyuan County Dongxinying 199.5 MW Wind Power Project,"Hebei Construction Investment New Energy Co., Ltd.",Energy industries (renewable/non-renewable sources),,ACM0002,Registered,China,"335,460",Asia,2020-04-06,,
1465,Bundled Wind Power Project in Rajasthan by Orange Renewable Power Private Limited,Orange Renewable Power Private Limited,Energy industries (renewable/non-renewable sources),,ACM0002,Registered,India,"102,870",Asia,2020-04-06,,
456,Barro Forte Ceramic Switching Fuel Project,Multiple Proponents,Energy industries (renewable/non-renewable sources),,AMS-I.E.,Registered,Brazil,"16,589",Latin America,2020-04-06,2018-01-01,2027-12-31
1464,Alkumru Hydroelectric Power Plant,Limak Hidroelektrik Santral Yatırımları Anonim Sirketi,Energy industries (renewable/non-renewable sources),,ACM0002,Registered,Turkey,"475,143",Middle East,2020-04-06,2021-03-10,2031-03-09
404,Bundled Wind Power project in Tamil Nadu managed by Enercon India Limited  II,Wind World (India) Ltd.,Energy industries (renewable/non-renewable sources),,ACM0002,Late to verify,India,"50,680",Asia,2020-04-06,2016-04-01,2026-03-31
281,Bundled Wind Power Project in Tamil Nadu managed by Enercon India Limited-I,Enercon (India) Limited,Energy industries (renewable/non-renewable sources),,ACM0002,Late to verify,India,"29,342",Asia,2020-04-06,,
1193,Murat Hydroelectric Power Plant,Elestaş Elektrik Üretim Anonim Şirketi,Energy industries (renewable/non-renewable sources),,AMS-I.D.,Registered,Turkey,"14,141",Middle East,2020-04-06,,
1380,Akinci Hydroelectric Power Plant,Aydem Yenilenebilir Enerji A.Ş.,Energy industries (renewable/non-renewable sources),,ACM0002,Registered,Turkey,"225,831",Middle East,2015-06-30,2018-10-24,2028-10-23
1394,Yagmur Hydroelectric Power Plant,EY-TUR ENERJI ELEKTRIK URETIM VE TIC. LTD. STI.,Energy industries (renewable/non-renewable sources),,ACM0002,Late to verify,Turkey,"47,298",Middle East,2015-06-30,2017-04-01,2027-03-31
1299,"Fuel switch from NG to biomass in Godrej Industries Limited, Valia",Godrej Industries Limited,Energy industries (renewable/non-renewable sources),,AMS-I.C.,Late to verify,India,"13,888",Asia,2015-06-29,,
780,Dempsey Ridge Wind Project,"Dempsey Ridge Wind Farm, LLC",Energy industries (renewable/non-renewable sources),,ACM0002,Registered,United States,"312,658",North America,2012-01-10,,
1081,"Clean Energy Generation in Gujarat, India",Wind World Wind Resources Development Private Limited,Energy industries (renewable/non-renewable sources),,AMS-I.D.,Registered,India,"23,436",Asia,2020-04-06,,
1461,Grouped Connect Solar PV Power Generation Project in China,"China Three Gorges Renewables (Group) Co., Ltd.",Energy industries (renewable/non-renewable sources),,ACM0002,Registered,China,"302,628",Asia,2020-04-06,,
756,Crow Lake Wind Emissions Reduction Project,Multiple Proponents,Construction; Energy industries (renewable/non-renewable sources),,ACM0002,Registered,United States,"432,128",North America,2020-04-06,,
1460,Artvin Hydroelectric Power Plant,DOGUS ENERJI URETIM VE TICARET A.S.,Energy industries (renewable/non-renewable sources),,ACM0002,Rejected by Administrator,Turkey,"520,370",,,,
98,Pamir I Hydropower Generation,Pamir Energy Company,Energy industries (renewable/non-renewable sources),,AMS-I.D.,Registered,Tajikistan,"50,667",Asia,2009-07-15,,
1459,"Gokgedik 24.882 MWm / 24.266 MWe Runoff river HEPP, Turkey",Uhud Enerji Uretim Tic. ve San. A.S.,Energy industries (renewable/non-renewable sources),,ACM0002,Verification approval requested,Turkey,"58,072",Middle East,2021-09-07,,
1185,Suman Sarwari Hydro Electric Project.,M/S Usaka Hydro Powers Pvt Ltd,Energy industries (renewable/non-renewable sources),,AMS-I.D.,Verification approval requested,India,"18,800",Asia,2014-07-19,,
1458,Pico Hydro-Electricity Dissemination programme for Rural Electrification,Tany Meva Fundation,Energy industries (renewable/non-renewable sources),,AMS-I.L.,Late to verify,Madagascar,"1,070",Africa,2015-12-22,2016-06-01,2026-05-31
685,"Cakit Hydropower Plant, Turkey",Cakit Enerji A.S.,Energy industries (renewable/non-renewable sources),,ACM0002,Registered,Turkey,"50,903",Middle East,2015-09-06,,
1457,Bolu Waste Heat Recovery,Bolu Çimento Sanayii A.Ş.,Energy industries (renewable/non-renewable sources); Manufacturing industries,,ACM0012,Late to verify,Turkey,"20,896",Middle East,2020-04-06,,
1456,Koroglu Hydroelectric Power Plant,ETKEN Elektrik Uretim Ltd.Şti.,Energy industries (renewable/non-renewable sources),,AMS-I.D.,Registered,Turkey,"13,846",Middle East,2020-04-06,,
500,"Positive Climate Care 3.55 MW bundled Grid connected Wind Power Project Activity in Jaisalmer, Rajasthan, India",Multiple Proponents,Energy industries (renewable/non-renewable sources),,AMS-I.D.,Registered,India,"3,120",Asia,2010-10-08,,
354,Assunção Ceramic Fuel Switching Project,Multiple Proponents,Energy industries (renewable/non-renewable sources),,AMS-I.E.,Registered,Brazil,"14,053",Latin America,2020-04-06,2017-06-01,2027-05-31
1452,1 MW biomass gasifier based power generation project by Chanderpur Renewal Power Co. Pvt. Ltd.,Chanderpur Renewal Power CO. Pvt. Ltd.,Energy industries (renewable/non-renewable sources),,AMS-I.D.,Late to verify,India,"6,463",Asia,2015-09-09,2021-05-26,2028-05-25
1453,Gansu Ganzhou District Nantan Phase I 50MWp Solar Photovoltaic Power Project,"Gansu Heihe Hydropower New Energy Development Co., Ltd.",Energy industries (renewable/non-renewable sources),,ACM0002,Registered,China,"67,453",Asia,2015-06-10,,
1449,Cuyamel Hydroelectric Project - CER Conversion,Credits transferred from approved GHG program,Energy industries (renewable/non-renewable sources),,AMS-I.D.,Units Transferred from Approved GHG Program,Honduras,"25,725",Latin America,,,
1450,Koblitz Biomass Power Plant - CER Conversion,Credits transferred from approved GHG program,Agriculture Forestry and Other Land Use; Energy industries (renewable/non-renewable sources); Waste handling and disposal,,AMS-III.E.,Units Transferred from Approved GHG Program,Brazil,"24,279",Latin America,,,
1451,Yeong Yang 61.5MW Wind Farm Project - CER Conversion,Credits transferred from approved GHG program,Energy industries (renewable/non-renewable sources),,ACM0002,Units Transferred from Approved GHG Program,South Korea,"112,812",Asia,,,
1374,Boston University: Campus-Wide Clean Energy & Energy Efficiency Project,Boston University,Energy industries (renewable/non-renewable sources),,VM0025,Late to verify,United States,"3,471",North America,2015-05-13,,
1354,Ball State University Campus-Wide Clean Energy and Efficiency Project,BALL STATE UNIVERSITY,Energy demand; Energy industries (renewable/non-renewable sources),,VM0025,Verification approval requested,United States,"21,115",North America,2020-04-06,2021-07-01,2031-06-30
1375,Portland State University Campus Clean Energy & Energy Efficiency Project,Portland State University,Energy industries (renewable/non-renewable sources),,VM0025,Late to verify,United States,727,North America,2015-05-20,,
63,"Argibem, São Sebastião and Vulcão Ceramics Fuel Switching Project",Multiple Proponents,Energy industries (renewable/non-renewable sources),,AMS-I.C.,Registered,Brazil,"20,814",Latin America,2012-06-18,,
1448,Putian Shicheng Wind Farm Project,"Fujian Energy Wind Power Co., Ltd.",Energy industries (renewable/non-renewable sources),,ACM0002,Late to verify,China,"104,794",Asia,2020-04-06,,
468,Capricorn Ridge 4 Wind Farm,NextEra Energy Resources,Energy industries (renewable/non-renewable sources),,ACM0002,Registered,United States,"212,735",North America,2020-04-06,2020-01-01,2029-12-31
1418,Renewable Energy Project by LNB Group,LNB Renewable Energy Private Limited,Energy industries (renewable/non-renewable sources),,ACM0002,Registered,India,"29,669",Asia,2020-04-06,2023-03-31,2033-03-30
332,Dori Alimentos Ltda - Biomass Based Project - Brazil,Dori Alimentos LTDA,Energy industries (renewable/non-renewable sources),,AMS-I.C.,Registered,Brazil,"11,377",Latin America,2020-04-06,2016-04-01,2026-03-31
1237,YUCE Hydroelectric Power Plant,Menerji Elektrik Uretim Dag. Paz. San. Ve Tic. San,Energy industries (renewable/non-renewable sources),,ACM0002,Registration requested,Turkey,"16,759",Middle East,,,
1447,199.70 MW Wind Project in Maharashtra by BWDPL,Bothe Windfarm Development Pvt. Ltd.,Energy industries (renewable/non-renewable sources),,ACM0002,Registered,India,"138,354",Asia,2020-04-06,,
1445,Putian Shijing Wind Farm Project,"Fujian Energy Wind Power Co., Ltd.",Energy industries (renewable/non-renewable sources),,ACM0002,Late to verify,China,"96,496",Asia,2020-04-06,,
1376,Spelman College Campus Wide Clean Energy & Energy Efficiency Project,Spelman College,Energy industries (renewable/non-renewable sources),,VM0025,Late to verify,United States,"3,462",North America,2015-05-13,,
1444,"Three Gorges New Energy Jiuquan Co., Ltd Guazhou 100MW Solar Power Project","Three Gorges New Energy Jiuquan Co., Ltd",Energy industries (renewable/non-renewable sources),,ACM0002,Registered,China,"126,206",Asia,2015-06-04,,
1402,Diyoban 19.04 MW Hydroelectric Power Plant Project,Ati Energy and Electric Power Generation Company (Ati Enerji ve Elektrik Üretim A.Ş.),Energy industries (renewable/non-renewable sources),,ACM0002,Registered,Turkey,"18,925",Middle East,2015-05-14,,
1415,Rochester Institute of Technology Campus Wide Clean Energy and Energy Efficiency Project,Rochester Institute of Technology,Energy industries (renewable/non-renewable sources),,VM0025,Late to verify,United States,"2,500",North America,2015-05-08,,
1441,"Bundled clean energy project in jamnagar, Gujarat",Vish Wind Infrastructure LLP,Energy industries (renewable/non-renewable sources),,AMS-I.D.,Registered,India,"25,641",Asia,2020-04-06,,
1442,"Grid connected clean energy project in Jamnagar, Gujarat",Vish Wind Infrastructure LLP,Energy industries (renewable/non-renewable sources),,AMS-I.D.,Late to verify,India,"12,371",Asia,2015-06-26,,
1258,Saint Nikola Wind Farm,AES Geo Energy OOD,Energy industries (renewable/non-renewable sources),,ACM0002,Registered,Bulgaria,"256,108",Europe,2020-04-06,,
138,Greater New Bedford LFG Utilization Project,Commonwealth New Bedford Energy LLC,Energy industries (renewable/non-renewable sources),,ACM0001,Registered,United States,"80,398",North America,2020-04-06,2016-03-29,2026-03-28
784,1.6 MW Bundled Rice Husk Based Cogeneration Plant by M/s Milk food Limited (MFL) in Patiala (Punjab) & Moradabad (U.P) Districts,Multiple Proponents,Energy industries (renewable/non-renewable sources),,AMS-I.C.; AMS-I.D.,Registered,India,"65,258",Asia,2020-04-06,,
1373,Valencia College Campus-wide Clean Energy and Energy Efficiency Project,Valencia College,Energy industries (renewable/non-renewable sources),,VM0025,Late to verify,United States,"6,172",North America,2015-04-29,,
820,RFC Grouped Wind Projects Phase I,Multiple Proponents,Energy industries (renewable/non-renewable sources),,AMS-I.D.,Late to verify,United States,"3,064",North America,2020-04-06,,
819,Mariposas Hydroelectric Project,Hidroeléctrica Río Lircay S.A.,Energy industries (renewable/non-renewable sources),,AM0026,Registered,Chile,"18,219",Latin America,2020-04-06,2021-01-01,2030-12-31
541,Chile: Quilleco Hydroelectric Project,Colbun S.A.,Energy industries (renewable/non-renewable sources),,AM0026,Late to verify,Chile,"172,176",Latin America,2020-04-06,2021-04-23,2028-04-22
1259,"Chacayes Hydroelectric Project, Chile",Pacific Hydro Chacayes S.A.,Energy industries (renewable/non-renewable sources),,ACM0002,Late to verify,Chile,"357,011",Latin America,2020-04-06,,
1227,Lebu III Wind Farm Project,NSL Eólica Limitada,Energy industries (renewable/non-renewable sources),,ACM0002,Late to verify,Chile,"303,299",Latin America,2020-04-06,,
1083,Lican Hydroelectric Plant,Lican SpA,Energy industries (renewable/non-renewable sources),,AM0026,Registered,Chile,"56,427",Latin America,2020-04-06,,
973,Totoral Wind Farm Project,Multiple Proponents,Energy industries (renewable/non-renewable sources),,ACM0002,Registered,Chile,"56,740",Latin America,2020-04-06,,
1028,San Clemente Hydroelectric Power Plant,Colbun S.A.,Energy industries (renewable/non-renewable sources),,AMS-I.D.,Late to verify,Chile,"16,560",Latin America,2020-04-06,,
1379,Grand Valley State University - Campus Wide Clean Energy & Energy Efficiency Project,Grand Valley State University,Energy industries (renewable/non-renewable sources),,VM0025,Late to verify,United States,"1,487",North America,2015-04-22,,
1437,"Alaçati Wind Power Project, Turkey",Egenda Ege Enerji Uretim A.S,Energy industries (renewable/non-renewable sources),,ACM0002,Registered,Turkey,"29,062",Middle East,2020-04-06,2016-06-03,2026-06-02
1438,"Germiyan Wind Power Project, Turkey",Egenda Ege Enerji Uretim A.S,Energy industries (renewable/non-renewable sources),,ACM0002,Registered,Turkey,"21,039",Middle East,2020-04-06,2016-05-06,2026-05-05
1439,"Urla Wind Power Project, Turkey",Egenda Ege Enerji Uretim A.S,Energy industries (renewable/non-renewable sources),,ACM0002,Registered,Turkey,"26,680",Middle East,2020-04-06,2016-05-27,2026-05-26
1331,Torlar 14.834 MWe Hydroelectric power plant,KAM Enerji Uretim Sanayi ve Ticaret,Energy industries (renewable/non-renewable sources),,ACM0002,Registered,Turkey,"18,574",Middle East,2014-06-19,,
1436,SOU/UIC LEED Buildings Clean Energy Efficiency Group Project,Multiple Proponents,Energy industries (renewable/non-renewable sources),,VM0025,Late to verify,United States,"1,004",North America,2020-04-06,,
1407,University of Illinois Urbana-Champaign Campus Wide Clean Energy & Energy Efficiency,University of Illinois Champaign-Urbana,Energy industries (renewable/non-renewable sources),,VM0025,Verification approval requested,United States,"33,811",North America,2020-04-06,,
1427,Adiguzel II Hydroelectric Power Plant,Peker Enerji A.S.,Energy industries (renewable/non-renewable sources),,ACM0002,Registered,Turkey,"44,741",Middle East,2015-04-15,,
1435,Yunnan Leiyingshan Wind Power Project - CER Conversion,Credits transferred from approved GHG program,Energy industries (renewable/non-renewable sources),,ACM0002,Units Transferred from Approved GHG Program,China,"88,679",Asia,,,
1420,Chamelecón 280 Hydroelectric project,Generacion de Energia Renovable S.A.(GERSA),Energy industries (renewable/non-renewable sources),,AMS-I.D.,Late to verify,Honduras,"32,208",Latin America,2020-04-06,,
54,Cenol and Telha Forte Ceramics Switching Fuel Project,Multiple Proponents,Energy industries (renewable/non-renewable sources),,AMS-I.E.,Verification approval requested,Brazil,"31,878",Latin America,2020-04-06,2017-11-01,2027-10-31
586,GE Teobaldo Ceramic Fuel Switching Project,Multiple Proponents,Energy industries (renewable/non-renewable sources),,AMS-I.E.,Registered,Brazil,"5,503",Latin America,2020-04-06,,
1,7.25 MW wind energy project of Aruppukottai Sri Jayavilas Ltd,Aruppukottai Sri Jayavilas Limited,Energy industries (renewable/non-renewable sources),,AMS-I.D.,Late to verify,India,"13,331",Asia,2009-03-17,,
1432,"Biomass Briquette Usage in Steam Boiler at GIDC, Jhagadia Project",Birla Century,Energy industries (renewable/non-renewable sources),,AMS-I.C.,Verification approval requested,India,"34,013",Asia,,,
1433,"LinCang Yun County, XinTangFang Hydropower Station Project","LinCang Yun Tou Yue Dian Hydropower Development Co.,Ltd",Energy industries (renewable/non-renewable sources),,ACM0002,Late to verify,China,"35,166",Asia,2014-12-20,,
1431,"Biomass Based Co-generation project by DRRK Foods, India",DRRK Foods Private Limited,Energy industries (renewable/non-renewable sources),,AMS-I.C.,Under validation,India,"44,824",Asia,,,
1346,49.5 MW Wind Power Project by FFCEL in Pakistan,FFC Energy Limited,Energy industries (renewable/non-renewable sources),,ACM0002,Registered,Pakistan,"91,085",,2020-04-06,,
1404,"Vaspet-II and Vaspet-III Wind Power Project, Maharashtra",ReNew Wind Energy (Shivpur) Private Limited,Energy industries (renewable/non-renewable sources),,ACM0002,Registered,India,"85,105",Asia,2020-04-06,2023-04-03,2033-04-02
1430,"Renewable Solar Project, India",Kanaka Management Services Pvt. Ltd,Energy industries (renewable/non-renewable sources),,ACM0002,Under development,India,"62,763",Asia,,,
1257,Wind Power Project of CLP Wind Farms (India) Private Limited,Apraava Renewable Energy Private Limited,Energy industries (renewable/non-renewable sources),,ACM0002,Verification approval requested,India,"365,404",,2020-04-06,2022-03-22,2032-03-21
317,"Intrinergy Wiggins Fuel Switch from Natural Gas to Biomass for Thermal Energy at the Coastal Paper facility in Wiggins, Mississippi",Recast Energy LLC,Energy industries (renewable/non-renewable sources),,AMS-I.C.,Late to verify,United States,"17,196",North America,2010-01-26,,
2166,Chongqing Youyang County Youchou Hydropower Station Project,Multiple Proponents,Energy industries (renewable/non-renewable sources),,ACM0002,Withdrawn,China,"334,000",,,,
2162,"2 x 3.5 MW Ullunkal Hydro Power Project in Kerala, India",Multiple Proponents,Energy industries (renewable/non-renewable sources),,AMS-I.D.,Withdrawn,India,"16,125",,,,
2157,BAESA Project `,MER,Energy industries (renewable/non-renewable sources),,ACM0002,Withdrawn,Brazil,"318,793",,2012-03-06,,
2136,cancelled duplicate of VCSR218,MER,Energy industries (renewable/non-renewable sources),,ACM0002,Withdrawn,China,"115,912",,2013-09-25,,
